propertyType,price,area,province,district,municipality,wardNo,bhk,furnished,parking,roadAccess,roomType,wifi,floorNumber,meetingRoom,popularityScore
home,45642761,2.05,Koshi,Jhapa,Birtamode Municipality,26,2,Fully,No,30,,,,,64.25
land,49623918,5.13,Bagmati,Kathmandu,Kathmandu Metropolitan City,12,,,,20,,,,,83.15
office,61144,9.52,Bagmati,Chitwan,Bharatpur Metropolitan City,28,,Semi,No,10,,,6,Yes,64.81
office,118557,1.52,Sudurpashchim,Kailali,Dhangadhi Sub-Metropolitan City,24,,Semi,No,30,,,5,Yes,71.18
home,24757508,9.46,Bagmati,Chitwan,Bharatpur Metropolitan City,11,3,No,No,20,,,,,78.7
room,45336,5.8,Bagmati,Lalitpur,Lalitpur Metropolitan City,27,,Fully,Yes,13,Double,Yes,,,74.01
room,30533,9.95,Gandaki,Kaski,Pokhara Metropolitan City,20,,Semi,No,25,Double,Yes,,,73.29
office,54243,5.39,Koshi,Jhapa,Birtamode Municipality,16,,Fully,Yes,13,,,2,Yes,92.43
room,44750,4.98,Bagmati,Kathmandu,Kathmandu Metropolitan City,19,,Fully,No,25,Double,Yes,,,85.62
office,149490,2.93,Bagmati,Kathmandu,Kathmandu Metropolitan City,3,,Semi,No,25,,,3,Yes,75.26
office,120894,3.07,Lumbini,Rupandehi,Butwal Sub-Metropolitan City,11,,Semi,Yes,20,,,1,No,61.18
office,122136,5.97,Koshi,Jhapa,Birtamode Municipality,19,,No,Yes,20,,,2,Yes,86.58
room,30971,9.81,Lumbini,Rupandehi,Butwal Sub-Metropolitan City,25,,Fully,Yes,20,Shared,No,,,67.95
office,32427,8.86,Bagmati,Kathmandu,Kathmandu Metropolitan City,1,,Fully,Yes,13,,,4,Yes,90.06
home,6560999,1.53,Lumbini,Rupandehi,Butwal Sub-Metropolitan City,19,5,No,Yes,13,,,,,67.75
room,19956,6.64,Gandaki,Kaski,Pokhara Metropolitan City,30,,No,No,10,Double,No,,,73.98
office,139272,5.58,Sudurpashchim,Kailali,Dhangadhi Sub-Metropolitan City,24,,No,No,16,,,8,Yes,80.37
room,13788,7.48,Koshi,Jhapa,Birtamode Municipality,24,,Fully,Yes,25,Double,Yes,,,73.79
room,34142,4.39,Bagmati,Bhaktapur,Bhaktapur Municipality,28,,Semi,Yes,25,Shared,No,,,74.72
office,87147,2.56,Bagmati,Chitwan,Bharatpur Metropolitan City,3,,No,No,16,,,1,Yes,69.95
room,45981,6.0,Bagmati,Bhaktapur,Bhaktapur Municipality,2,,No,Yes,25,Double,Yes,,,72.81
land,26992593,4.03,Bagmati,Bhaktapur,Bhaktapur Municipality,12,,,,25,,,,,69.45
office,35389,2.81,Bagmati,Bhaktapur,Bhaktapur Municipality,30,,Fully,Yes,13,,,6,No,81.82
land,42741811,2.35,Bagmati,Lalitpur,Lalitpur Metropolitan City,2,,,,13,,,,,51.64
land,6634362,2.57,Koshi,Morang,Biratnagar Metropolitan City,26,,,,30,,,,,85.05
room,39223,6.88,Bagmati,Bhaktapur,Bhaktapur Municipality,30,,Semi,No,10,Shared,No,,,63.63
land,39839028,8.29,Sudurpashchim,Kailali,Dhangadhi Sub-Metropolitan City,21,,,,30,,,,,95.99
room,16088,3.93,Gandaki,Kaski,Pokhara Metropolitan City,13,,Fully,No,13,Single,No,,,83.71
office,59638,4.54,Gandaki,Kaski,Pokhara Metropolitan City,21,,No,Yes,25,,,6,Yes,100.0
home,24164174,5.01,Koshi,Jhapa,Birtamode Municipality,24,2,Semi,No,25,,,,,79.87
room,12215,4.2,Bagmati,Lalitpur,Lalitpur Metropolitan City,23,,Fully,No,10,Double,Yes,,,88.14
land,41085358,8.41,Koshi,Morang,Biratnagar Metropolitan City,20,,,,30,,,,,83.14
office,148765,8.3,Bagmati,Lalitpur,Lalitpur Metropolitan City,24,,No,Yes,10,,,7,No,70.78
home,42064461,7.57,Koshi,Jhapa,Birtamode Municipality,31,1,No,Yes,30,,,,,87.83
home,41109658,5.8,Koshi,Jhapa,Birtamode Municipality,11,2,Semi,Yes,13,,,,,83.29
land,46177263,3.55,Lumbini,Rupandehi,Butwal Sub-Metropolitan City,18,,,,13,,,,,46.53
room,15021,8.16,Koshi,Morang,Biratnagar Metropolitan City,4,,Semi,Yes,25,Double,No,,,75.5
room,28393,2.53,Lumbini,Rupandehi,Butwal Sub-Metropolitan City,5,,No,Yes,10,Shared,Yes,,,73.64
land,7177486,2.99,Bagmati,Lalitpur,Lalitpur Metropolitan City,31,,,,10,,,,,83.75
land,23845027,5.65,Gandaki,Kaski,Pokhara Metropolitan City,7,,,,16,,,,,73.31
land,40086146,9.42,Koshi,Morang,Biratnagar Metropolitan City,23,,,,13,,,,,69.62
office,133189,6.02,Bagmati,Kathmandu,Kathmandu Metropolitan City,18,,Semi,No,20,,,6,No,84.61
office,116216,6.57,Gandaki,Kaski,Pokhara Metropolitan City,21,,Semi,No,25,,,3,No,91.14
home,33806056,5.05,Bagmati,Bhaktapur,Bhaktapur Municipality,22,5,No,Yes,10,,,,,67.72
home,31416533,7.83,Gandaki,Kaski,Pokhara Metropolitan City,7,1,Fully,No,20,,,,,89.98
room,18969,5.18,Bagmati,Chitwan,Bharatpur Metropolitan City,30,,Semi,Yes,20,Shared,Yes,,,92.9
room,49534,7.74,Bagmati,Chitwan,Bharatpur Metropolitan City,1,,No,No,13,Single,No,,,60.2
home,39138167,2.36,Bagmati,Lalitpur,Lalitpur Metropolitan City,14,4,Semi,Yes,25,,,,,72.84
room,11027,6.33,Koshi,Morang,Biratnagar Metropolitan City,7,,No,Yes,16,Shared,No,,,65.36
home,15375879,4.93,Bagmati,Lalitpur,Lalitpur Metropolitan City,12,4,No,Yes,13,,,,,100.0
land,12140041,5.38,Lumbini,Rupandehi,Butwal Sub-Metropolitan City,1,,,,13,,,,,75.35
office,113066,9.47,Koshi,Jhapa,Birtamode Municipality,26,,Fully,No,10,,,5,No,68.58
home,5730420,4.74,Lumbini,Rupandehi,Butwal Sub-Metropolitan City,27,3,Semi,No,10,,,,,91.52
home,42010947,8.43,Sudurpashchim,Kailali,Dhangadhi Sub-Metropolitan City,30,4,Semi,No,16,,,,,85.77
office,41125,8.1,Bagmati,Lalitpur,Lalitpur Metropolitan City,21,,No,No,13,,,5,Yes,99.03
land,48062365,7.9,Sudurpashchim,Kailali,Dhangadhi Sub-Metropolitan City,8,,,,25,,,,,54.67
room,36030,9.59,Lumbini,Rupandehi,Butwal Sub-Metropolitan City,27,,Fully,No,30,Double,Yes,,,69.93
land,14512616,1.84,Bagmati,Lalitpur,Lalitpur Metropolitan City,16,,,,30,,,,,69.38
room,39946,7.89,Bagmati,Lalitpur,Lalitpur Metropolitan City,9,,Fully,Yes,25,Single,Yes,,,74.88
land,38581097,6.6,Gandaki,Kaski,Pokhara Metropolitan City,15,,,,25,,,,,79.59
office,141300,7.6,Bagmati,Kathmandu,Kathmandu Metropolitan City,14,,Fully,Yes,10,,,3,No,83.77
room,44375,2.73,Bagmati,Lalitpur,Lalitpur Metropolitan City,2,,Semi,No,10,Single,Yes,,,60.86
office,54958,7.89,Bagmati,Lalitpur,Lalitpur Metropolitan City,13,,No,Yes,20,,,7,Yes,97.55
land,11839235,2.52,Koshi,Jhapa,Birtamode Municipality,6,,,,16,,,,,70.04
office,92934,9.46,Bagmati,Kathmandu,Kathmandu Metropolitan City,12,,Fully,Yes,30,,,2,Yes,93.04
land,48070928,5.09,Koshi,Jhapa,Birtamode Municipality,20,,,,25,,,,,60.22
office,111280,1.56,Bagmati,Bhaktapur,Bhaktapur Municipality,24,,Semi,No,30,,,4,Yes,73.82
home,26307983,3.98,Koshi,Jhapa,Birtamode Municipality,19,3,No,Yes,20,,,,,88.57
office,23841,8.45,Koshi,Morang,Biratnagar Metropolitan City,32,,Semi,No,10,,,7,No,54.77
office,111835,5.35,Bagmati,Lalitpur,Lalitpur Metropolitan City,22,,Fully,Yes,20,,,3,No,94.94
office,53538,4.97,Koshi,Morang,Biratnagar Metropolitan City,5,,Fully,No,10,,,2,No,68.62
room,21419,4.4,Bagmati,Bhaktapur,Bhaktapur Municipality,12,,Semi,Yes,30,Single,Yes,,,80.85
land,27753654,9.91,Bagmati,Lalitpur,Lalitpur Metropolitan City,12,,,,13,,,,,88.66
office,112904,8.19,Bagmati,Kathmandu,Kathmandu Metropolitan City,25,,No,No,10,,,7,Yes,73.71
home,16143396,6.69,Sudurpashchim,Kailali,Dhangadhi Sub-Metropolitan City,31,5,Semi,Yes,16,,,,,77.15
land,47784566,4.51,Koshi,Morang,Biratnagar Metropolitan City,26,,,,10,,,,,77.93
office,80963,6.82,Gandaki,Kaski,Pokhara Metropolitan City,8,,Fully,No,20,,,6,Yes,80.93
land,7943303,3.46,Koshi,Morang,Biratnagar Metropolitan City,30,,,,20,,,,,82.66
home,47326248,7.48,Bagmati,Chitwan,Bharatpur Metropolitan City,20,5,No,Yes,10,,,,,75.97
land,18754971,7.47,Koshi,Morang,Biratnagar Metropolitan City,14,,,,25,,,,,81.64
home,23206050,6.76,Bagmati,Kathmandu,Kathmandu Metropolitan City,12,1,Semi,Yes,10,,,,,84.91
land,12160403,1.87,Bagmati,Bhaktapur,Bhaktapur Municipality,18,,,,30,,,,,66.86
office,60532,5.55,Bagmati,Kathmandu,Kathmandu Metropolitan City,23,,Semi,Yes,20,,,6,No,95.65
land,11687458,9.18,Bagmati,Lalitpur,Lalitpur Metropolitan City,12,,,,10,,,,,74.29
home,11047933,2.78,Bagmati,Bhaktapur,Bhaktapur Municipality,17,2,No,Yes,25,,,,,74.85
office,56662,9.42,Sudurpashchim,Kailali,Dhangadhi Sub-Metropolitan City,25,,Semi,Yes,20,,,7,Yes,84.63
land,41349481,4.82,Gandaki,Kaski,Pokhara Metropolitan City,19,,,,10,,,,,52.1
office,105759,1.47,Bagmati,Kathmandu,Kathmandu Metropolitan City,23,,No,No,16,,,4,Yes,59.25
room,24420,1.93,Bagmati,Lalitpur,Lalitpur Metropolitan City,29,,No,Yes,30,Double,No,,,69.18
home,21319255,1.34,Koshi,Morang,Biratnagar Metropolitan City,7,5,Fully,Yes,25,,,,,55.14
home,7317032,7.62,Bagmati,Kathmandu,Kathmandu Metropolitan City,19,5,Fully,No,30,,,,,84.74
room,8528,3.28,Sudurpashchim,Kailali,Dhangadhi Sub-Metropolitan City,27,,Fully,Yes,10,Single,Yes,,,80.13
land,35137889,9.84,Lumbini,Rupandehi,Butwal Sub-Metropolitan City,28,,,,30,,,,,88.29
room,9683,2.43,Lumbini,Rupandehi,Butwal Sub-Metropolitan City,15,,Fully,No,20,Single,No,,,94.57
land,3254518,6.38,Bagmati,Lalitpur,Lalitpur Metropolitan City,25,,,,30,,,,,100.0
office,25576,1.57,Bagmati,Chitwan,Bharatpur Metropolitan City,29,,Fully,No,13,,,1,No,77.6
room,36086,2.9,Bagmati,Chitwan,Bharatpur Metropolitan City,7,,No,Yes,25,Double,Yes,,,63.74
room,27339,3.66,Bagmati,Lalitpur,Lalitpur Metropolitan City,15,,Semi,Yes,25,Shared,No,,,85.42
land,42930096,3.44,Koshi,Jhapa,Birtamode Municipality,12,,,,13,,,,,47.49
room,9345,7.28,Koshi,Jhapa,Birtamode Municipality,16,,No,Yes,30,Double,No,,,67.03
office,56899,4.42,Lumbini,Rupandehi,Butwal Sub-Metropolitan City,31,,Semi,No,30,,,8,No,82.15
home,34728215,3.68,Bagmati,Chitwan,Bharatpur Metropolitan City,6,4,Semi,Yes,20,,,,,87.76
room,16521,9.22,Sudurpashchim,Kailali,Dhangadhi Sub-Metropolitan City,10,,Semi,No,20,Double,Yes,,,76.26
room,11286,3.76,Koshi,Jhapa,Birtamode Municipality,3,,No,Yes,13,Shared,Yes,,,86.58
office,60998,2.6,Gandaki,Kaski,Pokhara Metropolitan City,25,,Semi,No,20,,,2,Yes,84.28
room,18195,8.05,Bagmati,Lalitpur,Lalitpur Metropolitan City,3,,No,Yes,25,Double,No,,,91.79
office,48300,9.67,Bagmati,Kathmandu,Kathmandu Metropolitan City,15,,Fully,No,20,,,5,No,99.24
land,33775569,1.57,Koshi,Morang,Biratnagar Metropolitan City,9,,,,30,,,,,56.2
room,41124,1.54,Koshi,Morang,Biratnagar Metropolitan City,12,,Semi,No,10,Double,Yes,,,52.19
land,3113490,4.16,Sudurpashchim,Kailali,Dhangadhi Sub-Metropolitan City,1,,,,20,,,,,85.81
room,42852,6.71,Lumbini,Rupandehi,Butwal Sub-Metropolitan City,31,,No,Yes,20,Double,Yes,,,73.45
room,36256,4.34,Bagmati,Lalitpur,Lalitpur Metropolitan City,2,,No,No,25,Shared,Yes,,,79.12
home,28507978,6.65,Bagmati,Lalitpur,Lalitpur Metropolitan City,21,2,Fully,Yes,13,,,,,100.0
room,27498,1.2,Bagmati,Kathmandu,Kathmandu Metropolitan City,9,,No,Yes,16,Double,Yes,,,94.4
home,38468122,7.18,Koshi,Jhapa,Birtamode Municipality,17,2,No,Yes,20,,,,,85.7
home,18716409,3.4,Gandaki,Kaski,Pokhara Metropolitan City,14,1,No,Yes,30,,,,,100.0
room,13267,2.28,Koshi,Jhapa,Birtamode Municipality,25,,Fully,No,25,Shared,Yes,,,78.75
room,38853,6.62,Bagmati,Lalitpur,Lalitpur Metropolitan City,17,,Fully,Yes,25,Single,No,,,74.97
land,21825731,4.73,Bagmati,Chitwan,Bharatpur Metropolitan City,20,,,,25,,,,,100.0
office,83085,1.23,Gandaki,Kaski,Pokhara Metropolitan City,16,,No,Yes,25,,,3,No,72.57
room,45669,8.97,Lumbini,Rupandehi,Butwal Sub-Metropolitan City,25,,Semi,No,13,Double,Yes,,,47.44
room,22567,6.09,Bagmati,Bhaktapur,Bhaktapur Municipality,6,,Semi,No,16,Shared,Yes,,,100.0
room,22696,7.12,Koshi,Morang,Biratnagar Metropolitan City,1,,Fully,No,20,Single,Yes,,,92.54
home,42578816,2.73,Lumbini,Rupandehi,Butwal Sub-Metropolitan City,17,1,No,No,30,,,,,57.91
home,19687100,7.34,Bagmati,Chitwan,Bharatpur Metropolitan City,11,4,No,Yes,10,,,,,87.9
office,84053,6.53,Lumbini,Rupandehi,Butwal Sub-Metropolitan City,9,,Semi,Yes,16,,,6,No,87.87
home,17683001,1.48,Bagmati,Chitwan,Bharatpur Metropolitan City,28,2,Fully,Yes,10,,,,,61.75
room,24076,9.2,Bagmati,Bhaktapur,Bhaktapur Municipality,16,,No,No,16,Double,No,,,76.54
home,8283457,8.34,Bagmati,Chitwan,Bharatpur Metropolitan City,18,4,Fully,No,16,,,,,84.41
office,47494,3.96,Lumbini,Rupandehi,Butwal Sub-Metropolitan City,4,,No,Yes,30,,,5,No,100.0
home,6116012,5.62,Bagmati,Kathmandu,Kathmandu Metropolitan City,3,4,Semi,Yes,16,,,,,100.0
land,11814226,6.68,Bagmati,Kathmandu,Kathmandu Metropolitan City,21,,,,13,,,,,88.4
office,62414,8.06,Bagmati,Kathmandu,Kathmandu Metropolitan City,3,,No,Yes,16,,,4,No,94.33
office,23677,4.83,Lumbini,Rupandehi,Butwal Sub-Metropolitan City,10,,Fully,No,10,,,5,Yes,76.04
home,25303569,5.59,Gandaki,Kaski,Pokhara Metropolitan City,9,4,No,No,10,,,,,86.19
office,94609,1.33,Gandaki,Kaski,Pokhara Metropolitan City,31,,Fully,Yes,16,,,4,No,58.33
land,26971792,3.15,Gandaki,Kaski,Pokhara Metropolitan City,14,,,,13,,,,,63.51
room,14652,9.78,Bagmati,Kathmandu,Kathmandu Metropolitan City,27,,No,Yes,13,Shared,Yes,,,74.03
home,23867637,9.37,Bagmati,Lalitpur,Lalitpur Metropolitan City,32,1,No,No,10,,,,,71.2
office,59208,7.09,Bagmati,Chitwan,Bharatpur Metropolitan City,26,,Semi,No,13,,,8,No,61.1
office,116325,3.83,Gandaki,Kaski,Pokhara Metropolitan City,20,,No,Yes,20,,,2,No,63.58
office,107893,5.59,Koshi,Morang,Biratnagar Metropolitan City,17,,Semi,Yes,25,,,7,No,84.41
home,9058952,6.33,Bagmati,Lalitpur,Lalitpur Metropolitan City,4,1,No,Yes,13,,,,,86.35
land,13819532,5.53,Lumbini,Rupandehi,Butwal Sub-Metropolitan City,29,,,,13,,,,,86.95
land,44569447,8.02,Bagmati,Bhaktapur,Bhaktapur Municipality,7,,,,25,,,,,66.27
room,48069,3.73,Bagmati,Kathmandu,Kathmandu Metropolitan City,7,,Fully,No,30,Double,Yes,,,72.45
land,36037292,8.27,Gandaki,Kaski,Pokhara Metropolitan City,11,,,,10,,,,,61.05
land,26117738,5.81,Bagmati,Kathmandu,Kathmandu Metropolitan City,19,,,,25,,,,,93.41
land,29424986,6.66,Koshi,Jhapa,Birtamode Municipality,20,,,,10,,,,,67.78
room,31612,8.87,Bagmati,Kathmandu,Kathmandu Metropolitan City,20,,Semi,No,20,Single,No,,,77.92
land,41242344,5.71,Sudurpashchim,Kailali,Dhangadhi Sub-Metropolitan City,21,,,,25,,,,,70.04
room,42751,4.81,Lumbini,Rupandehi,Butwal Sub-Metropolitan City,21,,No,Yes,13,Single,Yes,,,64.35
office,129783,9.27,Bagmati,Bhaktapur,Bhaktapur Municipality,4,,No,No,20,,,7,No,83.96
office,73546,5.82,Bagmati,Bhaktapur,Bhaktapur Municipality,21,,Semi,Yes,25,,,8,Yes,88.38
home,26256965,6.98,Bagmati,Chitwan,Bharatpur Metropolitan City,3,4,Semi,No,30,,,,,100.0
office,62708,4.06,Sudurpashchim,Kailali,Dhangadhi Sub-Metropolitan City,27,,Fully,Yes,25,,,4,Yes,73.36
land,39401314,2.35,Koshi,Jhapa,Birtamode Municipality,3,,,,10,,,,,50.04
office,124795,5.47,Bagmati,Chitwan,Bharatpur Metropolitan City,20,,No,No,20,,,3,Yes,82.62
room,43580,8.0,Bagmati,Kathmandu,Kathmandu Metropolitan City,8,,No,No,13,Single,Yes,,,60.22
land,10916324,2.96,Sudurpashchim,Kailali,Dhangadhi Sub-Metropolitan City,10,,,,10,,,,,58.13
room,8959,6.27,Bagmati,Lalitpur,Lalitpur Metropolitan City,23,,Semi,No,16,Double,No,,,85.44
room,8843,8.26,Bagmati,Lalitpur,Lalitpur Metropolitan City,27,,Fully,No,20,Single,No,,,88.16
office,22048,8.37,Bagmati,Bhaktapur,Bhaktapur Municipality,30,,Semi,Yes,30,,,3,No,92.61
room,31085,9.31,Bagmati,Chitwan,Bharatpur Metropolitan City,27,,Fully,Yes,25,Double,Yes,,,63.02
office,53796,5.26,Bagmati,Lalitpur,Lalitpur Metropolitan City,28,,Fully,No,20,,,3,No,93.14
room,8634,7.27,Bagmati,Kathmandu,Kathmandu Metropolitan City,12,,No,No,10,Shared,Yes,,,86.21
land,40092464,3.86,Bagmati,Lalitpur,Lalitpur Metropolitan City,14,,,,25,,,,,79.88
room,44458,8.62,Koshi,Morang,Biratnagar Metropolitan City,13,,Fully,Yes,13,Single,Yes,,,69.86
home,7202176,7.7,Gandaki,Kaski,Pokhara Metropolitan City,19,2,Semi,No,25,,,,,86.57
office,127721,6.66,Bagmati,Chitwan,Bharatpur Metropolitan City,23,,Semi,Yes,16,,,8,No,87.31
room,16562,9.35,Koshi,Morang,Biratnagar Metropolitan City,31,,Semi,Yes,10,Double,No,,,71.95
office,119957,4.9,Koshi,Morang,Biratnagar Metropolitan City,3,,No,No,20,,,8,No,90.17
room,47240,1.25,Gandaki,Kaski,Pokhara Metropolitan City,23,,Fully,Yes,16,Double,Yes,,,50.42
office,24461,5.71,Bagmati,Chitwan,Bharatpur Metropolitan City,7,,No,Yes,25,,,4,No,85.27
home,5103802,8.15,Lumbini,Rupandehi,Butwal Sub-Metropolitan City,11,2,Fully,No,20,,,,,98.44
home,37075342,7.67,Bagmati,Chitwan,Bharatpur Metropolitan City,14,1,Fully,No,13,,,,,74.51
room,33267,7.37,Bagmati,Kathmandu,Kathmandu Metropolitan City,25,,Semi,Yes,13,Single,No,,,61.07
office,106234,5.45,Bagmati,Bhaktapur,Bhaktapur Municipality,8,,No,Yes,20,,,6,No,83.79
office,107500,9.95,Bagmati,Lalitpur,Lalitpur Metropolitan City,7,,Semi,No,30,,,2,Yes,93.89
home,36996814,1.07,Gandaki,Kaski,Pokhara Metropolitan City,6,2,Fully,No,30,,,,,68.15
land,20132505,9.05,Koshi,Jhapa,Birtamode Municipality,6,,,,10,,,,,75.39
home,37109336,4.01,Koshi,Jhapa,Birtamode Municipality,29,3,Fully,No,30,,,,,78.92
office,110046,3.28,Lumbini,Rupandehi,Butwal Sub-Metropolitan City,26,,Semi,No,13,,,6,No,68.22
home,41340868,8.92,Bagmati,Lalitpur,Lalitpur Metropolitan City,20,4,Fully,No,25,,,,,100.0
land,38352933,1.74,Lumbini,Rupandehi,Butwal Sub-Metropolitan City,22,,,,20,,,,,48.59
room,39897,6.55,Bagmati,Chitwan,Bharatpur Metropolitan City,20,,No,Yes,13,Single,No,,,52.63
room,44869,3.38,Lumbini,Rupandehi,Butwal Sub-Metropolitan City,32,,Semi,No,16,Double,No,,,59.16
room,38890,3.44,Bagmati,Lalitpur,Lalitpur Metropolitan City,21,,Semi,No,25,Double,Yes,,,79.04
land,41030694,5.67,Koshi,Morang,Biratnagar Metropolitan City,15,,,,30,,,,,59.86
room,26356,4.22,Bagmati,Kathmandu,Kathmandu Metropolitan City,30,,Fully,No,16,Shared,No,,,83.73
office,47715,3.44,Bagmati,Kathmandu,Kathmandu Metropolitan City,4,,Semi,No,20,,,6,No,88.96
land,25936652,1.37,Sudurpashchim,Kailali,Dhangadhi Sub-Metropolitan City,17,,,,30,,,,,53.92
home,36327208,7.7,Koshi,Morang,Biratnagar Metropolitan City,5,2,Semi,Yes,20,,,,,100.0
office,104226,2.31,Bagmati,Kathmandu,Kathmandu Metropolitan City,3,,No,No,30,,,2,No,73.38
home,8561965,1.14,Lumbini,Rupandehi,Butwal Sub-Metropolitan City,16,3,No,Yes,25,,,,,86.56
room,15943,8.32,Bagmati,Lalitpur,Lalitpur Metropolitan City,20,,No,No,13,Double,No,,,68.11
room,33378,9.12,Gandaki,Kaski,Pokhara Metropolitan City,11,,Fully,No,20,Shared,Yes,,,62.22
home,34336420,5.09,Gandaki,Kaski,Pokhara Metropolitan City,32,2,Semi,No,30,,,,,100.0
land,42413569,6.44,Bagmati,Lalitpur,Lalitpur Metropolitan City,28,,,,13,,,,,80.47
room,14610,2.07,Bagmati,Bhaktapur,Bhaktapur Municipality,4,,Semi,No,13,Single,Yes,,,81.31
home,44060242,1.58,Bagmati,Kathmandu,Kathmandu Metropolitan City,26,4,Semi,No,20,,,,,83.79
room,26115,4.71,Koshi,Morang,Biratnagar Metropolitan City,4,,No,Yes,25,Double,No,,,78.37
office,122440,5.26,Bagmati,Kathmandu,Kathmandu Metropolitan City,26,,No,No,25,,,4,Yes,82.32
land,25897837,4.9,Bagmati,Chitwan,Bharatpur Metropolitan City,27,,,,30,,,,,71.44
home,18599979,9.19,Lumbini,Rupandehi,Butwal Sub-Metropolitan City,1,4,No,Yes,10,,,,,81.58
home,21349423,7.53,Koshi,Jhapa,Birtamode Municipality,27,3,Semi,No,20,,,,,90.03
office,35852,2.68,Bagmati,Bhaktapur,Bhaktapur Municipality,19,,Semi,Yes,16,,,2,No,70.39
home,40465338,7.48,Koshi,Morang,Biratnagar Metropolitan City,22,1,No,Yes,16,,,,,69.11
land,6172860,5.23,Bagmati,Chitwan,Bharatpur Metropolitan City,5,,,,13,,,,,84.92
land,4028590,4.72,Bagmati,Bhaktapur,Bhaktapur Municipality,21,,,,20,,,,,84.19
office,147358,4.85,Koshi,Morang,Biratnagar Metropolitan City,13,,No,Yes,13,,,1,No,52.14
home,18590780,1.48,Koshi,Jhapa,Birtamode Municipality,12,1,No,Yes,30,,,,,60.09
office,147336,6.82,Sudurpashchim,Kailali,Dhangadhi Sub-Metropolitan City,23,,Fully,Yes,20,,,7,Yes,89.1
office,56300,6.03,Sudurpashchim,Kailali,Dhangadhi Sub-Metropolitan City,15,,No,No,10,,,2,Yes,80.76
office,35890,3.22,Bagmati,Lalitpur,Lalitpur Metropolitan City,13,,Semi,No,16,,,8,Yes,100.0
home,24192109,9.31,Sudurpashchim,Kailali,Dhangadhi Sub-Metropolitan City,8,3,Fully,Yes,20,,,,,100.0
office,25183,8.85,Bagmati,Chitwan,Bharatpur Metropolitan City,31,,Semi,No,30,,,2,No,82.78
land,7261887,1.81,Bagmati,Bhaktapur,Bhaktapur Municipality,6,,,,13,,,,,78.08
home,36223075,2.44,Koshi,Jhapa,Birtamode Municipality,17,5,Semi,No,25,,,,,36.8
home,36824168,7.68,Bagmati,Kathmandu,Kathmandu Metropolitan City,25,4,Semi,No,10,,,,,77.26
land,26427718,9.87,Bagmati,Lalitpur,Lalitpur Metropolitan City,20,,,,13,,,,,74.71
room,49582,4.39,Bagmati,Kathmandu,Kathmandu Metropolitan City,19,,No,No,30,Shared,No,,,76.47
room,47532,4.31,Bagmati,Lalitpur,Lalitpur Metropolitan City,15,,Fully,Yes,13,Double,No,,,78.07
room,43080,4.94,Bagmati,Bhaktapur,Bhaktapur Municipality,25,,No,Yes,25,Shared,Yes,,,67.43
room,15024,8.87,Bagmati,Bhaktapur,Bhaktapur Municipality,12,,Fully,Yes,16,Shared,Yes,,,66.2
land,24746738,4.66,Bagmati,Chitwan,Bharatpur Metropolitan City,29,,,,20,,,,,68.0
home,19284978,9.93,Gandaki,Kaski,Pokhara Metropolitan City,5,4,Semi,Yes,20,,,,,100.0
land,10223415,4.39,Sudurpashchim,Kailali,Dhangadhi Sub-Metropolitan City,5,,,,10,,,,,61.43
home,31722738,9.66,Bagmati,Bhaktapur,Bhaktapur Municipality,5,5,Semi,No,16,,,,,79.81
room,47538,4.26,Bagmati,Bhaktapur,Bhaktapur Municipality,23,,No,Yes,10,Shared,Yes,,,65.63
home,22805403,8.59,Lumbini,Rupandehi,Butwal Sub-Metropolitan City,21,2,Fully,No,20,,,,,81.71
office,116780,2.76,Bagmati,Bhaktapur,Bhaktapur Municipality,14,,No,Yes,30,,,7,No,77.32
room,33362,5.53,Bagmati,Bhaktapur,Bhaktapur Municipality,17,,Fully,No,20,Shared,Yes,,,88.2
land,4066821,1.31,Bagmati,Lalitpur,Lalitpur Metropolitan City,5,,,,30,,,,,84.88
room,39904,8.03,Gandaki,Kaski,Pokhara Metropolitan City,25,,Semi,No,20,Shared,No,,,65.2
room,35760,5.55,Koshi,Morang,Biratnagar Metropolitan City,4,,No,No,13,Double,No,,,64.8
home,31628565,8.41,Bagmati,Bhaktapur,Bhaktapur Municipality,7,1,No,No,13,,,,,73.43
room,31813,1.73,Koshi,Jhapa,Birtamode Municipality,31,,Fully,Yes,30,Double,Yes,,,72.1
land,23594732,5.73,Bagmati,Kathmandu,Kathmandu Metropolitan City,4,,,,25,,,,,100.0
room,21636,4.38,Lumbini,Rupandehi,Butwal Sub-Metropolitan City,31,,Fully,Yes,13,Double,No,,,62.61
land,39675534,4.74,Koshi,Morang,Biratnagar Metropolitan City,28,,,,16,,,,,57.4
home,20149635,8.24,Bagmati,Bhaktapur,Bhaktapur Municipality,22,2,No,Yes,13,,,,,77.26
office,66192,6.39,Sudurpashchim,Kailali,Dhangadhi Sub-Metropolitan City,30,,Semi,No,13,,,4,No,80.77
office,39025,5.39,Bagmati,Kathmandu,Kathmandu Metropolitan City,21,,No,Yes,10,,,7,Yes,95.12
room,34792,1.08,Koshi,Jhapa,Birtamode Municipality,16,,No,Yes,25,Shared,No,,,66.81
home,36449696,4.49,Koshi,Morang,Biratnagar Metropolitan City,17,3,Fully,No,20,,,,,85.72
land,40544458,6.34,Sudurpashchim,Kailali,Dhangadhi Sub-Metropolitan City,31,,,,25,,,,,65.25
room,17268,4.74,Bagmati,Chitwan,Bharatpur Metropolitan City,2,,Semi,No,16,Double,Yes,,,90.63
home,42215000,4.67,Koshi,Jhapa,Birtamode Municipality,13,1,No,Yes,10,,,,,66.68
office,55989,3.66,Sudurpashchim,Kailali,Dhangadhi Sub-Metropolitan City,9,,No,No,20,,,1,No,83.65
office,70798,4.31,Gandaki,Kaski,Pokhara Metropolitan City,19,,Fully,No,25,,,4,No,96.11
office,21772,8.78,Lumbini,Rupandehi,Butwal Sub-Metropolitan City,15,,No,No,20,,,4,Yes,83.48
office,95461,3.94,Bagmati,Bhaktapur,Bhaktapur Municipality,27,,Fully,Yes,16,,,3,Yes,99.89
land,4725803,5.66,Sudurpashchim,Kailali,Dhangadhi Sub-Metropolitan City,6,,,,25,,,,,77.83
room,33590,1.55,Bagmati,Kathmandu,Kathmandu Metropolitan City,9,,Semi,No,13,Shared,No,,,75.65
land,18531102,6.57,Lumbini,Rupandehi,Butwal Sub-Metropolitan City,24,,,,25,,,,,90.89
home,46070509,3.55,Bagmati,Kathmandu,Kathmandu Metropolitan City,30,4,No,No,10,,,,,63.11
home,30970274,9.63,Bagmati,Kathmandu,Kathmandu Metropolitan City,27,3,Semi,No,10,,,,,79.0
office,87349,1.22,Bagmati,Bhaktapur,Bhaktapur Municipality,18,,Semi,No,16,,,6,No,59.47
land,4469356,7.01,Sudurpashchim,Kailali,Dhangadhi Sub-Metropolitan City,2,,,,13,,,,,72.8
room,40897,1.33,Bagmati,Bhaktapur,Bhaktapur Municipality,26,,Semi,Yes,30,Single,No,,,73.16
land,46351716,6.7,Bagmati,Bhaktapur,Bhaktapur Municipality,23,,,,25,,,,,83.33
home,24884291,6.64,Bagmati,Bhaktapur,Bhaktapur Municipality,4,5,Semi,No,25,,,,,93.17
land,21864319,3.77,Gandaki,Kaski,Pokhara Metropolitan City,26,,,,10,,,,,78.39
room,25201,4.18,Bagmati,Kathmandu,Kathmandu Metropolitan City,25,,Semi,No,13,Shared,Yes,,,78.45
land,35531533,8.63,Bagmati,Chitwan,Bharatpur Metropolitan City,16,,,,16,,,,,98.47
home,45905447,9.14,Lumbini,Rupandehi,Butwal Sub-Metropolitan City,15,4,No,Yes,13,,,,,83.94
land,33873749,1.52,Bagmati,Bhaktapur,Bhaktapur Municipality,20,,,,16,,,,,57.73
room,45371,1.18,Koshi,Morang,Biratnagar Metropolitan City,20,,Fully,Yes,30,Double,No,,,55.6
office,56972,7.25,Gandaki,Kaski,Pokhara Metropolitan City,21,,Fully,No,30,,,5,No,85.16
office,109154,1.31,Koshi,Jhapa,Birtamode Municipality,20,,Fully,No,30,,,1,No,56.23
room,47488,4.11,Sudurpashchim,Kailali,Dhangadhi Sub-Metropolitan City,15,,Semi,No,13,Single,Yes,,,63.26
home,6445925,1.94,Sudurpashchim,Kailali,Dhangadhi Sub-Metropolitan City,2,3,Semi,No,30,,,,,85.89
office,120967,2.72,Koshi,Morang,Biratnagar Metropolitan City,30,,Semi,No,10,,,3,No,47.35
room,17455,8.02,Lumbini,Rupandehi,Butwal Sub-Metropolitan City,17,,Fully,Yes,16,Single,No,,,76.34
room,13932,1.15,Gandaki,Kaski,Pokhara Metropolitan City,4,,Fully,Yes,20,Single,Yes,,,82.11
land,44869986,3.1,Lumbini,Rupandehi,Butwal Sub-Metropolitan City,20,,,,10,,,,,52.15
room,30224,4.19,Bagmati,Chitwan,Bharatpur Metropolitan City,25,,Fully,No,20,Shared,Yes,,,91.19
home,36409990,4.27,Bagmati,Chitwan,Bharatpur Metropolitan City,6,1,Semi,No,13,,,,,79.68
home,33115372,8.04,Bagmati,Chitwan,Bharatpur Metropolitan City,15,4,Fully,Yes,20,,,,,100.0
home,46265541,6.52,Koshi,Jhapa,Birtamode Municipality,23,5,Fully,No,13,,,,,73.11
home,48171203,3.9,Bagmati,Chitwan,Bharatpur Metropolitan City,21,2,Semi,Yes,20,,,,,71.75
land,21777103,8.37,Koshi,Morang,Biratnagar Metropolitan City,5,,,,30,,,,,93.53
land,42612532,1.55,Bagmati,Chitwan,Bharatpur Metropolitan City,16,,,,13,,,,,56.59
home,17442210,1.13,Bagmati,Lalitpur,Lalitpur Metropolitan City,4,5,Semi,No,13,,,,,56.49
home,16208316,5.82,Gandaki,Kaski,Pokhara Metropolitan City,18,1,Semi,Yes,20,,,,,93.63
room,27745,7.73,Lumbini,Rupandehi,Butwal Sub-Metropolitan City,30,,No,No,30,Shared,No,,,68.19
office,92017,4.72,Bagmati,Kathmandu,Kathmandu Metropolitan City,18,,Semi,Yes,20,,,8,Yes,98.83
land,22852520,9.39,Lumbini,Rupandehi,Butwal Sub-Metropolitan City,3,,,,13,,,,,85.2
room,16296,1.93,Sudurpashchim,Kailali,Dhangadhi Sub-Metropolitan City,10,,No,No,10,Shared,No,,,72.89
land,33654290,5.04,Bagmati,Chitwan,Bharatpur Metropolitan City,5,,,,30,,,,,79.75
home,24329701,2.97,Koshi,Jhapa,Birtamode Municipality,9,3,Fully,No,10,,,,,63.02
office,84000,4.7,Lumbini,Rupandehi,Butwal Sub-Metropolitan City,20,,Semi,No,25,,,5,Yes,90.82
home,48968952,7.92,Koshi,Jhapa,Birtamode Municipality,23,3,No,Yes,16,,,,,82.73
land,7590635,8.75,Bagmati,Kathmandu,Kathmandu Metropolitan City,4,,,,16,,,,,93.25
home,40815285,5.78,Gandaki,Kaski,Pokhara Metropolitan City,32,3,Fully,Yes,13,,,,,88.57
home,18307205,3.03,Bagmati,Bhaktapur,Bhaktapur Municipality,21,1,Semi,No,16,,,,,79.2
office,43398,2.22,Bagmati,Lalitpur,Lalitpur Metropolitan City,3,,Fully,Yes,20,,,3,No,88.14
room,37774,8.48,Bagmati,Kathmandu,Kathmandu Metropolitan City,5,,No,No,30,Double,Yes,,,85.78
land,30599060,9.33,Sudurpashchim,Kailali,Dhangadhi Sub-Metropolitan City,21,,,,13,,,,,80.88
land,48835745,2.02,Bagmati,Kathmandu,Kathmandu Metropolitan City,1,,,,20,,,,,65.76
home,8880930,3.06,Bagmati,Chitwan,Bharatpur Metropolitan City,10,2,Fully,No,20,,,,,100.0
home,34672093,7.9,Koshi,Jhapa,Birtamode Municipality,21,1,No,Yes,13,,,,,73.0
land,49199237,4.42,Bagmati,Bhaktapur,Bhaktapur Municipality,14,,,,16,,,,,71.31
land,38294171,6.12,Sudurpashchim,Kailali,Dhangadhi Sub-Metropolitan City,22,,,,20,,,,,72.43
home,38211618,2.51,Bagmati,Bhaktapur,Bhaktapur Municipality,7,2,Semi,Yes,20,,,,,75.79
land,47439551,3.08,Sudurpashchim,Kailali,Dhangadhi Sub-Metropolitan City,21,,,,20,,,,,60.56
home,21826213,6.82,Bagmati,Bhaktapur,Bhaktapur Municipality,6,4,Semi,Yes,20,,,,,97.85
room,10654,1.71,Lumbini,Rupandehi,Butwal Sub-Metropolitan City,30,,No,Yes,10,Shared,Yes,,,72.87
room,32887,5.99,Lumbini,Rupandehi,Butwal Sub-Metropolitan City,15,,No,No,13,Single,No,,,62.11
home,30129129,5.74,Koshi,Morang,Biratnagar Metropolitan City,22,1,Fully,Yes,13,,,,,90.86
room,28609,5.69,Koshi,Jhapa,Birtamode Municipality,18,,Fully,No,30,Double,Yes,,,75.82
home,41260498,3.7,Bagmati,Kathmandu,Kathmandu Metropolitan City,27,3,Semi,Yes,25,,,,,92.64
land,41714157,3.62,Koshi,Jhapa,Birtamode Municipality,12,,,,20,,,,,57.87
land,8994155,1.05,Bagmati,Chitwan,Bharatpur Metropolitan City,24,,,,30,,,,,53.72
land,17117861,9.16,Bagmati,Lalitpur,Lalitpur Metropolitan City,13,,,,13,,,,,100.0
home,39678114,2.43,Lumbini,Rupandehi,Butwal Sub-Metropolitan City,14,5,No,Yes,16,,,,,65.89
land,31645760,4.38,Lumbini,Rupandehi,Butwal Sub-Metropolitan City,12,,,,13,,,,,58.35
room,27149,5.22,Gandaki,Kaski,Pokhara Metropolitan City,11,,No,No,20,Double,Yes,,,80.09
land,33117892,4.86,Lumbini,Rupandehi,Butwal Sub-Metropolitan City,23,,,,25,,,,,77.54
home,7261045,9.79,Bagmati,Chitwan,Bharatpur Metropolitan City,23,2,No,No,20,,,,,69.87
room,32260,1.18,Bagmati,Kathmandu,Kathmandu Metropolitan City,12,,Semi,No,30,Single,Yes,,,77.24
home,43750475,3.15,Sudurpashchim,Kailali,Dhangadhi Sub-Metropolitan City,19,2,Fully,Yes,20,,,,,88.89
office,116093,5.54,Bagmati,Bhaktapur,Bhaktapur Municipality,8,,No,No,30,,,3,Yes,88.93
room,44478,8.76,Sudurpashchim,Kailali,Dhangadhi Sub-Metropolitan City,20,,Semi,Yes,20,Shared,Yes,,,57.33
room,49293,9.9,Sudurpashchim,Kailali,Dhangadhi Sub-Metropolitan City,18,,Semi,No,13,Shared,Yes,,,70.28
home,12827567,9.08,Koshi,Jhapa,Birtamode Municipality,19,3,Semi,Yes,30,,,,,98.38
office,65307,4.32,Koshi,Morang,Biratnagar Metropolitan City,31,,Semi,No,10,,,4,No,68.76
office,87499,7.27,Koshi,Jhapa,Birtamode Municipality,22,,Semi,Yes,20,,,6,Yes,100.0
land,39744679,5.99,Lumbini,Rupandehi,Butwal Sub-Metropolitan City,5,,,,13,,,,,48.7
office,107016,8.26,Lumbini,Rupandehi,Butwal Sub-Metropolitan City,14,,No,Yes,10,,,7,Yes,71.07
office,86731,7.29,Bagmati,Kathmandu,Kathmandu Metropolitan City,11,,Semi,No,30,,,4,No,73.63
room,20686,3.15,Koshi,Morang,Biratnagar Metropolitan City,22,,Fully,No,13,Shared,Yes,,,79.35
land,30381560,9.72,Lumbini,Rupandehi,Butwal Sub-Metropolitan City,31,,,,20,,,,,85.11
office,50590,2.25,Gandaki,Kaski,Pokhara Metropolitan City,12,,No,Yes,25,,,3,Yes,95.51
room,42058,5.97,Bagmati,Chitwan,Bharatpur Metropolitan City,15,,No,No,20,Double,Yes,,,74.17
room,28104,3.29,Sudurpashchim,Kailali,Dhangadhi Sub-Metropolitan City,11,,No,Yes,10,Double,No,,,78.27
room,42536,5.44,Bagmati,Kathmandu,Kathmandu Metropolitan City,4,,No,Yes,10,Single,Yes,,,67.65
home,34920162,1.22,Lumbini,Rupandehi,Butwal Sub-Metropolitan City,20,2,Fully,No,20,,,,,76.9
office,27021,2.76,Bagmati,Chitwan,Bharatpur Metropolitan City,9,,No,Yes,30,,,7,No,90.04
office,134785,6.78,Lumbini,Rupandehi,Butwal Sub-Metropolitan City,6,,No,Yes,20,,,7,No,97.05
home,21408717,8.92,Lumbini,Rupandehi,Butwal Sub-Metropolitan City,7,4,Semi,No,13,,,,,96.83
office,30702,5.93,Bagmati,Lalitpur,Lalitpur Metropolitan City,30,,Semi,Yes,25,,,3,Yes,99.04
room,22556,6.79,Lumbini,Rupandehi,Butwal Sub-Metropolitan City,19,,Semi,Yes,16,Single,Yes,,,79.17
room,17311,5.26,Koshi,Jhapa,Birtamode Municipality,10,,Semi,No,30,Double,Yes,,,100.0
land,8211509,4.66,Sudurpashchim,Kailali,Dhangadhi Sub-Metropolitan City,11,,,,25,,,,,100.0
room,40902,8.18,Gandaki,Kaski,Pokhara Metropolitan City,20,,Semi,No,10,Shared,No,,,55.4
room,12738,9.0,Lumbini,Rupandehi,Butwal Sub-Metropolitan City,17,,No,No,30,Single,No,,,71.55
home,8336318,9.1,Bagmati,Chitwan,Bharatpur Metropolitan City,9,4,Fully,No,25,,,,,100.0
room,28674,9.87,Lumbini,Rupandehi,Butwal Sub-Metropolitan City,1,,No,Yes,10,Shared,Yes,,,90.12
land,34453154,7.17,Gandaki,Kaski,Pokhara Metropolitan City,27,,,,20,,,,,83.55
land,43810309,8.48,Bagmati,Bhaktapur,Bhaktapur Municipality,20,,,,30,,,,,72.62
home,34929074,6.96,Bagmati,Kathmandu,Kathmandu Metropolitan City,18,4,Semi,Yes,30,,,,,100.0
home,20085848,5.79,Sudurpashchim,Kailali,Dhangadhi Sub-Metropolitan City,7,4,Semi,Yes,25,,,,,91.74
room,42126,5.46,Koshi,Morang,Biratnagar Metropolitan City,28,,No,No,30,Shared,No,,,73.75
home,36029105,4.3,Bagmati,Bhaktapur,Bhaktapur Municipality,14,5,Fully,Yes,16,,,,,91.68
home,7897687,9.68,Gandaki,Kaski,Pokhara Metropolitan City,9,2,Fully,No,16,,,,,92.48
home,19151546,1.46,Lumbini,Rupandehi,Butwal Sub-Metropolitan City,28,1,Semi,No,25,,,,,56.52
land,11121082,8.91,Koshi,Morang,Biratnagar Metropolitan City,27,,,,10,,,,,89.16
room,11147,8.83,Sudurpashchim,Kailali,Dhangadhi Sub-Metropolitan City,22,,Semi,Yes,10,Double,Yes,,,64.12
room,44862,2.08,Lumbini,Rupandehi,Butwal Sub-Metropolitan City,30,,Semi,No,13,Double,Yes,,,63.08
land,18970408,4.75,Bagmati,Lalitpur,Lalitpur Metropolitan City,16,,,,25,,,,,84.88
land,39935580,4.36,Bagmati,Kathmandu,Kathmandu Metropolitan City,28,,,,13,,,,,74.16
office,141633,5.13,Lumbini,Rupandehi,Butwal Sub-Metropolitan City,13,,Fully,No,25,,,2,No,78.54
room,23577,2.98,Lumbini,Rupandehi,Butwal Sub-Metropolitan City,22,,No,No,30,Double,No,,,91.56
home,38075054,8.29,Koshi,Jhapa,Birtamode Municipality,10,2,No,Yes,25,,,,,98.55
land,11268770,7.22,Lumbini,Rupandehi,Butwal Sub-Metropolitan City,23,,,,20,,,,,74.59
room,29430,5.2,Bagmati,Kathmandu,Kathmandu Metropolitan City,23,,Fully,Yes,20,Single,Yes,,,95.3
room,13517,2.59,Koshi,Jhapa,Birtamode Municipality,16,,Semi,No,30,Single,No,,,78.81
room,33804,6.13,Koshi,Morang,Biratnagar Metropolitan City,28,,No,Yes,30,Double,Yes,,,71.27
room,39064,4.14,Lumbini,Rupandehi,Butwal Sub-Metropolitan City,29,,Fully,No,25,Double,No,,,60.07
room,31073,9.07,Koshi,Morang,Biratnagar Metropolitan City,21,,Fully,No,10,Double,No,,,52.44
land,25149415,2.3,Bagmati,Kathmandu,Kathmandu Metropolitan City,10,,,,16,,,,,65.78
home,25080274,1.54,Koshi,Morang,Biratnagar Metropolitan City,5,5,Semi,Yes,13,,,,,58.61
office,41546,1.16,Bagmati,Chitwan,Bharatpur Metropolitan City,31,,Semi,Yes,30,,,4,Yes,72.6
room,19347,5.74,Bagmati,Chitwan,Bharatpur Metropolitan City,24,,No,No,10,Single,Yes,,,77.58
home,43414366,2.42,Bagmati,Lalitpur,Lalitpur Metropolitan City,3,1,No,No,30,,,,,62.41
office,24766,6.54,Koshi,Jhapa,Birtamode Municipality,2,,Semi,No,20,,,4,No,79.9
land,8825702,9.61,Koshi,Morang,Biratnagar Metropolitan City,9,,,,25,,,,,92.06
office,89054,4.53,Bagmati,Bhaktapur,Bhaktapur Municipality,24,,No,No,16,,,6,No,75.94
home,48524743,2.73,Lumbini,Rupandehi,Butwal Sub-Metropolitan City,16,2,No,Yes,10,,,,,51.44
room,16556,3.86,Lumbini,Rupandehi,Butwal Sub-Metropolitan City,24,,Semi,No,30,Double,Yes,,,83.71
room,31800,5.57,Sudurpashchim,Kailali,Dhangadhi Sub-Metropolitan City,30,,Semi,Yes,25,Single,No,,,75.23
office,46515,2.17,Gandaki,Kaski,Pokhara Metropolitan City,3,,Semi,Yes,10,,,6,Yes,62.23
room,25216,9.19,Bagmati,Lalitpur,Lalitpur Metropolitan City,13,,Semi,No,13,Double,Yes,,,86.74
office,128822,9.73,Lumbini,Rupandehi,Butwal Sub-Metropolitan City,19,,Semi,No,25,,,8,No,65.53
land,15119968,7.42,Koshi,Jhapa,Birtamode Municipality,32,,,,16,,,,,78.42
room,12148,4.97,Koshi,Morang,Biratnagar Metropolitan City,5,,No,No,20,Double,Yes,,,82.3
home,42106549,1.42,Koshi,Jhapa,Birtamode Municipality,20,5,Fully,Yes,20,,,,,63.08
home,35835633,4.22,Sudurpashchim,Kailali,Dhangadhi Sub-Metropolitan City,19,5,Semi,Yes,10,,,,,61.63
land,37442842,8.69,Koshi,Morang,Biratnagar Metropolitan City,10,,,,25,,,,,83.25
room,11999,3.29,Sudurpashchim,Kailali,Dhangadhi Sub-Metropolitan City,24,,No,Yes,30,Double,Yes,,,84.29
room,19969,5.03,Bagmati,Chitwan,Bharatpur Metropolitan City,15,,Semi,Yes,20,Single,No,,,95.55
home,29452472,4.97,Koshi,Jhapa,Birtamode Municipality,20,4,Fully,Yes,30,,,,,100.0
office,130116,9.73,Lumbini,Rupandehi,Butwal Sub-Metropolitan City,19,,No,No,16,,,7,No,77.81
room,10964,6.12,Bagmati,Kathmandu,Kathmandu Metropolitan City,5,,Semi,Yes,13,Shared,No,,,70.54
room,31446,3.78,Lumbini,Rupandehi,Butwal Sub-Metropolitan City,13,,No,No,13,Double,Yes,,,49.45
home,12248269,7.39,Bagmati,Chitwan,Bharatpur Metropolitan City,21,1,Semi,Yes,10,,,,,69.37
room,26726,6.62,Bagmati,Kathmandu,Kathmandu Metropolitan City,4,,No,No,10,Shared,No,,,80.21
home,11963128,3.47,Gandaki,Kaski,Pokhara Metropolitan City,2,4,Fully,No,13,,,,,86.29
room,24660,5.85,Bagmati,Bhaktapur,Bhaktapur Municipality,5,,No,No,30,Single,No,,,75.67
land,13655048,7.35,Bagmati,Kathmandu,Kathmandu Metropolitan City,17,,,,30,,,,,84.77
land,20540199,6.83,Sudurpashchim,Kailali,Dhangadhi Sub-Metropolitan City,17,,,,13,,,,,83.79
home,16644147,7.43,Koshi,Jhapa,Birtamode Municipality,3,3,Fully,Yes,10,,,,,91.32
land,41733717,4.43,Koshi,Morang,Biratnagar Metropolitan City,25,,,,30,,,,,69.02
office,88875,6.24,Sudurpashchim,Kailali,Dhangadhi Sub-Metropolitan City,8,,No,Yes,13,,,3,No,76.67
office,54516,2.01,Bagmati,Chitwan,Bharatpur Metropolitan City,4,,Semi,Yes,16,,,2,Yes,82.08
home,7713805,3.42,Sudurpashchim,Kailali,Dhangadhi Sub-Metropolitan City,5,1,Semi,Yes,20,,,,,82.83
room,23199,2.59,Gandaki,Kaski,Pokhara Metropolitan City,12,,No,Yes,13,Single,Yes,,,100.0
room,13245,2.44,Bagmati,Lalitpur,Lalitpur Metropolitan City,7,,Fully,Yes,16,Double,No,,,91.57
home,25813895,6.24,Lumbini,Rupandehi,Butwal Sub-Metropolitan City,19,4,No,No,16,,,,,89.15
room,48685,7.29,Lumbini,Rupandehi,Butwal Sub-Metropolitan City,3,,No,Yes,20,Double,Yes,,,78.73
room,40725,5.76,Koshi,Morang,Biratnagar Metropolitan City,3,,Fully,No,20,Single,Yes,,,71.0
land,29300305,2.59,Bagmati,Kathmandu,Kathmandu Metropolitan City,32,,,,10,,,,,46.8
home,17081485,3.77,Bagmati,Kathmandu,Kathmandu Metropolitan City,3,3,No,No,25,,,,,97.78
room,46387,6.71,Lumbini,Rupandehi,Butwal Sub-Metropolitan City,14,,Fully,No,13,Double,Yes,,,59.44
home,18520817,5.87,Sudurpashchim,Kailali,Dhangadhi Sub-Metropolitan City,5,4,Semi,Yes,13,,,,,87.66
office,47008,7.72,Bagmati,Bhaktapur,Bhaktapur Municipality,9,,Semi,No,20,,,5,No,84.82
home,42276497,7.24,Bagmati,Kathmandu,Kathmandu Metropolitan City,6,1,Fully,Yes,13,,,,,80.68
home,39139875,2.71,Koshi,Jhapa,Birtamode Municipality,13,4,Fully,Yes,25,,,,,59.61
room,47108,7.97,Bagmati,Bhaktapur,Bhaktapur Municipality,5,,Fully,No,13,Single,Yes,,,61.39
home,12289346,5.13,Gandaki,Kaski,Pokhara Metropolitan City,11,4,No,Yes,20,,,,,100.0
office,105217,7.74,Gandaki,Kaski,Pokhara Metropolitan City,12,,Fully,Yes,20,,,1,No,87.63
home,14159963,5.66,Koshi,Morang,Biratnagar Metropolitan City,20,5,Fully,Yes,20,,,,,100.0
land,29787235,2.15,Lumbini,Rupandehi,Butwal Sub-Metropolitan City,16,,,,13,,,,,55.73
room,42156,8.65,Bagmati,Kathmandu,Kathmandu Metropolitan City,32,,No,No,16,Single,No,,,66.65
land,32317161,4.75,Gandaki,Kaski,Pokhara Metropolitan City,11,,,,20,,,,,75.57
land,34134343,6.57,Koshi,Jhapa,Birtamode Municipality,29,,,,20,,,,,73.58
land,37049590,6.0,Bagmati,Lalitpur,Lalitpur Metropolitan City,31,,,,13,,,,,63.79
office,142757,7.31,Bagmati,Lalitpur,Lalitpur Metropolitan City,24,,Semi,Yes,13,,,2,No,81.34
room,36685,2.79,Bagmati,Lalitpur,Lalitpur Metropolitan City,4,,Semi,No,30,Double,Yes,,,69.93
room,18326,9.59,Koshi,Jhapa,Birtamode Municipality,9,,Fully,Yes,25,Single,Yes,,,93.36
office,38471,4.83,Koshi,Morang,Biratnagar Metropolitan City,7,,No,Yes,13,,,7,Yes,90.14
home,29326291,4.07,Koshi,Jhapa,Birtamode Municipality,4,5,Semi,No,13,,,,,87.53
office,71130,8.57,Lumbini,Rupandehi,Butwal Sub-Metropolitan City,23,,Fully,Yes,10,,,6,No,59.64
office,139747,4.67,Lumbini,Rupandehi,Butwal Sub-Metropolitan City,7,,No,Yes,10,,,2,Yes,84.84
room,34293,4.28,Bagmati,Lalitpur,Lalitpur Metropolitan City,19,,No,Yes,13,Shared,Yes,,,79.15
land,46074562,5.12,Bagmati,Kathmandu,Kathmandu Metropolitan City,6,,,,13,,,,,68.22
land,28584099,2.18,Bagmati,Kathmandu,Kathmandu Metropolitan City,30,,,,13,,,,,37.0
room,30265,7.78,Koshi,Jhapa,Birtamode Municipality,7,,Semi,Yes,13,Single,No,,,70.83
room,19311,7.79,Lumbini,Rupandehi,Butwal Sub-Metropolitan City,15,,Semi,No,13,Double,Yes,,,78.57
land,43594526,3.4,Bagmati,Kathmandu,Kathmandu Metropolitan City,8,,,,20,,,,,69.73
home,45321226,1.17,Bagmati,Lalitpur,Lalitpur Metropolitan City,13,1,Fully,Yes,13,,,,,62.04
office,34519,2.26,Koshi,Morang,Biratnagar Metropolitan City,29,,Semi,No,16,,,7,Yes,67.45
office,90761,3.06,Bagmati,Kathmandu,Kathmandu Metropolitan City,3,,Fully,No,30,,,8,No,88.1
home,27598367,1.12,Koshi,Jhapa,Birtamode Municipality,18,4,No,No,10,,,,,38.06
room,48093,7.67,Koshi,Jhapa,Birtamode Municipality,18,,Semi,Yes,16,Shared,No,,,48.45
land,28397240,8.11,Bagmati,Bhaktapur,Bhaktapur Municipality,28,,,,25,,,,,90.39
home,7354327,8.26,Koshi,Jhapa,Birtamode Municipality,26,1,No,Yes,16,,,,,71.94
home,31561081,2.1,Koshi,Morang,Biratnagar Metropolitan City,31,3,Fully,Yes,30,,,,,70.37
office,141961,1.31,Lumbini,Rupandehi,Butwal Sub-Metropolitan City,17,,No,No,20,,,3,No,57.55
office,76143,3.08,Bagmati,Chitwan,Bharatpur Metropolitan City,10,,Fully,No,25,,,5,No,77.85
room,43033,1.28,Koshi,Jhapa,Birtamode Municipality,7,,No,Yes,30,Double,No,,,56.94
office,117904,4.04,Gandaki,Kaski,Pokhara Metropolitan City,31,,No,No,20,,,1,Yes,83.2
office,112374,1.54,Bagmati,Bhaktapur,Bhaktapur Municipality,27,,No,Yes,10,,,6,Yes,65.57
land,43866356,9.73,Sudurpashchim,Kailali,Dhangadhi Sub-Metropolitan City,18,,,,30,,,,,77.35
room,42932,2.22,Bagmati,Bhaktapur,Bhaktapur Municipality,6,,Fully,No,25,Shared,No,,,42.89
office,71925,3.75,Gandaki,Kaski,Pokhara Metropolitan City,24,,Semi,Yes,10,,,2,No,81.41
land,34608916,6.3,Bagmati,Lalitpur,Lalitpur Metropolitan City,9,,,,20,,,,,93.96
home,38938606,8.32,Koshi,Jhapa,Birtamode Municipality,8,1,Semi,Yes,30,,,,,62.14
land,13019764,2.43,Lumbini,Rupandehi,Butwal Sub-Metropolitan City,27,,,,13,,,,,66.26
office,86157,1.02,Gandaki,Kaski,Pokhara Metropolitan City,26,,Fully,Yes,13,,,2,Yes,60.06
room,19291,2.32,Gandaki,Kaski,Pokhara Metropolitan City,3,,No,No,10,Shared,No,,,62.06
room,36627,9.17,Sudurpashchim,Kailali,Dhangadhi Sub-Metropolitan City,6,,No,Yes,30,Shared,No,,,59.07
room,34599,4.9,Lumbini,Rupandehi,Butwal Sub-Metropolitan City,30,,Fully,No,20,Single,No,,,70.71
office,63523,8.64,Lumbini,Rupandehi,Butwal Sub-Metropolitan City,12,,No,Yes,30,,,5,Yes,100.0
office,99428,6.44,Bagmati,Bhaktapur,Bhaktapur Municipality,25,,Semi,No,20,,,8,No,97.03
home,10905928,9.05,Lumbini,Rupandehi,Butwal Sub-Metropolitan City,12,5,No,Yes,13,,,,,71.52
home,18366041,8.15,Bagmati,Lalitpur,Lalitpur Metropolitan City,28,1,Semi,No,16,,,,,72.24
office,139552,9.74,Bagmati,Lalitpur,Lalitpur Metropolitan City,11,,Semi,No,16,,,4,No,73.7
room,42055,5.42,Bagmati,Bhaktapur,Bhaktapur Municipality,7,,Fully,No,10,Shared,Yes,,,62.86
room,20038,9.75,Bagmati,Bhaktapur,Bhaktapur Municipality,21,,Semi,No,30,Shared,No,,,89.04
home,40101546,6.23,Bagmati,Kathmandu,Kathmandu Metropolitan City,25,1,No,No,25,,,,,87.43
home,20721597,1.52,Bagmati,Chitwan,Bharatpur Metropolitan City,27,1,Fully,Yes,20,,,,,59.78
land,37566538,5.86,Bagmati,Chitwan,Bharatpur Metropolitan City,17,,,,20,,,,,75.63
land,19813762,1.19,Bagmati,Chitwan,Bharatpur Metropolitan City,32,,,,30,,,,,58.77
room,22738,3.87,Koshi,Morang,Biratnagar Metropolitan City,25,,Fully,No,25,Double,No,,,96.8
land,43632344,6.09,Koshi,Jhapa,Birtamode Municipality,27,,,,13,,,,,58.66
home,11008370,3.97,Bagmati,Chitwan,Bharatpur Metropolitan City,6,3,No,No,30,,,,,100.0
office,41309,4.2,Lumbini,Rupandehi,Butwal Sub-Metropolitan City,1,,No,No,25,,,4,No,93.2
office,130179,3.65,Sudurpashchim,Kailali,Dhangadhi Sub-Metropolitan City,21,,Semi,No,25,,,4,Yes,71.56
room,23663,7.59,Bagmati,Chitwan,Bharatpur Metropolitan City,14,,Fully,Yes,30,Shared,No,,,92.32
office,125845,6.87,Sudurpashchim,Kailali,Dhangadhi Sub-Metropolitan City,9,,No,No,10,,,3,Yes,80.51
land,6259338,2.23,Gandaki,Kaski,Pokhara Metropolitan City,13,,,,25,,,,,93.42
room,23509,5.08,Bagmati,Bhaktapur,Bhaktapur Municipality,4,,Semi,No,25,Shared,Yes,,,100.0
room,27410,8.71,Gandaki,Kaski,Pokhara Metropolitan City,28,,Semi,No,16,Double,No,,,63.01
office,37394,6.96,Koshi,Jhapa,Birtamode Municipality,12,,No,No,10,,,6,Yes,72.94
room,22910,5.81,Bagmati,Chitwan,Bharatpur Metropolitan City,12,,No,Yes,20,Double,Yes,,,86.9
room,9417,7.46,Bagmati,Chitwan,Bharatpur Metropolitan City,20,,Fully,Yes,16,Double,No,,,69.19
room,8179,8.14,Bagmati,Chitwan,Bharatpur Metropolitan City,3,,Fully,No,25,Shared,No,,,83.51
home,20288420,9.95,Bagmati,Lalitpur,Lalitpur Metropolitan City,24,4,No,No,16,,,,,83.4
home,31440887,2.98,Gandaki,Kaski,Pokhara Metropolitan City,27,3,Fully,No,13,,,,,72.03
office,129675,2.27,Sudurpashchim,Kailali,Dhangadhi Sub-Metropolitan City,23,,No,No,13,,,7,Yes,68.47
room,32677,8.57,Bagmati,Chitwan,Bharatpur Metropolitan City,7,,No,No,25,Single,No,,,64.46
land,11429552,3.17,Bagmati,Bhaktapur,Bhaktapur Municipality,3,,,,20,,,,,84.66
home,21729321,9.85,Sudurpashchim,Kailali,Dhangadhi Sub-Metropolitan City,25,2,Semi,Yes,13,,,,,87.29
home,7062460,7.82,Koshi,Morang,Biratnagar Metropolitan City,25,4,Semi,Yes,13,,,,,81.27
land,34356559,2.25,Bagmati,Chitwan,Bharatpur Metropolitan City,12,,,,10,,,,,47.69
room,28820,5.35,Bagmati,Lalitpur,Lalitpur Metropolitan City,18,,Semi,No,20,Shared,No,,,84.47
room,15567,5.56,Bagmati,Kathmandu,Kathmandu Metropolitan City,8,,No,No,30,Double,Yes,,,94.12
office,28358,8.83,Lumbini,Rupandehi,Butwal Sub-Metropolitan City,9,,Semi,No,16,,,4,Yes,65.08
office,29941,5.77,Gandaki,Kaski,Pokhara Metropolitan City,5,,Fully,No,30,,,6,No,73.49
home,17966945,5.71,Bagmati,Bhaktapur,Bhaktapur Municipality,14,4,Semi,Yes,16,,,,,100.0
office,59113,4.4,Bagmati,Lalitpur,Lalitpur Metropolitan City,16,,Fully,No,25,,,5,No,93.5
land,17637591,4.65,Gandaki,Kaski,Pokhara Metropolitan City,3,,,,25,,,,,75.34
office,148149,5.1,Sudurpashchim,Kailali,Dhangadhi Sub-Metropolitan City,10,,Fully,No,10,,,3,Yes,66.63
home,8500740,1.48,Bagmati,Bhaktapur,Bhaktapur Municipality,19,1,No,No,20,,,,,72.97
land,48049661,9.63,Bagmati,Lalitpur,Lalitpur Metropolitan City,17,,,,20,,,,,91.03
home,8158299,7.11,Koshi,Jhapa,Birtamode Municipality,18,2,Semi,No,20,,,,,78.13
land,48565777,7.89,Koshi,Jhapa,Birtamode Municipality,5,,,,20,,,,,54.64
land,32062569,7.04,Gandaki,Kaski,Pokhara Metropolitan City,16,,,,20,,,,,72.46
room,9706,1.79,Bagmati,Kathmandu,Kathmandu Metropolitan City,29,,Semi,No,25,Single,Yes,,,94.61
office,126813,6.92,Koshi,Jhapa,Birtamode Municipality,32,,Fully,Yes,13,,,2,No,87.37
home,10554347,8.07,Gandaki,Kaski,Pokhara Metropolitan City,13,1,Fully,Yes,10,,,,,83.72
home,11199862,5.21,Koshi,Jhapa,Birtamode Municipality,23,2,No,Yes,13,,,,,86.85
office,132845,4.04,Bagmati,Bhaktapur,Bhaktapur Municipality,32,,No,No,20,,,8,Yes,87.96
home,12560168,1.34,Lumbini,Rupandehi,Butwal Sub-Metropolitan City,27,3,Fully,No,16,,,,,70.82
office,135386,2.14,Gandaki,Kaski,Pokhara Metropolitan City,17,,Fully,Yes,30,,,4,Yes,76.6
home,20101284,8.65,Koshi,Morang,Biratnagar Metropolitan City,19,3,Semi,Yes,20,,,,,96.73
home,42614100,5.62,Koshi,Morang,Biratnagar Metropolitan City,21,4,No,No,20,,,,,83.12
room,25681,4.62,Gandaki,Kaski,Pokhara Metropolitan City,16,,Fully,Yes,13,Single,Yes,,,81.73
land,24474207,3.65,Bagmati,Bhaktapur,Bhaktapur Municipality,24,,,,20,,,,,76.35
land,16891816,9.83,Sudurpashchim,Kailali,Dhangadhi Sub-Metropolitan City,6,,,,10,,,,,71.71
office,37641,6.99,Koshi,Jhapa,Birtamode Municipality,7,,Fully,No,10,,,2,Yes,72.8
home,12302854,6.94,Bagmati,Lalitpur,Lalitpur Metropolitan City,3,4,Semi,No,25,,,,,100.0
land,18777422,6.48,Lumbini,Rupandehi,Butwal Sub-Metropolitan City,27,,,,16,,,,,86.5
home,40767538,4.68,Koshi,Morang,Biratnagar Metropolitan City,24,4,Fully,No,13,,,,,76.07
room,43103,1.3,Koshi,Morang,Biratnagar Metropolitan City,12,,Semi,Yes,30,Double,Yes,,,64.26
home,16126381,1.77,Lumbini,Rupandehi,Butwal Sub-Metropolitan City,14,2,Fully,No,10,,,,,76.98
room,38117,4.95,Koshi,Jhapa,Birtamode Municipality,8,,No,No,25,Shared,No,,,51.08
office,70607,6.42,Bagmati,Lalitpur,Lalitpur Metropolitan City,7,,No,Yes,20,,,1,No,96.09
room,30553,7.99,Koshi,Jhapa,Birtamode Municipality,23,,Fully,Yes,30,Shared,Yes,,,77.03
office,60367,5.5,Bagmati,Bhaktapur,Bhaktapur Municipality,20,,Semi,Yes,30,,,7,No,91.6
land,36459763,7.39,Gandaki,Kaski,Pokhara Metropolitan City,21,,,,16,,,,,78.14
home,8085839,4.87,Gandaki,Kaski,Pokhara Metropolitan City,28,4,Semi,Yes,20,,,,,94.03
home,47006584,7.59,Lumbini,Rupandehi,Butwal Sub-Metropolitan City,19,1,Semi,Yes,25,,,,,81.85
land,44073648,5.65,Bagmati,Chitwan,Bharatpur Metropolitan City,10,,,,30,,,,,81.34
land,42417487,1.23,Bagmati,Chitwan,Bharatpur Metropolitan City,6,,,,10,,,,,41.42
home,28116707,9.44,Bagmati,Bhaktapur,Bhaktapur Municipality,29,5,Semi,No,30,,,,,75.44
room,15953,4.9,Bagmati,Chitwan,Bharatpur Metropolitan City,19,,Semi,No,13,Shared,No,,,89.46
land,18585487,6.9,Koshi,Jhapa,Birtamode Municipality,26,,,,25,,,,,79.21
home,40927720,9.68,Bagmati,Lalitpur,Lalitpur Metropolitan City,8,4,Fully,Yes,30,,,,,100.0
land,3659826,3.47,Sudurpashchim,Kailali,Dhangadhi Sub-Metropolitan City,13,,,,10,,,,,65.17
land,7195569,3.11,Bagmati,Kathmandu,Kathmandu Metropolitan City,22,,,,25,,,,,92.16
office,127626,5.34,Bagmati,Bhaktapur,Bhaktapur Municipality,17,,No,No,30,,,8,No,74.59
office,92636,1.26,Sudurpashchim,Kailali,Dhangadhi Sub-Metropolitan City,11,,Semi,Yes,13,,,2,Yes,67.93
office,24014,2.34,Bagmati,Chitwan,Bharatpur Metropolitan City,12,,Fully,Yes,16,,,3,No,84.63
office,83666,5.0,Bagmati,Kathmandu,Kathmandu Metropolitan City,18,,No,Yes,16,,,2,No,81.09
office,62859,4.93,Bagmati,Lalitpur,Lalitpur Metropolitan City,32,,Fully,Yes,20,,,1,No,100.0
home,21367482,8.32,Koshi,Jhapa,Birtamode Municipality,27,1,Semi,Yes,16,,,,,65.44
room,19431,8.11,Koshi,Jhapa,Birtamode Municipality,20,,Fully,Yes,20,Shared,No,,,62.07
land,47300984,6.82,Koshi,Morang,Biratnagar Metropolitan City,8,,,,10,,,,,54.14
room,8472,2.31,Lumbini,Rupandehi,Butwal Sub-Metropolitan City,16,,No,Yes,13,Shared,No,,,65.81
office,26923,3.21,Lumbini,Rupandehi,Butwal Sub-Metropolitan City,31,,Semi,Yes,13,,,1,Yes,87.62
office,60660,2.18,Bagmati,Bhaktapur,Bhaktapur Municipality,20,,Semi,No,10,,,7,Yes,61.61
room,24054,6.13,Koshi,Jhapa,Birtamode Municipality,31,,Semi,No,20,Shared,Yes,,,100.0
home,19724509,9.11,Sudurpashchim,Kailali,Dhangadhi Sub-Metropolitan City,12,5,Fully,No,10,,,,,58.39
office,131678,5.91,Bagmati,Lalitpur,Lalitpur Metropolitan City,4,,Fully,No,30,,,6,Yes,75.72
office,113275,3.48,Sudurpashchim,Kailali,Dhangadhi Sub-Metropolitan City,6,,Semi,No,20,,,7,No,72.01
office,82582,2.75,Koshi,Jhapa,Birtamode Municipality,1,,Fully,Yes,20,,,5,Yes,74.67
home,32222301,7.09,Sudurpashchim,Kailali,Dhangadhi Sub-Metropolitan City,2,3,No,No,30,,,,,96.38
office,101269,8.96,Bagmati,Lalitpur,Lalitpur Metropolitan City,7,,No,No,30,,,7,No,87.74
office,90750,8.42,Bagmati,Lalitpur,Lalitpur Metropolitan City,24,,Fully,No,10,,,2,No,57.27
room,17703,6.78,Lumbini,Rupandehi,Butwal Sub-Metropolitan City,4,,Fully,Yes,30,Shared,No,,,78.43
land,38044560,3.03,Sudurpashchim,Kailali,Dhangadhi Sub-Metropolitan City,31,,,,20,,,,,67.75
room,47523,1.78,Koshi,Morang,Biratnagar Metropolitan City,5,,No,Yes,20,Double,No,,,63.06
home,28999753,4.6,Bagmati,Lalitpur,Lalitpur Metropolitan City,3,3,Fully,Yes,25,,,,,100.0
land,9050174,6.38,Bagmati,Lalitpur,Lalitpur Metropolitan City,32,,,,10,,,,,66.03
land,48674108,2.71,Sudurpashchim,Kailali,Dhangadhi Sub-Metropolitan City,27,,,,16,,,,,46.92
land,10224773,5.78,Sudurpashchim,Kailali,Dhangadhi Sub-Metropolitan City,32,,,,10,,,,,70.69
home,38178622,9.92,Bagmati,Lalitpur,Lalitpur Metropolitan City,26,4,Semi,No,10,,,,,84.01
room,49797,8.23,Sudurpashchim,Kailali,Dhangadhi Sub-Metropolitan City,29,,Fully,Yes,13,Double,No,,,54.02
office,45411,1.1,Koshi,Morang,Biratnagar Metropolitan City,19,,Semi,Yes,13,,,1,Yes,76.41
land,39279941,2.14,Bagmati,Chitwan,Bharatpur Metropolitan City,27,,,,25,,,,,54.68
room,12220,7.95,Koshi,Morang,Biratnagar Metropolitan City,12,,No,Yes,20,Shared,Yes,,,88.16
land,37149596,8.41,Bagmati,Bhaktapur,Bhaktapur Municipality,31,,,,16,,,,,83.63
office,27576,2.99,Bagmati,Kathmandu,Kathmandu Metropolitan City,10,,No,No,10,,,8,No,68.15
office,72123,1.28,Gandaki,Kaski,Pokhara Metropolitan City,5,,No,Yes,16,,,5,Yes,69.73
land,34967436,6.51,Bagmati,Kathmandu,Kathmandu Metropolitan City,6,,,,25,,,,,98.56
office,29238,8.88,Lumbini,Rupandehi,Butwal Sub-Metropolitan City,3,,Semi,Yes,25,,,4,Yes,100.0
land,27857211,2.14,Gandaki,Kaski,Pokhara Metropolitan City,23,,,,13,,,,,39.56
land,14457785,1.04,Sudurpashchim,Kailali,Dhangadhi Sub-Metropolitan City,30,,,,10,,,,,35.7
home,37731036,6.31,Koshi,Jhapa,Birtamode Municipality,15,3,Semi,No,13,,,,,87.48
land,43520620,3.81,Gandaki,Kaski,Pokhara Metropolitan City,29,,,,13,,,,,58.55
room,47825,2.19,Koshi,Jhapa,Birtamode Municipality,20,,Semi,Yes,10,Double,No,,,47.43
office,68537,8.01,Koshi,Jhapa,Birtamode Municipality,23,,Fully,No,25,,,4,No,84.22
office,95784,1.9,Bagmati,Kathmandu,Kathmandu Metropolitan City,18,,Semi,Yes,25,,,2,No,68.0
office,40567,9.8,Bagmati,Chitwan,Bharatpur Metropolitan City,32,,Fully,No,10,,,4,Yes,82.36
home,39465293,5.89,Bagmati,Kathmandu,Kathmandu Metropolitan City,29,2,Semi,No,30,,,,,100.0
home,25253131,8.27,Gandaki,Kaski,Pokhara Metropolitan City,12,1,Fully,No,25,,,,,100.0
home,33956179,5.85,Sudurpashchim,Kailali,Dhangadhi Sub-Metropolitan City,19,2,No,Yes,13,,,,,99.6
room,12524,3.22,Gandaki,Kaski,Pokhara Metropolitan City,13,,No,No,13,Shared,No,,,77.44
room,49637,4.16,Bagmati,Chitwan,Bharatpur Metropolitan City,29,,Semi,No,25,Single,Yes,,,74.55
land,36858094,9.61,Koshi,Jhapa,Birtamode Municipality,12,,,,16,,,,,71.01
room,32412,8.5,Bagmati,Bhaktapur,Bhaktapur Municipality,20,,No,No,13,Single,Yes,,,69.84
office,141559,1.39,Sudurpashchim,Kailali,Dhangadhi Sub-Metropolitan City,9,,Semi,No,10,,,2,No,55.18
office,96893,2.77,Lumbini,Rupandehi,Butwal Sub-Metropolitan City,21,,Semi,No,25,,,7,Yes,59.38
office,124708,5.9,Lumbini,Rupandehi,Butwal Sub-Metropolitan City,20,,No,No,20,,,7,Yes,90.4
home,46026657,5.28,Koshi,Morang,Biratnagar Metropolitan City,4,5,Fully,Yes,13,,,,,85.21
home,46717495,5.66,Bagmati,Chitwan,Bharatpur Metropolitan City,3,5,Fully,Yes,13,,,,,84.39
home,19108737,9.32,Gandaki,Kaski,Pokhara Metropolitan City,15,1,Semi,No,10,,,,,57.88
office,64419,2.11,Bagmati,Kathmandu,Kathmandu Metropolitan City,3,,Semi,Yes,16,,,5,Yes,79.29
office,86148,4.28,Gandaki,Kaski,Pokhara Metropolitan City,13,,Fully,Yes,25,,,5,Yes,97.48
room,15609,8.46,Sudurpashchim,Kailali,Dhangadhi Sub-Metropolitan City,26,,Semi,No,20,Double,Yes,,,88.0
land,40626412,9.85,Sudurpashchim,Kailali,Dhangadhi Sub-Metropolitan City,9,,,,13,,,,,72.31
home,20555512,2.52,Bagmati,Lalitpur,Lalitpur Metropolitan City,17,3,No,No,25,,,,,75.57
land,9268690,8.35,Lumbini,Rupandehi,Butwal Sub-Metropolitan City,26,,,,13,,,,,86.56
home,47321159,7.65,Gandaki,Kaski,Pokhara Metropolitan City,16,3,No,Yes,13,,,,,86.77
home,9333044,3.29,Lumbini,Rupandehi,Butwal Sub-Metropolitan City,32,1,Semi,No,25,,,,,96.76
home,5775454,5.57,Bagmati,Chitwan,Bharatpur Metropolitan City,6,5,Fully,No,10,,,,,75.44
office,37269,6.69,Bagmati,Lalitpur,Lalitpur Metropolitan City,11,,No,Yes,20,,,4,No,89.49
room,45479,2.94,Gandaki,Kaski,Pokhara Metropolitan City,20,,Fully,No,10,Double,No,,,50.7
room,19186,6.44,Bagmati,Bhaktapur,Bhaktapur Municipality,1,,No,Yes,20,Single,No,,,89.8
office,73942,9.47,Koshi,Morang,Biratnagar Metropolitan City,17,,No,Yes,25,,,7,No,71.5
office,108991,2.86,Lumbini,Rupandehi,Butwal Sub-Metropolitan City,1,,Semi,Yes,30,,,8,Yes,68.38
office,145137,3.19,Koshi,Morang,Biratnagar Metropolitan City,27,,No,Yes,10,,,6,No,63.15
home,33727565,8.6,Bagmati,Kathmandu,Kathmandu Metropolitan City,32,1,No,No,10,,,,,59.98
land,5565416,3.36,Lumbini,Rupandehi,Butwal Sub-Metropolitan City,8,,,,13,,,,,73.71
land,35071591,8.89,Bagmati,Chitwan,Bharatpur Metropolitan City,12,,,,16,,,,,63.0
land,23597016,4.33,Bagmati,Lalitpur,Lalitpur Metropolitan City,29,,,,16,,,,,79.73
home,34572747,1.0,Gandaki,Kaski,Pokhara Metropolitan City,7,4,Fully,Yes,16,,,,,77.03
office,59936,1.63,Sudurpashchim,Kailali,Dhangadhi Sub-Metropolitan City,21,,Fully,No,30,,,5,Yes,69.99
office,127630,2.14,Koshi,Morang,Biratnagar Metropolitan City,11,,Semi,No,10,,,5,No,61.3
room,16545,6.55,Bagmati,Bhaktapur,Bhaktapur Municipality,6,,Fully,No,13,Single,Yes,,,100.0
room,8369,6.45,Bagmati,Bhaktapur,Bhaktapur Municipality,18,,Semi,No,10,Double,Yes,,,77.31
room,25472,1.52,Bagmati,Kathmandu,Kathmandu Metropolitan City,24,,Fully,Yes,13,Single,Yes,,,81.89
land,30662663,1.08,Sudurpashchim,Kailali,Dhangadhi Sub-Metropolitan City,18,,,,16,,,,,32.87
land,20526763,3.69,Gandaki,Kaski,Pokhara Metropolitan City,23,,,,25,,,,,64.16
office,34149,3.24,Koshi,Morang,Biratnagar Metropolitan City,22,,Fully,Yes,25,,,3,Yes,85.98
room,35622,9.3,Bagmati,Chitwan,Bharatpur Metropolitan City,24,,No,Yes,13,Single,No,,,62.23
room,40905,3.61,Gandaki,Kaski,Pokhara Metropolitan City,32,,No,No,10,Double,Yes,,,69.45
office,76525,2.95,Gandaki,Kaski,Pokhara Metropolitan City,6,,Fully,No,16,,,2,Yes,66.71
office,98262,8.83,Bagmati,Kathmandu,Kathmandu Metropolitan City,23,,Fully,No,20,,,1,No,76.96
home,19446797,9.43,Koshi,Jhapa,Birtamode Municipality,9,5,No,Yes,30,,,,,84.84
land,16704579,5.99,Bagmati,Lalitpur,Lalitpur Metropolitan City,32,,,,30,,,,,100.0
home,20987263,9.18,Bagmati,Lalitpur,Lalitpur Metropolitan City,25,4,Fully,No,10,,,,,81.46
home,31117947,2.0,Koshi,Jhapa,Birtamode Municipality,2,2,No,No,20,,,,,47.03
office,87617,5.92,Koshi,Morang,Biratnagar Metropolitan City,11,,Fully,Yes,25,,,8,Yes,91.47
land,43020472,8.04,Gandaki,Kaski,Pokhara Metropolitan City,6,,,,25,,,,,88.22
office,130758,5.89,Koshi,Morang,Biratnagar Metropolitan City,1,,No,Yes,16,,,8,Yes,88.68
office,31752,4.88,Sudurpashchim,Kailali,Dhangadhi Sub-Metropolitan City,10,,Semi,Yes,10,,,7,Yes,85.65
office,118527,2.91,Bagmati,Lalitpur,Lalitpur Metropolitan City,9,,Semi,No,10,,,4,Yes,53.17
room,26428,7.21,Gandaki,Kaski,Pokhara Metropolitan City,30,,Fully,No,16,Single,No,,,66.91
room,34080,7.14,Bagmati,Bhaktapur,Bhaktapur Municipality,26,,No,Yes,13,Shared,No,,,65.22
office,78883,6.36,Koshi,Morang,Biratnagar Metropolitan City,19,,No,No,30,,,8,No,85.22
land,17222383,2.29,Bagmati,Kathmandu,Kathmandu Metropolitan City,18,,,,16,,,,,54.28
office,126421,8.65,Bagmati,Kathmandu,Kathmandu Metropolitan City,25,,Semi,No,13,,,8,No,84.12
office,99680,8.83,Bagmati,Chitwan,Bharatpur Metropolitan City,10,,Semi,No,13,,,8,Yes,70.67
room,12332,4.42,Koshi,Morang,Biratnagar Metropolitan City,21,,No,Yes,20,Shared,Yes,,,86.23
land,35180671,3.38,Bagmati,Chitwan,Bharatpur Metropolitan City,8,,,,25,,,,,66.71
office,30992,9.66,Lumbini,Rupandehi,Butwal Sub-Metropolitan City,20,,No,No,10,,,6,No,78.07
room,13755,4.82,Bagmati,Lalitpur,Lalitpur Metropolitan City,29,,Fully,No,10,Shared,No,,,77.68
land,10925905,6.8,Gandaki,Kaski,Pokhara Metropolitan City,7,,,,25,,,,,100.0
room,47898,8.42,Bagmati,Kathmandu,Kathmandu Metropolitan City,2,,Fully,Yes,13,Single,No,,,67.95
home,9618910,8.67,Sudurpashchim,Kailali,Dhangadhi Sub-Metropolitan City,18,3,No,No,25,,,,,96.22
room,37306,6.28,Koshi,Jhapa,Birtamode Municipality,11,,Fully,No,25,Single,No,,,72.38
land,11765682,5.91,Gandaki,Kaski,Pokhara Metropolitan City,29,,,,10,,,,,75.74
home,46867825,1.59,Bagmati,Kathmandu,Kathmandu Metropolitan City,7,1,Semi,Yes,16,,,,,68.47
room,29372,2.0,Bagmati,Chitwan,Bharatpur Metropolitan City,18,,No,No,25,Double,Yes,,,89.3
room,43507,6.01,Gandaki,Kaski,Pokhara Metropolitan City,22,,Semi,Yes,10,Double,Yes,,,79.07
land,15117691,1.67,Gandaki,Kaski,Pokhara Metropolitan City,29,,,,16,,,,,58.69
office,146378,8.5,Koshi,Morang,Biratnagar Metropolitan City,16,,Fully,No,20,,,3,No,98.81
land,21787549,2.79,Koshi,Morang,Biratnagar Metropolitan City,21,,,,30,,,,,64.42
land,36860339,5.24,Bagmati,Lalitpur,Lalitpur Metropolitan City,23,,,,10,,,,,60.85
office,68379,5.6,Bagmati,Bhaktapur,Bhaktapur Municipality,24,,Semi,Yes,25,,,8,Yes,97.58
land,43565171,2.79,Sudurpashchim,Kailali,Dhangadhi Sub-Metropolitan City,24,,,,10,,,,,47.66
office,122243,6.83,Sudurpashchim,Kailali,Dhangadhi Sub-Metropolitan City,1,,No,No,16,,,7,Yes,84.77
room,18468,2.27,Bagmati,Chitwan,Bharatpur Metropolitan City,4,,Semi,No,16,Shared,Yes,,,85.54
office,56665,5.51,Koshi,Morang,Biratnagar Metropolitan City,12,,No,No,25,,,1,Yes,100.0
land,42806802,6.67,Bagmati,Bhaktapur,Bhaktapur Municipality,2,,,,25,,,,,84.9
office,68110,2.41,Gandaki,Kaski,Pokhara Metropolitan City,7,,Semi,Yes,10,,,6,Yes,71.53
room,38460,6.37,Bagmati,Bhaktapur,Bhaktapur Municipality,17,,Semi,Yes,25,Single,No,,,78.39
home,37232496,8.94,Bagmati,Kathmandu,Kathmandu Metropolitan City,17,3,Fully,Yes,10,,,,,89.97
office,110440,8.08,Koshi,Morang,Biratnagar Metropolitan City,8,,Semi,No,10,,,3,Yes,76.78
home,24546828,8.58,Gandaki,Kaski,Pokhara Metropolitan City,25,3,Semi,Yes,10,,,,,93.29
room,30727,7.57,Bagmati,Bhaktapur,Bhaktapur Municipality,30,,No,Yes,25,Shared,Yes,,,73.23
home,41690832,7.92,Koshi,Jhapa,Birtamode Municipality,10,4,Fully,Yes,16,,,,,98.74
home,19016142,9.56,Bagmati,Lalitpur,Lalitpur Metropolitan City,16,4,Fully,No,20,,,,,100.0
room,42841,9.06,Bagmati,Chitwan,Bharatpur Metropolitan City,27,,Semi,Yes,16,Shared,No,,,61.09
room,41234,3.12,Bagmati,Kathmandu,Kathmandu Metropolitan City,16,,Fully,Yes,20,Double,No,,,79.8
home,24470396,1.69,Bagmati,Bhaktapur,Bhaktapur Municipality,29,4,Fully,No,13,,,,,66.11
land,21338263,8.89,Gandaki,Kaski,Pokhara Metropolitan City,2,,,,25,,,,,89.06
land,38755112,7.45,Lumbini,Rupandehi,Butwal Sub-Metropolitan City,31,,,,10,,,,,62.34
room,39316,2.57,Koshi,Jhapa,Birtamode Municipality,3,,Fully,Yes,13,Shared,No,,,48.55
office,84455,5.1,Sudurpashchim,Kailali,Dhangadhi Sub-Metropolitan City,24,,Fully,Yes,25,,,1,No,82.64
room,46428,6.81,Bagmati,Kathmandu,Kathmandu Metropolitan City,23,,No,Yes,16,Single,Yes,,,79.4
room,38748,8.83,Bagmati,Chitwan,Bharatpur Metropolitan City,18,,No,Yes,30,Shared,Yes,,,57.3
land,38592776,1.45,Gandaki,Kaski,Pokhara Metropolitan City,32,,,,16,,,,,65.86
land,23384783,6.25,Bagmati,Kathmandu,Kathmandu Metropolitan City,5,,,,30,,,,,81.6
land,42295444,5.38,Koshi,Jhapa,Birtamode Municipality,9,,,,16,,,,,68.71
land,33185062,1.14,Lumbini,Rupandehi,Butwal Sub-Metropolitan City,24,,,,10,,,,,37.87
office,24600,3.43,Bagmati,Kathmandu,Kathmandu Metropolitan City,8,,No,Yes,20,,,5,Yes,100.0
office,148941,5.1,Gandaki,Kaski,Pokhara Metropolitan City,29,,Semi,No,16,,,8,No,78.24
office,31363,7.12,Lumbini,Rupandehi,Butwal Sub-Metropolitan City,10,,Fully,Yes,10,,,1,No,72.31
land,32938833,7.66,Bagmati,Kathmandu,Kathmandu Metropolitan City,30,,,,30,,,,,85.41
office,111324,6.87,Bagmati,Chitwan,Bharatpur Metropolitan City,25,,Fully,Yes,16,,,4,No,91.97
land,21396199,6.87,Bagmati,Bhaktapur,Bhaktapur Municipality,14,,,,10,,,,,88.78
home,13428316,5.44,Gandaki,Kaski,Pokhara Metropolitan City,5,3,No,No,25,,,,,93.76
office,102927,6.67,Bagmati,Bhaktapur,Bhaktapur Municipality,3,,Semi,Yes,10,,,4,No,83.08
home,8438723,2.27,Lumbini,Rupandehi,Butwal Sub-Metropolitan City,16,4,Fully,Yes,13,,,,,100.0
land,22694144,8.91,Bagmati,Bhaktapur,Bhaktapur Municipality,20,,,,20,,,,,75.15
home,24134526,9.5,Lumbini,Rupandehi,Butwal Sub-Metropolitan City,15,1,Fully,No,30,,,,,75.83
room,43391,9.39,Bagmati,Kathmandu,Kathmandu Metropolitan City,21,,No,Yes,30,Single,No,,,71.77
office,100133,4.47,Lumbini,Rupandehi,Butwal Sub-Metropolitan City,16,,Semi,Yes,13,,,8,Yes,69.78
home,11153703,7.11,Bagmati,Kathmandu,Kathmandu Metropolitan City,9,3,No,Yes,30,,,,,87.17
office,36973,2.89,Bagmati,Lalitpur,Lalitpur Metropolitan City,22,,Semi,No,10,,,7,Yes,75.71
home,20535740,6.34,Bagmati,Lalitpur,Lalitpur Metropolitan City,32,2,Semi,Yes,10,,,,,93.28
office,41287,5.63,Bagmati,Chitwan,Bharatpur Metropolitan City,30,,No,No,13,,,6,No,75.48
home,49319791,5.82,Bagmati,Lalitpur,Lalitpur Metropolitan City,7,2,Fully,No,10,,,,,95.16
office,28578,9.0,Koshi,Morang,Biratnagar Metropolitan City,3,,Fully,No,30,,,3,No,84.57
room,46495,6.69,Bagmati,Bhaktapur,Bhaktapur Municipality,23,,Fully,No,30,Double,No,,,64.12
room,26343,7.77,Koshi,Jhapa,Birtamode Municipality,11,,Fully,Yes,16,Double,Yes,,,71.78
office,44735,5.05,Lumbini,Rupandehi,Butwal Sub-Metropolitan City,20,,Semi,No,13,,,7,Yes,81.63
land,43171214,3.74,Koshi,Morang,Biratnagar Metropolitan City,12,,,,10,,,,,65.42
office,47879,5.69,Lumbini,Rupandehi,Butwal Sub-Metropolitan City,14,,Fully,No,13,,,4,Yes,92.1
home,28217323,2.18,Bagmati,Lalitpur,Lalitpur Metropolitan City,4,3,Fully,Yes,16,,,,,82.87
home,9504939,8.04,Koshi,Morang,Biratnagar Metropolitan City,25,1,Semi,No,30,,,,,64.42
home,10332325,1.11,Bagmati,Lalitpur,Lalitpur Metropolitan City,21,5,No,Yes,16,,,,,71.14
home,34909782,8.84,Gandaki,Kaski,Pokhara Metropolitan City,10,1,Fully,No,20,,,,,71.55
office,67981,7.06,Sudurpashchim,Kailali,Dhangadhi Sub-Metropolitan City,14,,Fully,No,25,,,1,Yes,72.28
home,15650391,5.37,Bagmati,Chitwan,Bharatpur Metropolitan City,16,3,Semi,No,20,,,,,98.8
office,22055,3.96,Sudurpashchim,Kailali,Dhangadhi Sub-Metropolitan City,13,,Semi,Yes,13,,,8,No,83.77
room,23451,4.75,Bagmati,Chitwan,Bharatpur Metropolitan City,29,,Semi,No,16,Double,Yes,,,100.0
room,22935,1.08,Koshi,Jhapa,Birtamode Municipality,29,,Semi,No,10,Shared,Yes,,,84.11
room,26013,6.42,Bagmati,Bhaktapur,Bhaktapur Municipality,28,,Fully,No,13,Shared,No,,,87.47
land,45821006,2.36,Sudurpashchim,Kailali,Dhangadhi Sub-Metropolitan City,7,,,,10,,,,,56.95
office,65487,2.46,Koshi,Morang,Biratnagar Metropolitan City,2,,Semi,Yes,13,,,1,Yes,70.98
room,46112,2.89,Koshi,Jhapa,Birtamode Municipality,21,,No,No,30,Double,No,,,66.79
home,10913067,6.23,Bagmati,Chitwan,Bharatpur Metropolitan City,20,4,Semi,Yes,30,,,,,100.0
room,14142,4.11,Bagmati,Chitwan,Bharatpur Metropolitan City,27,,No,No,10,Single,No,,,77.35
room,31015,6.34,Koshi,Morang,Biratnagar Metropolitan City,22,,No,No,16,Double,No,,,65.89
land,34700009,1.39,Bagmati,Lalitpur,Lalitpur Metropolitan City,3,,,,16,,,,,67.1
home,41520729,1.73,Bagmati,Chitwan,Bharatpur Metropolitan City,32,4,No,Yes,25,,,,,70.78
land,31264461,1.42,Lumbini,Rupandehi,Butwal Sub-Metropolitan City,27,,,,16,,,,,58.81
home,18876073,8.88,Lumbini,Rupandehi,Butwal Sub-Metropolitan City,18,4,Semi,Yes,13,,,,,93.89
room,49516,7.17,Bagmati,Lalitpur,Lalitpur Metropolitan City,2,,Semi,Yes,10,Single,Yes,,,54.36
room,26770,5.51,Bagmati,Kathmandu,Kathmandu Metropolitan City,4,,Semi,No,16,Single,Yes,,,86.83
office,91652,3.41,Bagmati,Kathmandu,Kathmandu Metropolitan City,25,,Fully,Yes,13,,,4,No,69.47
office,134255,9.21,Bagmati,Kathmandu,Kathmandu Metropolitan City,15,,Fully,Yes,20,,,6,Yes,92.75
office,122314,8.38,Koshi,Jhapa,Birtamode Municipality,12,,No,Yes,30,,,7,No,89.26
home,8781199,6.74,Bagmati,Kathmandu,Kathmandu Metropolitan City,29,1,Semi,Yes,20,,,,,92.26
home,33849056,6.62,Lumbini,Rupandehi,Butwal Sub-Metropolitan City,29,5,Semi,No,30,,,,,77.5
room,19142,8.26,Bagmati,Lalitpur,Lalitpur Metropolitan City,4,,No,Yes,25,Shared,No,,,66.0
home,24854027,7.51,Gandaki,Kaski,Pokhara Metropolitan City,31,2,No,Yes,16,,,,,93.37
home,22822897,10.0,Lumbini,Rupandehi,Butwal Sub-Metropolitan City,12,4,Semi,Yes,16,,,,,81.99
land,12119780,4.18,Bagmati,Bhaktapur,Bhaktapur Municipality,14,,,,13,,,,,90.18
home,20095909,9.69,Gandaki,Kaski,Pokhara Metropolitan City,27,3,No,Yes,16,,,,,97.19
office,58602,5.46,Bagmati,Bhaktapur,Bhaktapur Municipality,25,,No,Yes,20,,,5,No,93.01
room,23473,6.73,Bagmati,Chitwan,Bharatpur Metropolitan City,5,,Fully,Yes,10,Single,Yes,,,77.31
home,8911651,2.66,Gandaki,Kaski,Pokhara Metropolitan City,21,2,Semi,No,30,,,,,82.11
room,30684,5.84,Bagmati,Chitwan,Bharatpur Metropolitan City,12,,Fully,No,10,Single,Yes,,,84.12
office,96378,7.2,Bagmati,Lalitpur,Lalitpur Metropolitan City,20,,Fully,No,10,,,5,No,64.57
land,10566053,5.03,Gandaki,Kaski,Pokhara Metropolitan City,7,,,,16,,,,,88.89
home,29733124,5.19,Lumbini,Rupandehi,Butwal Sub-Metropolitan City,22,1,Fully,No,30,,,,,90.06
land,13373543,5.33,Bagmati,Kathmandu,Kathmandu Metropolitan City,24,,,,20,,,,,78.33
home,24381471,3.7,Koshi,Jhapa,Birtamode Municipality,28,4,No,Yes,25,,,,,85.33
home,47189256,8.66,Koshi,Morang,Biratnagar Metropolitan City,6,2,Semi,Yes,10,,,,,80.71
room,20125,1.84,Koshi,Jhapa,Birtamode Municipality,2,,Semi,Yes,13,Double,Yes,,,82.57
office,141422,4.63,Lumbini,Rupandehi,Butwal Sub-Metropolitan City,18,,Fully,Yes,30,,,6,No,72.91
office,54629,7.66,Koshi,Jhapa,Birtamode Municipality,6,,Fully,Yes,20,,,3,No,76.06
land,31849709,1.79,Lumbini,Rupandehi,Butwal Sub-Metropolitan City,9,,,,16,,,,,66.07
office,106258,6.22,Gandaki,Kaski,Pokhara Metropolitan City,31,,No,Yes,25,,,4,No,97.98
room,45886,3.18,Bagmati,Lalitpur,Lalitpur Metropolitan City,19,,No,No,20,Double,No,,,56.84
land,12581673,6.38,Koshi,Morang,Biratnagar Metropolitan City,2,,,,30,,,,,97.68
land,42847945,9.17,Sudurpashchim,Kailali,Dhangadhi Sub-Metropolitan City,10,,,,30,,,,,81.84
home,39095597,3.3,Bagmati,Bhaktapur,Bhaktapur Municipality,30,5,Fully,Yes,25,,,,,74.31
land,28123782,4.4,Koshi,Jhapa,Birtamode Municipality,18,,,,10,,,,,54.87
office,145616,4.06,Bagmati,Chitwan,Bharatpur Metropolitan City,8,,Fully,Yes,10,,,4,No,55.14
office,61301,3.29,Bagmati,Chitwan,Bharatpur Metropolitan City,11,,No,No,13,,,5,Yes,88.59
room,15463,5.33,Gandaki,Kaski,Pokhara Metropolitan City,29,,No,Yes,30,Single,No,,,72.06
room,17296,8.04,Koshi,Morang,Biratnagar Metropolitan City,13,,Semi,Yes,13,Double,Yes,,,81.4
room,18060,1.86,Bagmati,Bhaktapur,Bhaktapur Municipality,31,,Fully,Yes,16,Double,No,,,80.42
office,93601,5.68,Sudurpashchim,Kailali,Dhangadhi Sub-Metropolitan City,24,,Semi,Yes,13,,,6,Yes,97.54
office,69608,7.78,Bagmati,Kathmandu,Kathmandu Metropolitan City,19,,Semi,No,16,,,1,No,79.92
room,21956,4.86,Gandaki,Kaski,Pokhara Metropolitan City,25,,Fully,Yes,20,Single,Yes,,,81.06
land,34674245,7.9,Koshi,Morang,Biratnagar Metropolitan City,25,,,,25,,,,,80.79
office,29945,8.58,Bagmati,Chitwan,Bharatpur Metropolitan City,10,,Semi,Yes,25,,,4,No,91.5
home,18527639,5.72,Sudurpashchim,Kailali,Dhangadhi Sub-Metropolitan City,32,1,Semi,No,10,,,,,67.24
land,14094423,7.58,Lumbini,Rupandehi,Butwal Sub-Metropolitan City,26,,,,30,,,,,92.66
land,34964227,7.68,Koshi,Jhapa,Birtamode Municipality,23,,,,30,,,,,67.66
office,113539,8.21,Bagmati,Chitwan,Bharatpur Metropolitan City,29,,Fully,Yes,16,,,1,Yes,99.49
office,94261,8.71,Koshi,Morang,Biratnagar Metropolitan City,29,,Fully,Yes,13,,,3,Yes,94.28
land,40572537,9.05,Bagmati,Chitwan,Bharatpur Metropolitan City,23,,,,20,,,,,90.59
home,11812116,2.42,Bagmati,Bhaktapur,Bhaktapur Municipality,26,5,Semi,Yes,10,,,,,73.41
land,20361897,7.96,Koshi,Morang,Biratnagar Metropolitan City,14,,,,25,,,,,79.27
land,48055426,5.26,Koshi,Jhapa,Birtamode Municipality,18,,,,13,,,,,49.48
office,42263,4.24,Sudurpashchim,Kailali,Dhangadhi Sub-Metropolitan City,25,,Semi,Yes,30,,,1,Yes,89.04
office,51649,1.44,Bagmati,Bhaktapur,Bhaktapur Municipality,12,,No,No,20,,,3,Yes,69.17
room,26947,6.28,Bagmati,Kathmandu,Kathmandu Metropolitan City,26,,No,Yes,20,Shared,No,,,84.62
office,23954,6.64,Sudurpashchim,Kailali,Dhangadhi Sub-Metropolitan City,24,,Fully,Yes,16,,,8,No,89.54
home,16650384,6.22,Bagmati,Kathmandu,Kathmandu Metropolitan City,25,2,No,Yes,10,,,,,81.68
room,39557,4.21,Koshi,Morang,Biratnagar Metropolitan City,24,,Semi,Yes,13,Single,No,,,64.43
home,28226457,2.89,Bagmati,Kathmandu,Kathmandu Metropolitan City,20,1,Semi,No,16,,,,,60.78
room,12141,4.37,Sudurpashchim,Kailali,Dhangadhi Sub-Metropolitan City,3,,Semi,No,13,Single,Yes,,,90.65
office,53516,7.41,Koshi,Jhapa,Birtamode Municipality,6,,Semi,Yes,20,,,1,Yes,75.27
home,30600773,9.5,Sudurpashchim,Kailali,Dhangadhi Sub-Metropolitan City,1,2,No,Yes,30,,,,,87.77
room,37085,8.02,Sudurpashchim,Kailali,Dhangadhi Sub-Metropolitan City,9,,Semi,No,10,Shared,Yes,,,41.85
room,24232,8.1,Gandaki,Kaski,Pokhara Metropolitan City,7,,No,Yes,10,Shared,Yes,,,77.34
home,8714260,7.84,Bagmati,Bhaktapur,Bhaktapur Municipality,21,3,No,No,16,,,,,91.91
home,23631902,7.5,Bagmati,Bhaktapur,Bhaktapur Municipality,17,4,Semi,No,10,,,,,83.03
home,10895079,4.28,Bagmati,Chitwan,Bharatpur Metropolitan City,10,4,Semi,No,25,,,,,96.63
room,43999,7.72,Koshi,Morang,Biratnagar Metropolitan City,19,,Fully,No,20,Shared,Yes,,,69.33
office,28319,6.77,Gandaki,Kaski,Pokhara Metropolitan City,21,,No,Yes,16,,,3,No,86.08
room,13825,3.46,Bagmati,Chitwan,Bharatpur Metropolitan City,15,,Fully,Yes,25,Shared,Yes,,,95.7
office,134072,3.93,Koshi,Jhapa,Birtamode Municipality,3,,Fully,No,13,,,7,No,67.17
room,49774,7.33,Bagmati,Chitwan,Bharatpur Metropolitan City,9,,Fully,No,30,Single,Yes,,,61.1
land,49124198,5.83,Lumbini,Rupandehi,Butwal Sub-Metropolitan City,15,,,,10,,,,,53.34
office,111466,9.95,Gandaki,Kaski,Pokhara Metropolitan City,2,,Semi,No,20,,,5,No,91.4
room,49313,3.05,Bagmati,Lalitpur,Lalitpur Metropolitan City,28,,Semi,No,30,Single,Yes,,,77.59
land,42509289,4.84,Bagmati,Chitwan,Bharatpur Metropolitan City,32,,,,10,,,,,55.22
office,118757,4.84,Bagmati,Bhaktapur,Bhaktapur Municipality,28,,Semi,No,16,,,2,No,94.3
land,28302776,2.43,Sudurpashchim,Kailali,Dhangadhi Sub-Metropolitan City,25,,,,20,,,,,49.16
home,18395277,4.75,Bagmati,Kathmandu,Kathmandu Metropolitan City,21,2,Fully,Yes,30,,,,,100.0
land,22708501,1.35,Gandaki,Kaski,Pokhara Metropolitan City,28,,,,16,,,,,49.35
office,65333,6.87,Lumbini,Rupandehi,Butwal Sub-Metropolitan City,20,,Semi,No,30,,,7,Yes,89.37
home,8587538,5.26,Bagmati,Kathmandu,Kathmandu Metropolitan City,20,3,Fully,No,30,,,,,100.0
land,47131930,1.33,Sudurpashchim,Kailali,Dhangadhi Sub-Metropolitan City,23,,,,30,,,,,60.28
land,18468904,4.54,Sudurpashchim,Kailali,Dhangadhi Sub-Metropolitan City,3,,,,30,,,,,91.37
home,30508298,6.07,Gandaki,Kaski,Pokhara Metropolitan City,22,4,No,No,25,,,,,71.18
home,42150302,2.59,Koshi,Morang,Biratnagar Metropolitan City,1,5,Fully,No,20,,,,,71.53
office,27939,8.71,Bagmati,Lalitpur,Lalitpur Metropolitan City,27,,Semi,No,16,,,2,No,95.02
office,121102,4.82,Bagmati,Chitwan,Bharatpur Metropolitan City,24,,Fully,Yes,20,,,4,No,98.17
office,31176,8.98,Bagmati,Bhaktapur,Bhaktapur Municipality,32,,No,No,25,,,1,Yes,92.48
room,35297,8.53,Lumbini,Rupandehi,Butwal Sub-Metropolitan City,26,,Semi,No,20,Double,No,,,67.79
land,5232279,2.48,Bagmati,Chitwan,Bharatpur Metropolitan City,8,,,,30,,,,,70.93
home,30381717,4.04,Bagmati,Chitwan,Bharatpur Metropolitan City,11,3,No,No,16,,,,,79.53
room,10606,9.11,Gandaki,Kaski,Pokhara Metropolitan City,10,,No,No,10,Single,Yes,,,72.82
office,59790,2.98,Gandaki,Kaski,Pokhara Metropolitan City,29,,Fully,No,25,,,5,Yes,83.48
home,31708300,1.8,Bagmati,Chitwan,Bharatpur Metropolitan City,31,2,Fully,Yes,25,,,,,93.2
room,19393,4.09,Sudurpashchim,Kailali,Dhangadhi Sub-Metropolitan City,4,,Semi,No,13,Single,No,,,76.81
land,31611607,7.6,Lumbini,Rupandehi,Butwal Sub-Metropolitan City,19,,,,13,,,,,61.95
home,42595882,3.05,Gandaki,Kaski,Pokhara Metropolitan City,10,4,Semi,No,30,,,,,79.28
room,19805,8.7,Bagmati,Chitwan,Bharatpur Metropolitan City,13,,Semi,Yes,20,Double,No,,,82.45
office,66282,9.13,Koshi,Morang,Biratnagar Metropolitan City,6,,Fully,No,16,,,3,Yes,69.95
land,47254169,5.43,Lumbini,Rupandehi,Butwal Sub-Metropolitan City,27,,,,20,,,,,71.67
office,76438,1.3,Koshi,Jhapa,Birtamode Municipality,23,,Fully,Yes,13,,,6,No,39.88
room,47122,5.14,Gandaki,Kaski,Pokhara Metropolitan City,21,,No,No,25,Double,No,,,38.55
office,52264,9.06,Bagmati,Bhaktapur,Bhaktapur Municipality,25,,Semi,No,13,,,6,Yes,87.95
room,45420,8.18,Bagmati,Kathmandu,Kathmandu Metropolitan City,29,,Semi,Yes,13,Single,Yes,,,59.07
home,7207037,1.6,Sudurpashchim,Kailali,Dhangadhi Sub-Metropolitan City,9,4,Fully,Yes,30,,,,,99.67
home,22169755,1.51,Sudurpashchim,Kailali,Dhangadhi Sub-Metropolitan City,5,3,Semi,No,30,,,,,68.46
home,28204382,5.03,Koshi,Morang,Biratnagar Metropolitan City,28,4,Fully,No,16,,,,,94.74
land,23848439,4.58,Bagmati,Kathmandu,Kathmandu Metropolitan City,29,,,,20,,,,,67.23
office,121713,3.52,Gandaki,Kaski,Pokhara Metropolitan City,3,,No,Yes,13,,,6,No,71.79
land,13305112,8.57,Bagmati,Bhaktapur,Bhaktapur Municipality,17,,,,20,,,,,76.36
home,41473375,6.46,Bagmati,Bhaktapur,Bhaktapur Municipality,12,1,Semi,Yes,10,,,,,71.25
land,4716871,7.06,Koshi,Jhapa,Birtamode Municipality,21,,,,16,,,,,85.86
room,29494,7.17,Gandaki,Kaski,Pokhara Metropolitan City,16,,Fully,Yes,20,Double,Yes,,,82.81
office,30031,2.62,Sudurpashchim,Kailali,Dhangadhi Sub-Metropolitan City,18,,Semi,No,25,,,8,No,65.3
home,29619672,5.07,Koshi,Jhapa,Birtamode Municipality,25,3,No,No,16,,,,,87.8
office,126289,5.18,Koshi,Morang,Biratnagar Metropolitan City,14,,No,No,13,,,8,No,82.5
room,14477,2.32,Bagmati,Bhaktapur,Bhaktapur Municipality,6,,Semi,No,13,Single,Yes,,,84.21
home,15180387,6.17,Bagmati,Lalitpur,Lalitpur Metropolitan City,24,5,No,No,13,,,,,100.0
office,142015,3.13,Bagmati,Bhaktapur,Bhaktapur Municipality,16,,Semi,Yes,30,,,5,No,75.62
home,24653098,6.12,Bagmati,Kathmandu,Kathmandu Metropolitan City,1,1,Fully,Yes,16,,,,,100.0
office,121173,7.99,Bagmati,Bhaktapur,Bhaktapur Municipality,12,,No,Yes,25,,,7,Yes,97.99
land,33188310,1.15,Bagmati,Lalitpur,Lalitpur Metropolitan City,2,,,,13,,,,,64.39
home,45885305,8.89,Gandaki,Kaski,Pokhara Metropolitan City,13,4,Semi,No,25,,,,,73.39
office,23892,1.1,Gandaki,Kaski,Pokhara Metropolitan City,22,,Semi,No,13,,,6,Yes,73.7
room,48073,3.83,Bagmati,Chitwan,Bharatpur Metropolitan City,5,,Fully,Yes,20,Single,Yes,,,90.16
room,10119,8.19,Koshi,Morang,Biratnagar Metropolitan City,28,,No,No,16,Shared,No,,,78.79
room,27719,2.78,Sudurpashchim,Kailali,Dhangadhi Sub-Metropolitan City,22,,Fully,Yes,10,Shared,Yes,,,58.9
land,28204833,7.85,Bagmati,Chitwan,Bharatpur Metropolitan City,13,,,,20,,,,,79.76
room,14308,2.43,Koshi,Morang,Biratnagar Metropolitan City,25,,No,Yes,25,Double,No,,,83.35
office,56853,9.98,Bagmati,Chitwan,Bharatpur Metropolitan City,30,,Semi,No,30,,,2,No,80.24
room,26700,4.58,Bagmati,Chitwan,Bharatpur Metropolitan City,18,,No,No,13,Shared,Yes,,,83.41
land,7351833,1.39,Bagmati,Lalitpur,Lalitpur Metropolitan City,9,,,,25,,,,,86.19
land,16117453,7.05,Koshi,Morang,Biratnagar Metropolitan City,32,,,,10,,,,,58.07
room,42108,5.99,Bagmati,Chitwan,Bharatpur Metropolitan City,6,,Fully,No,16,Shared,No,,,62.4
land,15644251,3.28,Gandaki,Kaski,Pokhara Metropolitan City,19,,,,30,,,,,89.34
land,14700774,4.04,Bagmati,Chitwan,Bharatpur Metropolitan City,11,,,,16,,,,,91.66
room,17431,3.5,Bagmati,Bhaktapur,Bhaktapur Municipality,5,,No,Yes,10,Double,No,,,69.53
land,48146768,6.29,Koshi,Morang,Biratnagar Metropolitan City,2,,,,10,,,,,52.15
home,13892247,3.09,Koshi,Morang,Biratnagar Metropolitan City,26,5,Fully,Yes,20,,,,,100.0
land,32210859,7.42,Koshi,Morang,Biratnagar Metropolitan City,12,,,,10,,,,,71.42
room,45558,9.34,Koshi,Jhapa,Birtamode Municipality,7,,Fully,No,10,Shared,Yes,,,50.38
land,40919780,1.13,Sudurpashchim,Kailali,Dhangadhi Sub-Metropolitan City,29,,,,25,,,,,55.75
room,16523,9.81,Koshi,Jhapa,Birtamode Municipality,25,,Fully,Yes,13,Single,No,,,68.56
office,100679,8.13,Bagmati,Bhaktapur,Bhaktapur Municipality,8,,No,Yes,16,,,3,No,79.55
office,45652,1.65,Bagmati,Kathmandu,Kathmandu Metropolitan City,28,,Semi,Yes,13,,,3,No,83.87
home,45144332,9.43,Koshi,Jhapa,Birtamode Municipality,9,2,Semi,Yes,13,,,,,89.75
land,44424280,3.35,Gandaki,Kaski,Pokhara Metropolitan City,5,,,,10,,,,,53.73
room,35500,6.37,Bagmati,Lalitpur,Lalitpur Metropolitan City,23,,No,No,13,Double,No,,,75.23
home,23179618,9.09,Bagmati,Bhaktapur,Bhaktapur Municipality,11,3,Fully,No,20,,,,,100.0
office,51464,2.55,Bagmati,Lalitpur,Lalitpur Metropolitan City,2,,Fully,Yes,20,,,6,Yes,100.0
land,45657429,4.57,Lumbini,Rupandehi,Butwal Sub-Metropolitan City,4,,,,25,,,,,72.48
room,42623,2.48,Bagmati,Chitwan,Bharatpur Metropolitan City,3,,No,Yes,30,Double,Yes,,,75.03
land,10761169,7.53,Koshi,Morang,Biratnagar Metropolitan City,15,,,,10,,,,,67.3
room,47619,6.59,Lumbini,Rupandehi,Butwal Sub-Metropolitan City,3,,Semi,No,16,Double,No,,,53.01
office,118770,8.16,Koshi,Jhapa,Birtamode Municipality,10,,No,Yes,16,,,5,Yes,86.04
room,30162,2.85,Gandaki,Kaski,Pokhara Metropolitan City,30,,Semi,No,30,Double,Yes,,,86.09
room,10672,9.43,Koshi,Morang,Biratnagar Metropolitan City,12,,No,Yes,25,Shared,No,,,69.84
home,40112927,6.2,Bagmati,Lalitpur,Lalitpur Metropolitan City,20,4,Semi,Yes,13,,,,,97.71
home,35246069,1.51,Gandaki,Kaski,Pokhara Metropolitan City,14,3,No,Yes,13,,,,,59.98
office,149344,8.56,Bagmati,Kathmandu,Kathmandu Metropolitan City,23,,Semi,Yes,10,,,6,No,78.32
home,13203740,7.78,Bagmati,Bhaktapur,Bhaktapur Municipality,30,1,Semi,Yes,30,,,,,86.22
home,24451933,9.94,Bagmati,Lalitpur,Lalitpur Metropolitan City,30,5,Semi,Yes,10,,,,,64.64
room,10999,6.61,Bagmati,Bhaktapur,Bhaktapur Municipality,8,,Fully,Yes,16,Single,Yes,,,100.0
land,49983943,5.15,Bagmati,Lalitpur,Lalitpur Metropolitan City,10,,,,16,,,,,69.81
room,10158,3.01,Bagmati,Lalitpur,Lalitpur Metropolitan City,29,,Fully,Yes,16,Shared,No,,,94.94
office,134658,1.78,Sudurpashchim,Kailali,Dhangadhi Sub-Metropolitan City,24,,Fully,No,20,,,5,Yes,55.87
home,47510188,3.6,Lumbini,Rupandehi,Butwal Sub-Metropolitan City,18,1,Semi,No,25,,,,,72.6
land,33308710,8.02,Bagmati,Kathmandu,Kathmandu Metropolitan City,9,,,,10,,,,,77.04
office,53715,8.5,Bagmati,Chitwan,Bharatpur Metropolitan City,12,,No,No,20,,,1,No,87.59
office,61594,6.69,Bagmati,Bhaktapur,Bhaktapur Municipality,13,,No,No,20,,,8,No,92.04
home,29339730,2.4,Bagmati,Lalitpur,Lalitpur Metropolitan City,12,4,Fully,Yes,13,,,,,67.44
home,23614312,1.88,Lumbini,Rupandehi,Butwal Sub-Metropolitan City,9,1,No,No,30,,,,,64.02
home,32249601,1.76,Sudurpashchim,Kailali,Dhangadhi Sub-Metropolitan City,8,2,No,Yes,30,,,,,83.11
land,41777653,8.0,Bagmati,Bhaktapur,Bhaktapur Municipality,29,,,,10,,,,,63.8
land,31994154,2.5,Sudurpashchim,Kailali,Dhangadhi Sub-Metropolitan City,20,,,,13,,,,,34.66
room,38351,1.57,Koshi,Jhapa,Birtamode Municipality,5,,Fully,Yes,13,Shared,No,,,48.43
home,27593759,6.59,Gandaki,Kaski,Pokhara Metropolitan City,22,1,Fully,No,25,,,,,83.38
home,44318880,1.56,Gandaki,Kaski,Pokhara Metropolitan City,1,3,No,No,16,,,,,52.62
home,36476662,5.84,Bagmati,Lalitpur,Lalitpur Metropolitan City,8,5,Semi,No,13,,,,,89.09
office,107872,4.24,Gandaki,Kaski,Pokhara Metropolitan City,24,,No,No,13,,,4,No,91.75
office,57321,5.13,Bagmati,Chitwan,Bharatpur Metropolitan City,12,,No,Yes,10,,,1,Yes,90.96
home,23573567,7.3,Bagmati,Chitwan,Bharatpur Metropolitan City,21,4,No,No,13,,,,,81.3
home,39080198,6.47,Gandaki,Kaski,Pokhara Metropolitan City,2,5,Semi,Yes,25,,,,,100.0
land,10461678,3.73,Sudurpashchim,Kailali,Dhangadhi Sub-Metropolitan City,10,,,,25,,,,,91.78
home,30420129,5.08,Gandaki,Kaski,Pokhara Metropolitan City,23,2,No,No,10,,,,,82.43
land,31365427,2.79,Koshi,Jhapa,Birtamode Municipality,14,,,,25,,,,,54.68
room,27496,2.09,Lumbini,Rupandehi,Butwal Sub-Metropolitan City,29,,No,Yes,30,Double,No,,,79.09
office,105948,2.21,Bagmati,Kathmandu,Kathmandu Metropolitan City,14,,Semi,Yes,25,,,2,Yes,70.05
room,33114,2.01,Lumbini,Rupandehi,Butwal Sub-Metropolitan City,30,,No,Yes,25,Single,Yes,,,82.51
land,30177615,8.47,Koshi,Jhapa,Birtamode Municipality,7,,,,16,,,,,76.53
home,46346701,4.53,Gandaki,Kaski,Pokhara Metropolitan City,15,1,Semi,No,13,,,,,44.23
office,40456,8.87,Bagmati,Kathmandu,Kathmandu Metropolitan City,31,,Fully,Yes,25,,,3,No,90.08
home,12465765,4.43,Lumbini,Rupandehi,Butwal Sub-Metropolitan City,26,4,Semi,No,20,,,,,88.88
office,66179,7.65,Sudurpashchim,Kailali,Dhangadhi Sub-Metropolitan City,22,,No,No,30,,,3,Yes,81.77
home,25946893,8.71,Koshi,Jhapa,Birtamode Municipality,18,4,Fully,Yes,10,,,,,84.8
land,5272442,4.95,Koshi,Morang,Biratnagar Metropolitan City,7,,,,25,,,,,89.86
office,41191,7.83,Bagmati,Chitwan,Bharatpur Metropolitan City,15,,Semi,No,13,,,2,No,85.72
room,46758,1.43,Gandaki,Kaski,Pokhara Metropolitan City,31,,Semi,No,10,Single,Yes,,,42.66
room,24376,2.6,Bagmati,Chitwan,Bharatpur Metropolitan City,6,,Semi,No,16,Shared,Yes,,,82.67
office,41442,8.49,Koshi,Morang,Biratnagar Metropolitan City,22,,Fully,No,30,,,6,No,71.54
home,48680756,7.18,Koshi,Morang,Biratnagar Metropolitan City,31,4,Fully,No,10,,,,,66.17
office,75122,5.35,Koshi,Morang,Biratnagar Metropolitan City,21,,No,Yes,30,,,6,No,87.97
office,33318,9.54,Bagmati,Lalitpur,Lalitpur Metropolitan City,26,,Fully,Yes,13,,,3,No,67.3
room,12193,2.56,Bagmati,Chitwan,Bharatpur Metropolitan City,11,,No,No,20,Double,Yes,,,97.97
room,27043,7.31,Gandaki,Kaski,Pokhara Metropolitan City,16,,Semi,Yes,16,Shared,Yes,,,85.59
land,11596006,4.79,Lumbini,Rupandehi,Butwal Sub-Metropolitan City,8,,,,13,,,,,91.71
home,26596078,9.57,Bagmati,Lalitpur,Lalitpur Metropolitan City,3,1,No,No,30,,,,,85.99
room,14040,7.28,Lumbini,Rupandehi,Butwal Sub-Metropolitan City,14,,Semi,No,25,Shared,Yes,,,96.58
land,35496341,5.12,Sudurpashchim,Kailali,Dhangadhi Sub-Metropolitan City,12,,,,25,,,,,74.53
land,34927306,4.17,Koshi,Morang,Biratnagar Metropolitan City,4,,,,20,,,,,65.83
office,30027,2.59,Gandaki,Kaski,Pokhara Metropolitan City,12,,No,No,20,,,3,No,88.21
office,126390,3.05,Lumbini,Rupandehi,Butwal Sub-Metropolitan City,9,,Fully,Yes,20,,,1,Yes,88.45
home,48951257,4.41,Gandaki,Kaski,Pokhara Metropolitan City,30,5,No,No,20,,,,,71.89
office,76483,6.81,Bagmati,Bhaktapur,Bhaktapur Municipality,27,,No,No,30,,,4,Yes,97.43
office,73411,8.99,Bagmati,Kathmandu,Kathmandu Metropolitan City,6,,Semi,No,20,,,5,Yes,89.89
land,8413589,5.74,Bagmati,Chitwan,Bharatpur Metropolitan City,17,,,,13,,,,,87.05
land,26614228,5.97,Gandaki,Kaski,Pokhara Metropolitan City,30,,,,10,,,,,66.19
land,43357558,9.41,Bagmati,Chitwan,Bharatpur Metropolitan City,12,,,,20,,,,,83.93
room,20778,2.66,Gandaki,Kaski,Pokhara Metropolitan City,30,,Fully,No,20,Shared,No,,,73.34
room,19980,7.77,Koshi,Morang,Biratnagar Metropolitan City,23,,Fully,No,10,Double,Yes,,,77.89
home,36886644,4.11,Gandaki,Kaski,Pokhara Metropolitan City,24,2,Semi,Yes,16,,,,,86.05
room,9572,1.23,Koshi,Morang,Biratnagar Metropolitan City,25,,No,Yes,25,Shared,Yes,,,83.49
land,32232682,5.95,Koshi,Jhapa,Birtamode Municipality,28,,,,25,,,,,75.21
office,109350,9.37,Koshi,Jhapa,Birtamode Municipality,14,,No,No,25,,,2,No,69.98
room,45760,2.85,Lumbini,Rupandehi,Butwal Sub-Metropolitan City,32,,No,Yes,10,Shared,No,,,44.21
room,33657,4.44,Bagmati,Kathmandu,Kathmandu Metropolitan City,21,,Fully,No,13,Double,Yes,,,83.32
office,59300,6.65,Bagmati,Bhaktapur,Bhaktapur Municipality,9,,Fully,No,20,,,7,Yes,100.0
office,22978,9.99,Gandaki,Kaski,Pokhara Metropolitan City,12,,No,Yes,30,,,8,No,84.66
room,22908,9.47,Lumbini,Rupandehi,Butwal Sub-Metropolitan City,10,,Fully,Yes,13,Double,No,,,71.11
room,9728,3.35,Bagmati,Kathmandu,Kathmandu Metropolitan City,13,,No,No,13,Single,No,,,91.01
office,135600,7.33,Koshi,Jhapa,Birtamode Municipality,22,,Semi,Yes,20,,,3,No,76.89
office,81214,6.99,Sudurpashchim,Kailali,Dhangadhi Sub-Metropolitan City,11,,Semi,No,20,,,7,Yes,85.27
home,35882545,8.64,Lumbini,Rupandehi,Butwal Sub-Metropolitan City,28,4,Semi,Yes,20,,,,,98.68
office,123896,2.46,Koshi,Jhapa,Birtamode Municipality,1,,Semi,Yes,25,,,2,Yes,73.05
land,37013023,5.41,Gandaki,Kaski,Pokhara Metropolitan City,5,,,,16,,,,,71.2
office,110523,5.61,Bagmati,Kathmandu,Kathmandu Metropolitan City,31,,Semi,Yes,20,,,7,No,100.0
land,23272416,4.13,Gandaki,Kaski,Pokhara Metropolitan City,27,,,,30,,,,,74.92
office,48032,3.09,Gandaki,Kaski,Pokhara Metropolitan City,13,,Semi,Yes,13,,,3,Yes,89.91
room,26833,7.97,Lumbini,Rupandehi,Butwal Sub-Metropolitan City,19,,No,Yes,10,Single,No,,,78.92
land,5438080,2.23,Bagmati,Bhaktapur,Bhaktapur Municipality,6,,,,30,,,,,86.99
land,44524251,7.45,Lumbini,Rupandehi,Butwal Sub-Metropolitan City,19,,,,25,,,,,75.9
room,30100,5.97,Bagmati,Lalitpur,Lalitpur Metropolitan City,14,,No,Yes,13,Double,Yes,,,75.91
office,99261,3.06,Sudurpashchim,Kailali,Dhangadhi Sub-Metropolitan City,26,,Fully,No,25,,,7,Yes,74.11
room,48785,8.71,Gandaki,Kaski,Pokhara Metropolitan City,19,,Fully,No,10,Single,No,,,39.53
room,8596,6.06,Koshi,Morang,Biratnagar Metropolitan City,17,,Fully,Yes,10,Single,No,,,75.1
room,21006,3.58,Lumbini,Rupandehi,Butwal Sub-Metropolitan City,18,,No,No,20,Single,No,,,100.0
land,18795780,3.04,Bagmati,Lalitpur,Lalitpur Metropolitan City,22,,,,16,,,,,75.26
home,6303929,8.84,Koshi,Morang,Biratnagar Metropolitan City,11,2,Semi,Yes,10,,,,,71.61
home,19615142,3.4,Bagmati,Bhaktapur,Bhaktapur Municipality,30,4,Semi,Yes,30,,,,,100.0
land,31376820,9.35,Bagmati,Lalitpur,Lalitpur Metropolitan City,5,,,,30,,,,,98.53
room,32179,9.07,Bagmati,Bhaktapur,Bhaktapur Municipality,24,,Semi,Yes,20,Shared,No,,,84.97
office,29008,9.23,Bagmati,Chitwan,Bharatpur Metropolitan City,30,,No,No,30,,,2,No,80.67
home,49926530,9.45,Koshi,Jhapa,Birtamode Municipality,27,1,Semi,Yes,13,,,,,70.44
room,46673,5.03,Bagmati,Kathmandu,Kathmandu Metropolitan City,18,,No,Yes,13,Double,Yes,,,63.02
land,43575363,4.62,Sudurpashchim,Kailali,Dhangadhi Sub-Metropolitan City,23,,,,25,,,,,56.83
home,10086743,9.34,Bagmati,Bhaktapur,Bhaktapur Municipality,24,1,Fully,Yes,16,,,,,76.57
home,23318154,1.67,Sudurpashchim,Kailali,Dhangadhi Sub-Metropolitan City,28,4,Fully,Yes,10,,,,,65.34
land,10373368,1.64,Lumbini,Rupandehi,Butwal Sub-Metropolitan City,13,,,,16,,,,,62.03
home,39742799,5.42,Koshi,Jhapa,Birtamode Municipality,14,3,Semi,No,16,,,,,82.95
land,45837071,7.59,Bagmati,Bhaktapur,Bhaktapur Municipality,12,,,,10,,,,,57.78
home,29200034,9.08,Sudurpashchim,Kailali,Dhangadhi Sub-Metropolitan City,32,4,Semi,No,20,,,,,82.5
home,32636573,4.01,Bagmati,Lalitpur,Lalitpur Metropolitan City,15,4,Fully,No,10,,,,,68.2
office,64146,5.89,Koshi,Morang,Biratnagar Metropolitan City,16,,No,No,10,,,8,Yes,72.85
office,107520,6.52,Bagmati,Kathmandu,Kathmandu Metropolitan City,9,,Fully,Yes,13,,,2,No,93.19
land,24230049,1.8,Lumbini,Rupandehi,Butwal Sub-Metropolitan City,6,,,,30,,,,,56.85
office,141788,7.32,Sudurpashchim,Kailali,Dhangadhi Sub-Metropolitan City,20,,No,No,13,,,6,No,63.75
home,15131469,6.46,Bagmati,Kathmandu,Kathmandu Metropolitan City,22,2,Semi,No,10,,,,,100.0
home,20716845,9.06,Koshi,Morang,Biratnagar Metropolitan City,17,4,No,Yes,10,,,,,66.31
land,29456327,7.28,Bagmati,Kathmandu,Kathmandu Metropolitan City,26,,,,20,,,,,80.66
home,38772806,7.31,Lumbini,Rupandehi,Butwal Sub-Metropolitan City,9,4,No,Yes,10,,,,,87.3
home,41022948,2.85,Koshi,Morang,Biratnagar Metropolitan City,26,1,No,Yes,20,,,,,66.7
land,10924349,5.77,Gandaki,Kaski,Pokhara Metropolitan City,25,,,,20,,,,,86.64
home,23727896,2.5,Lumbini,Rupandehi,Butwal Sub-Metropolitan City,12,5,Semi,No,30,,,,,76.07
office,80941,1.71,Bagmati,Bhaktapur,Bhaktapur Municipality,15,,Fully,No,16,,,7,Yes,64.89
office,126720,3.38,Lumbini,Rupandehi,Butwal Sub-Metropolitan City,3,,No,No,20,,,8,No,50.13
room,30000,3.61,Sudurpashchim,Kailali,Dhangadhi Sub-Metropolitan City,27,,Fully,No,20,Single,No,,,100.0
land,10894368,4.59,Lumbini,Rupandehi,Butwal Sub-Metropolitan City,16,,,,20,,,,,87.0
home,19246688,3.66,Gandaki,Kaski,Pokhara Metropolitan City,25,5,Fully,No,30,,,,,79.59
room,26810,8.69,Gandaki,Kaski,Pokhara Metropolitan City,17,,Fully,No,25,Shared,Yes,,,93.77
land,4257143,5.38,Koshi,Morang,Biratnagar Metropolitan City,1,,,,30,,,,,92.09
office,56423,9.15,Lumbini,Rupandehi,Butwal Sub-Metropolitan City,23,,No,No,20,,,2,No,82.18
room,29377,4.5,Bagmati,Kathmandu,Kathmandu Metropolitan City,25,,Fully,Yes,25,Shared,Yes,,,100.0
office,129910,1.5,Gandaki,Kaski,Pokhara Metropolitan City,13,,Fully,No,10,,,6,Yes,57.37
home,32847484,8.81,Koshi,Jhapa,Birtamode Municipality,18,3,No,Yes,13,,,,,78.39
office,80244,9.32,Bagmati,Lalitpur,Lalitpur Metropolitan City,3,,Fully,Yes,25,,,8,No,97.32
office,132001,9.36,Bagmati,Kathmandu,Kathmandu Metropolitan City,3,,Fully,No,16,,,2,Yes,91.19
home,13132421,8.81,Bagmati,Kathmandu,Kathmandu Metropolitan City,16,2,Semi,No,25,,,,,100.0
home,25078817,9.99,Bagmati,Bhaktapur,Bhaktapur Municipality,3,5,Fully,No,16,,,,,83.64
office,57162,8.38,Koshi,Jhapa,Birtamode Municipality,20,,Fully,Yes,30,,,1,Yes,78.22
room,24683,5.31,Koshi,Jhapa,Birtamode Municipality,7,,No,No,10,Shared,Yes,,,64.04
room,25371,8.69,Bagmati,Chitwan,Bharatpur Metropolitan City,4,,Fully,Yes,20,Double,Yes,,,72.99
office,104968,4.83,Bagmati,Bhaktapur,Bhaktapur Municipality,32,,Fully,Yes,30,,,2,No,79.62
land,20163238,6.08,Gandaki,Kaski,Pokhara Metropolitan City,14,,,,25,,,,,93.12
room,18172,4.21,Lumbini,Rupandehi,Butwal Sub-Metropolitan City,15,,No,No,20,Double,Yes,,,96.37
home,14737270,9.12,Bagmati,Chitwan,Bharatpur Metropolitan City,20,4,Semi,Yes,10,,,,,83.92
home,25998634,1.68,Bagmati,Chitwan,Bharatpur Metropolitan City,27,5,Semi,No,20,,,,,54.08
home,45284760,1.87,Gandaki,Kaski,Pokhara Metropolitan City,26,1,Semi,Yes,20,,,,,63.63
room,23364,7.9,Bagmati,Lalitpur,Lalitpur Metropolitan City,4,,Fully,Yes,25,Shared,Yes,,,87.38
office,128140,8.47,Bagmati,Lalitpur,Lalitpur Metropolitan City,22,,Fully,No,20,,,2,Yes,84.53
land,47747962,5.73,Bagmati,Lalitpur,Lalitpur Metropolitan City,29,,,,16,,,,,76.89
land,42560578,7.66,Bagmati,Kathmandu,Kathmandu Metropolitan City,26,,,,25,,,,,88.34
home,36904859,7.62,Koshi,Morang,Biratnagar Metropolitan City,20,1,Fully,Yes,16,,,,,87.32
office,77546,1.71,Bagmati,Kathmandu,Kathmandu Metropolitan City,16,,Semi,Yes,20,,,4,No,81.19
home,29612789,6.02,Sudurpashchim,Kailali,Dhangadhi Sub-Metropolitan City,17,3,Semi,Yes,25,,,,,97.99
room,15134,2.33,Bagmati,Bhaktapur,Bhaktapur Municipality,16,,Semi,Yes,25,Double,No,,,100.0
office,96431,8.37,Gandaki,Kaski,Pokhara Metropolitan City,2,,Fully,Yes,16,,,7,No,76.41
room,42174,9.17,Koshi,Jhapa,Birtamode Municipality,22,,Semi,No,13,Double,No,,,64.1
land,41693469,3.14,Bagmati,Kathmandu,Kathmandu Metropolitan City,9,,,,13,,,,,66.58
office,98770,4.3,Koshi,Morang,Biratnagar Metropolitan City,7,,No,No,13,,,7,Yes,83.64
office,74578,4.68,Koshi,Jhapa,Birtamode Municipality,16,,Fully,Yes,20,,,7,Yes,88.35
home,20206486,1.79,Bagmati,Bhaktapur,Bhaktapur Municipality,29,5,Semi,Yes,25,,,,,66.01
land,11067974,4.22,Sudurpashchim,Kailali,Dhangadhi Sub-Metropolitan City,23,,,,25,,,,,89.85
home,5778211,8.5,Bagmati,Chitwan,Bharatpur Metropolitan City,4,1,Fully,Yes,13,,,,,89.97
office,24002,2.43,Bagmati,Lalitpur,Lalitpur Metropolitan City,2,,Semi,Yes,20,,,7,No,95.01
land,13487434,3.38,Koshi,Jhapa,Birtamode Municipality,20,,,,30,,,,,85.07
home,25025235,1.04,Bagmati,Kathmandu,Kathmandu Metropolitan City,24,1,Fully,No,25,,,,,69.1
office,65545,1.49,Koshi,Jhapa,Birtamode Municipality,11,,No,No,13,,,4,No,62.66
office,140341,7.33,Bagmati,Kathmandu,Kathmandu Metropolitan City,11,,No,No,30,,,2,Yes,99.7
office,134708,7.34,Gandaki,Kaski,Pokhara Metropolitan City,4,,No,Yes,30,,,2,No,100.0
land,32697768,1.02,Gandaki,Kaski,Pokhara Metropolitan City,18,,,,10,,,,,47.78
land,20808894,3.56,Bagmati,Chitwan,Bharatpur Metropolitan City,2,,,,25,,,,,70.7
room,45428,1.1,Lumbini,Rupandehi,Butwal Sub-Metropolitan City,30,,Semi,Yes,30,Single,No,,,57.52
room,15074,5.01,Sudurpashchim,Kailali,Dhangadhi Sub-Metropolitan City,16,,Fully,No,10,Shared,No,,,71.08
home,10129513,5.1,Gandaki,Kaski,Pokhara Metropolitan City,30,4,No,Yes,10,,,,,85.77
office,79481,5.54,Lumbini,Rupandehi,Butwal Sub-Metropolitan City,32,,No,Yes,30,,,5,No,89.53
office,83239,9.04,Bagmati,Bhaktapur,Bhaktapur Municipality,8,,Fully,No,25,,,3,Yes,100.0
land,37662027,7.68,Bagmati,Bhaktapur,Bhaktapur Municipality,15,,,,30,,,,,77.56
land,7681094,3.28,Bagmati,Bhaktapur,Bhaktapur Municipality,9,,,,25,,,,,73.95
land,8331623,5.7,Bagmati,Kathmandu,Kathmandu Metropolitan City,32,,,,16,,,,,100.0
home,30591421,2.73,Bagmati,Bhaktapur,Bhaktapur Municipality,17,5,Fully,Yes,10,,,,,59.92
office,142745,7.94,Bagmati,Lalitpur,Lalitpur Metropolitan City,12,,Semi,No,16,,,6,Yes,84.37
room,10058,6.12,Bagmati,Chitwan,Bharatpur Metropolitan City,10,,No,Yes,25,Double,Yes,,,90.59
land,41550899,2.67,Bagmati,Lalitpur,Lalitpur Metropolitan City,16,,,,20,,,,,60.44
land,38093807,1.93,Bagmati,Lalitpur,Lalitpur Metropolitan City,2,,,,16,,,,,61.29
room,13657,5.14,Gandaki,Kaski,Pokhara Metropolitan City,20,,No,Yes,16,Double,Yes,,,83.33
office,106107,9.96,Bagmati,Lalitpur,Lalitpur Metropolitan City,3,,Fully,Yes,25,,,1,No,100.0
land,9537747,8.97,Bagmati,Chitwan,Bharatpur Metropolitan City,7,,,,30,,,,,74.16
home,20667277,1.32,Lumbini,Rupandehi,Butwal Sub-Metropolitan City,13,3,No,Yes,25,,,,,58.56
room,34009,5.23,Koshi,Jhapa,Birtamode Municipality,10,,Semi,No,10,Double,No,,,48.46
land,48066803,2.35,Koshi,Jhapa,Birtamode Municipality,1,,,,16,,,,,64.02
office,28382,4.7,Bagmati,Kathmandu,Kathmandu Metropolitan City,8,,Fully,Yes,13,,,7,No,70.97
home,46887676,6.72,Bagmati,Bhaktapur,Bhaktapur Municipality,2,4,Semi,Yes,25,,,,,88.06
office,97398,2.59,Bagmati,Bhaktapur,Bhaktapur Municipality,10,,Semi,No,25,,,1,Yes,64.36
land,7516923,2.97,Bagmati,Kathmandu,Kathmandu Metropolitan City,5,,,,30,,,,,83.49
home,11340867,3.41,Lumbini,Rupandehi,Butwal Sub-Metropolitan City,13,1,Semi,No,16,,,,,88.82
room,48485,6.91,Bagmati,Kathmandu,Kathmandu Metropolitan City,8,,No,Yes,10,Shared,Yes,,,62.88
home,34375550,1.8,Bagmati,Lalitpur,Lalitpur Metropolitan City,17,4,Fully,Yes,10,,,,,77.66
land,15501561,9.32,Lumbini,Rupandehi,Butwal Sub-Metropolitan City,13,,,,16,,,,,73.74
home,44359856,9.67,Bagmati,Bhaktapur,Bhaktapur Municipality,13,5,No,Yes,13,,,,,94.48
land,49317830,2.14,Sudurpashchim,Kailali,Dhangadhi Sub-Metropolitan City,15,,,,10,,,,,58.67
home,33377816,1.33,Sudurpashchim,Kailali,Dhangadhi Sub-Metropolitan City,28,2,No,Yes,25,,,,,62.19
office,74075,7.64,Sudurpashchim,Kailali,Dhangadhi Sub-Metropolitan City,16,,Fully,No,20,,,5,Yes,88.99
home,10218076,1.52,Gandaki,Kaski,Pokhara Metropolitan City,2,1,Fully,Yes,16,,,,,96.49
office,31262,1.68,Bagmati,Bhaktapur,Bhaktapur Municipality,14,,No,Yes,10,,,1,Yes,76.2
office,77281,1.31,Sudurpashchim,Kailali,Dhangadhi Sub-Metropolitan City,4,,Semi,No,10,,,4,No,47.07
office,135215,4.81,Gandaki,Kaski,Pokhara Metropolitan City,17,,No,Yes,13,,,4,No,93.13
home,23109588,1.31,Bagmati,Chitwan,Bharatpur Metropolitan City,18,5,No,Yes,25,,,,,64.75
office,60184,9.13,Koshi,Jhapa,Birtamode Municipality,18,,Fully,No,13,,,8,Yes,83.06
room,45394,9.24,Bagmati,Kathmandu,Kathmandu Metropolitan City,26,,No,Yes,10,Single,No,,,69.08
home,12659694,1.78,Bagmati,Kathmandu,Kathmandu Metropolitan City,25,3,Semi,Yes,20,,,,,96.81
home,9895742,7.08,Bagmati,Lalitpur,Lalitpur Metropolitan City,12,4,Semi,No,20,,,,,95.4
land,11161041,1.16,Bagmati,Kathmandu,Kathmandu Metropolitan City,28,,,,16,,,,,54.54
home,14958370,7.1,Bagmati,Bhaktapur,Bhaktapur Municipality,12,4,No,Yes,20,,,,,90.02
office,115178,2.05,Sudurpashchim,Kailali,Dhangadhi Sub-Metropolitan City,1,,Fully,No,20,,,3,Yes,64.18
room,24256,7.1,Bagmati,Chitwan,Bharatpur Metropolitan City,4,,No,No,25,Double,Yes,,,85.86
land,17344562,4.17,Bagmati,Lalitpur,Lalitpur Metropolitan City,4,,,,13,,,,,83.47
office,43297,1.55,Gandaki,Kaski,Pokhara Metropolitan City,12,,No,Yes,30,,,6,No,75.11
home,37859357,5.31,Gandaki,Kaski,Pokhara Metropolitan City,14,2,Fully,Yes,25,,,,,95.6
land,16791743,9.15,Lumbini,Rupandehi,Butwal Sub-Metropolitan City,18,,,,30,,,,,84.6
home,17051825,2.72,Bagmati,Bhaktapur,Bhaktapur Municipality,4,1,Semi,Yes,10,,,,,67.43
home,18854668,4.52,Bagmati,Lalitpur,Lalitpur Metropolitan City,10,4,Fully,Yes,16,,,,,100.0
land,11592023,4.7,Bagmati,Kathmandu,Kathmandu Metropolitan City,1,,,,20,,,,,88.77
office,71801,5.46,Lumbini,Rupandehi,Butwal Sub-Metropolitan City,4,,No,Yes,25,,,2,No,90.91
land,25579971,9.83,Bagmati,Bhaktapur,Bhaktapur Municipality,17,,,,13,,,,,83.96
room,30306,3.23,Bagmati,Chitwan,Bharatpur Metropolitan City,5,,Semi,Yes,10,Single,Yes,,,78.38
home,9382619,1.44,Lumbini,Rupandehi,Butwal Sub-Metropolitan City,1,2,Semi,Yes,30,,,,,100.0
room,9837,4.98,Sudurpashchim,Kailali,Dhangadhi Sub-Metropolitan City,29,,Semi,No,20,Double,No,,,75.29
land,31511423,5.97,Koshi,Morang,Biratnagar Metropolitan City,14,,,,20,,,,,67.38
office,62628,4.94,Bagmati,Chitwan,Bharatpur Metropolitan City,3,,Fully,Yes,10,,,4,Yes,85.64
room,27435,5.94,Bagmati,Lalitpur,Lalitpur Metropolitan City,27,,No,No,25,Single,Yes,,,94.35
office,83734,7.69,Sudurpashchim,Kailali,Dhangadhi Sub-Metropolitan City,17,,Fully,Yes,30,,,4,No,69.73
office,87269,3.85,Bagmati,Kathmandu,Kathmandu Metropolitan City,24,,No,No,20,,,6,No,82.53
room,13878,3.75,Bagmati,Kathmandu,Kathmandu Metropolitan City,20,,Semi,No,13,Single,Yes,,,89.88
room,9900,2.22,Bagmati,Chitwan,Bharatpur Metropolitan City,26,,Semi,No,13,Double,Yes,,,80.08
office,92538,3.07,Bagmati,Kathmandu,Kathmandu Metropolitan City,4,,No,No,13,,,6,Yes,82.92
home,35923403,8.97,Bagmati,Lalitpur,Lalitpur Metropolitan City,25,4,Semi,Yes,13,,,,,85.97
room,21629,6.05,Bagmati,Lalitpur,Lalitpur Metropolitan City,18,,No,Yes,10,Double,No,,,83.91
land,17416959,8.75,Koshi,Morang,Biratnagar Metropolitan City,32,,,,20,,,,,80.89
room,47198,2.99,Gandaki,Kaski,Pokhara Metropolitan City,2,,Fully,No,30,Shared,No,,,47.81
room,13419,5.94,Bagmati,Kathmandu,Kathmandu Metropolitan City,30,,Semi,Yes,16,Double,No,,,89.72
room,45244,7.12,Bagmati,Chitwan,Bharatpur Metropolitan City,24,,Fully,No,10,Double,Yes,,,68.58
home,42667936,3.5,Sudurpashchim,Kailali,Dhangadhi Sub-Metropolitan City,6,5,Semi,No,13,,,,,44.55
home,35320144,2.61,Lumbini,Rupandehi,Butwal Sub-Metropolitan City,32,2,No,No,10,,,,,58.09
office,87483,9.16,Bagmati,Bhaktapur,Bhaktapur Municipality,26,,Semi,Yes,13,,,6,Yes,93.44
home,14762769,9.67,Bagmati,Kathmandu,Kathmandu Metropolitan City,24,5,Semi,No,10,,,,,81.42
home,6420166,3.67,Gandaki,Kaski,Pokhara Metropolitan City,30,3,Semi,No,30,,,,,93.42
room,46955,2.49,Lumbini,Rupandehi,Butwal Sub-Metropolitan City,5,,No,Yes,16,Double,No,,,66.99
home,43884571,4.0,Koshi,Morang,Biratnagar Metropolitan City,25,4,Fully,Yes,20,,,,,75.64
room,41078,2.98,Koshi,Jhapa,Birtamode Municipality,12,,Fully,No,20,Shared,No,,,63.54
office,109161,4.34,Bagmati,Kathmandu,Kathmandu Metropolitan City,12,,Fully,No,13,,,6,No,73.49
land,3732795,6.55,Bagmati,Bhaktapur,Bhaktapur Municipality,30,,,,20,,,,,86.09
room,42263,6.37,Lumbini,Rupandehi,Butwal Sub-Metropolitan City,14,,Semi,Yes,16,Single,No,,,60.43
land,33533202,8.64,Koshi,Morang,Biratnagar Metropolitan City,5,,,,25,,,,,68.37
room,15181,6.9,Bagmati,Bhaktapur,Bhaktapur Municipality,32,,No,Yes,25,Single,Yes,,,94.95
office,43324,4.13,Sudurpashchim,Kailali,Dhangadhi Sub-Metropolitan City,15,,Semi,No,13,,,7,Yes,81.28
home,13217302,4.51,Sudurpashchim,Kailali,Dhangadhi Sub-Metropolitan City,26,4,Semi,Yes,30,,,,,92.02
room,16546,3.19,Koshi,Jhapa,Birtamode Municipality,21,,No,No,13,Single,Yes,,,100.0
office,137301,6.98,Koshi,Jhapa,Birtamode Municipality,25,,Semi,Yes,20,,,5,No,90.11
home,30677529,3.05,Gandaki,Kaski,Pokhara Metropolitan City,13,3,Fully,Yes,10,,,,,69.9
office,110582,5.66,Sudurpashchim,Kailali,Dhangadhi Sub-Metropolitan City,13,,No,Yes,30,,,2,No,91.26
office,116251,6.91,Bagmati,Bhaktapur,Bhaktapur Municipality,28,,Semi,No,20,,,1,No,100.0
office,119322,9.11,Bagmati,Chitwan,Bharatpur Metropolitan City,11,,Semi,Yes,25,,,5,Yes,93.98
office,80024,8.81,Bagmati,Bhaktapur,Bhaktapur Municipality,29,,No,No,25,,,5,No,89.44
room,39720,4.97,Bagmati,Bhaktapur,Bhaktapur Municipality,17,,Fully,No,25,Single,No,,,66.91
room,44706,7.48,Koshi,Morang,Biratnagar Metropolitan City,4,,Semi,No,25,Shared,Yes,,,56.99
home,42145701,4.53,Bagmati,Bhaktapur,Bhaktapur Municipality,1,4,Semi,No,10,,,,,77.75
home,46181117,9.0,Koshi,Morang,Biratnagar Metropolitan City,5,2,Semi,No,25,,,,,80.22
home,40345733,3.19,Bagmati,Bhaktapur,Bhaktapur Municipality,15,3,Semi,No,16,,,,,72.12
room,29483,5.85,Gandaki,Kaski,Pokhara Metropolitan City,12,,No,Yes,16,Double,Yes,,,76.93
land,40283140,3.64,Bagmati,Lalitpur,Lalitpur Metropolitan City,7,,,,10,,,,,50.33
office,145891,8.49,Lumbini,Rupandehi,Butwal Sub-Metropolitan City,6,,Semi,Yes,30,,,8,Yes,74.87
land,42613118,5.04,Gandaki,Kaski,Pokhara Metropolitan City,32,,,,10,,,,,56.71
land,8357939,5.05,Bagmati,Bhaktapur,Bhaktapur Municipality,30,,,,16,,,,,76.07
room,34355,7.49,Gandaki,Kaski,Pokhara Metropolitan City,27,,Fully,Yes,25,Double,Yes,,,76.72
home,21484047,7.7,Koshi,Morang,Biratnagar Metropolitan City,19,4,Semi,Yes,30,,,,,98.02
room,40262,1.8,Gandaki,Kaski,Pokhara Metropolitan City,13,,No,No,30,Shared,Yes,,,75.96
land,41552695,8.93,Bagmati,Chitwan,Bharatpur Metropolitan City,22,,,,25,,,,,97.98
home,17942058,6.34,Koshi,Morang,Biratnagar Metropolitan City,9,1,Fully,Yes,30,,,,,95.52
room,48896,5.26,Bagmati,Lalitpur,Lalitpur Metropolitan City,20,,Semi,No,25,Double,Yes,,,71.84
land,6676398,7.43,Lumbini,Rupandehi,Butwal Sub-Metropolitan City,32,,,,25,,,,,86.56
land,16876194,3.99,Bagmati,Lalitpur,Lalitpur Metropolitan City,7,,,,30,,,,,78.81
land,48990449,4.67,Koshi,Morang,Biratnagar Metropolitan City,30,,,,16,,,,,56.23
land,5687708,6.08,Koshi,Morang,Biratnagar Metropolitan City,24,,,,13,,,,,94.1
land,43818458,3.77,Bagmati,Lalitpur,Lalitpur Metropolitan City,17,,,,13,,,,,70.62
home,39592406,6.29,Bagmati,Bhaktapur,Bhaktapur Municipality,1,3,Semi,No,13,,,,,78.68
office,103847,1.43,Bagmati,Kathmandu,Kathmandu Metropolitan City,14,,Fully,No,25,,,6,No,64.06
home,26767008,4.19,Koshi,Morang,Biratnagar Metropolitan City,30,4,Fully,No,10,,,,,91.28
office,134602,1.8,Bagmati,Lalitpur,Lalitpur Metropolitan City,1,,Semi,Yes,13,,,2,Yes,72.84
land,15639645,1.19,Gandaki,Kaski,Pokhara Metropolitan City,31,,,,30,,,,,65.16
office,58818,4.0,Bagmati,Chitwan,Bharatpur Metropolitan City,11,,Semi,No,30,,,4,Yes,92.37
land,44826428,3.32,Bagmati,Chitwan,Bharatpur Metropolitan City,26,,,,20,,,,,57.59
home,29503792,1.64,Koshi,Jhapa,Birtamode Municipality,32,1,No,Yes,13,,,,,56.67
home,31413404,6.55,Bagmati,Chitwan,Bharatpur Metropolitan City,8,2,No,Yes,30,,,,,79.54
room,8237,5.93,Sudurpashchim,Kailali,Dhangadhi Sub-Metropolitan City,19,,No,No,20,Double,Yes,,,84.76
office,86629,2.08,Koshi,Morang,Biratnagar Metropolitan City,23,,No,No,30,,,3,No,36.82
office,134355,9.72,Lumbini,Rupandehi,Butwal Sub-Metropolitan City,10,,Fully,Yes,30,,,7,Yes,98.99
land,13203689,6.26,Koshi,Morang,Biratnagar Metropolitan City,31,,,,30,,,,,85.5
land,33169571,5.74,Koshi,Jhapa,Birtamode Municipality,19,,,,20,,,,,85.25
room,40527,5.92,Bagmati,Bhaktapur,Bhaktapur Municipality,6,,No,No,13,Shared,Yes,,,64.49
room,46650,6.82,Bagmati,Bhaktapur,Bhaktapur Municipality,11,,Fully,Yes,25,Single,No,,,65.48
land,11548434,8.04,Lumbini,Rupandehi,Butwal Sub-Metropolitan City,24,,,,10,,,,,75.38
land,7079069,7.89,Sudurpashchim,Kailali,Dhangadhi Sub-Metropolitan City,31,,,,10,,,,,81.43
office,66229,9.43,Gandaki,Kaski,Pokhara Metropolitan City,4,,Semi,No,25,,,6,No,87.53
home,21289911,8.37,Koshi,Jhapa,Birtamode Municipality,2,1,No,Yes,30,,,,,91.64
home,26390034,3.71,Koshi,Morang,Biratnagar Metropolitan City,12,5,Fully,No,20,,,,,76.6
office,124814,3.96,Lumbini,Rupandehi,Butwal Sub-Metropolitan City,18,,Semi,Yes,16,,,2,Yes,81.05
office,67887,2.4,Sudurpashchim,Kailali,Dhangadhi Sub-Metropolitan City,28,,Semi,Yes,25,,,1,Yes,73.03
land,48819120,1.88,Lumbini,Rupandehi,Butwal Sub-Metropolitan City,28,,,,16,,,,,65.32
room,23832,2.52,Bagmati,Lalitpur,Lalitpur Metropolitan City,19,,Fully,Yes,16,Double,No,,,80.47
home,44954248,1.39,Koshi,Morang,Biratnagar Metropolitan City,11,4,No,Yes,16,,,,,71.48
office,27994,9.35,Koshi,Jhapa,Birtamode Municipality,29,,Fully,Yes,30,,,6,Yes,88.2
room,9378,7.53,Sudurpashchim,Kailali,Dhangadhi Sub-Metropolitan City,28,,No,No,16,Single,Yes,,,80.84
office,78112,3.7,Bagmati,Lalitpur,Lalitpur Metropolitan City,25,,Fully,No,20,,,6,No,66.6
home,5060958,1.51,Bagmati,Lalitpur,Lalitpur Metropolitan City,15,3,Fully,Yes,20,,,,,100.0
land,21112983,4.32,Bagmati,Lalitpur,Lalitpur Metropolitan City,23,,,,30,,,,,90.79
home,7297946,5.65,Sudurpashchim,Kailali,Dhangadhi Sub-Metropolitan City,15,4,No,No,25,,,,,100.0
land,47793425,7.93,Koshi,Jhapa,Birtamode Municipality,16,,,,20,,,,,56.07
home,11917532,5.67,Bagmati,Chitwan,Bharatpur Metropolitan City,20,5,Semi,No,13,,,,,77.06
home,15365960,9.61,Bagmati,Kathmandu,Kathmandu Metropolitan City,24,5,Semi,Yes,30,,,,,100.0
land,49277221,2.41,Sudurpashchim,Kailali,Dhangadhi Sub-Metropolitan City,11,,,,30,,,,,55.52
home,7692304,4.23,Bagmati,Kathmandu,Kathmandu Metropolitan City,2,1,Fully,No,10,,,,,77.54
room,36106,1.67,Bagmati,Bhaktapur,Bhaktapur Municipality,30,,Semi,Yes,20,Single,Yes,,,75.75
office,64959,7.46,Sudurpashchim,Kailali,Dhangadhi Sub-Metropolitan City,21,,Semi,Yes,20,,,2,No,89.13
land,6539294,8.19,Koshi,Jhapa,Birtamode Municipality,30,,,,20,,,,,96.69
home,22119250,9.09,Bagmati,Chitwan,Bharatpur Metropolitan City,27,1,Fully,No,20,,,,,76.05
home,38686432,1.15,Koshi,Jhapa,Birtamode Municipality,8,2,Semi,No,13,,,,,58.37
office,49598,3.28,Lumbini,Rupandehi,Butwal Sub-Metropolitan City,7,,No,No,10,,,6,Yes,71.21
land,16751020,1.6,Sudurpashchim,Kailali,Dhangadhi Sub-Metropolitan City,6,,,,16,,,,,58.08
land,21533555,4.01,Bagmati,Bhaktapur,Bhaktapur Municipality,21,,,,30,,,,,85.67
land,4989203,6.94,Gandaki,Kaski,Pokhara Metropolitan City,10,,,,16,,,,,77.53
home,28027559,7.82,Bagmati,Kathmandu,Kathmandu Metropolitan City,26,4,Semi,No,10,,,,,69.49
home,33907558,8.94,Gandaki,Kaski,Pokhara Metropolitan City,31,2,No,No,16,,,,,80.06
room,43806,1.24,Bagmati,Kathmandu,Kathmandu Metropolitan City,16,,No,No,20,Single,Yes,,,87.26
land,46956978,7.22,Koshi,Jhapa,Birtamode Municipality,27,,,,20,,,,,64.81
office,116098,5.72,Sudurpashchim,Kailali,Dhangadhi Sub-Metropolitan City,4,,No,No,30,,,7,Yes,81.79
office,131454,3.8,Bagmati,Lalitpur,Lalitpur Metropolitan City,2,,Fully,Yes,25,,,2,Yes,88.53
home,8720008,6.78,Bagmati,Bhaktapur,Bhaktapur Municipality,23,5,Semi,No,10,,,,,76.44
home,21434819,8.36,Lumbini,Rupandehi,Butwal Sub-Metropolitan City,7,2,No,No,20,,,,,72.56
office,26181,9.96,Sudurpashchim,Kailali,Dhangadhi Sub-Metropolitan City,32,,No,Yes,13,,,2,No,79.18
room,36191,3.06,Lumbini,Rupandehi,Butwal Sub-Metropolitan City,20,,No,Yes,13,Single,No,,,64.73
land,42254748,5.92,Bagmati,Bhaktapur,Bhaktapur Municipality,32,,,,10,,,,,48.25
office,22544,6.73,Bagmati,Bhaktapur,Bhaktapur Municipality,3,,Fully,No,10,,,7,Yes,98.2
office,146685,9.27,Lumbini,Rupandehi,Butwal Sub-Metropolitan City,9,,Semi,No,16,,,5,No,70.39
room,44699,7.71,Bagmati,Lalitpur,Lalitpur Metropolitan City,14,,Fully,Yes,25,Double,No,,,84.14
office,122704,9.1,Gandaki,Kaski,Pokhara Metropolitan City,11,,Fully,No,25,,,7,Yes,83.03
office,58247,6.99,Bagmati,Kathmandu,Kathmandu Metropolitan City,15,,No,Yes,20,,,2,No,100.0
room,31930,3.1,Bagmati,Chitwan,Bharatpur Metropolitan City,19,,Fully,Yes,30,Double,No,,,66.51
room,25947,4.32,Lumbini,Rupandehi,Butwal Sub-Metropolitan City,8,,No,No,25,Single,Yes,,,82.54
home,43279124,6.01,Bagmati,Lalitpur,Lalitpur Metropolitan City,21,4,Fully,No,30,,,,,100.0
home,25585948,9.73,Bagmati,Kathmandu,Kathmandu Metropolitan City,30,5,Fully,No,16,,,,,91.91
office,123555,5.91,Bagmati,Chitwan,Bharatpur Metropolitan City,22,,Semi,Yes,16,,,3,No,91.18
office,83845,4.8,Koshi,Morang,Biratnagar Metropolitan City,21,,No,Yes,10,,,5,No,83.77
home,40720089,6.44,Bagmati,Kathmandu,Kathmandu Metropolitan City,20,1,No,Yes,25,,,,,100.0
home,33889186,1.46,Bagmati,Kathmandu,Kathmandu Metropolitan City,3,5,No,No,13,,,,,55.5
office,27130,4.45,Bagmati,Chitwan,Bharatpur Metropolitan City,19,,Fully,Yes,16,,,3,Yes,87.85
home,6781808,4.88,Bagmati,Bhaktapur,Bhaktapur Municipality,14,1,Semi,No,10,,,,,64.14
land,24533143,5.75,Gandaki,Kaski,Pokhara Metropolitan City,30,,,,25,,,,,87.94
land,41222576,3.66,Koshi,Jhapa,Birtamode Municipality,21,,,,10,,,,,51.38
land,8996012,9.61,Koshi,Jhapa,Birtamode Municipality,26,,,,25,,,,,74.44
room,35691,9.93,Gandaki,Kaski,Pokhara Metropolitan City,26,,No,Yes,16,Shared,Yes,,,77.34
land,23011592,8.15,Bagmati,Chitwan,Bharatpur Metropolitan City,31,,,,13,,,,,70.44
room,9324,3.87,Gandaki,Kaski,Pokhara Metropolitan City,18,,No,No,16,Shared,Yes,,,87.37
land,7727500,2.1,Bagmati,Chitwan,Bharatpur Metropolitan City,13,,,,25,,,,,75.35
land,24315324,2.42,Koshi,Jhapa,Birtamode Municipality,7,,,,10,,,,,50.04
office,21854,2.85,Sudurpashchim,Kailali,Dhangadhi Sub-Metropolitan City,18,,Semi,Yes,13,,,1,Yes,83.34
home,16131801,5.81,Bagmati,Kathmandu,Kathmandu Metropolitan City,8,1,No,Yes,20,,,,,87.25
land,43241568,5.18,Bagmati,Bhaktapur,Bhaktapur Municipality,11,,,,25,,,,,67.14
home,15389239,6.11,Sudurpashchim,Kailali,Dhangadhi Sub-Metropolitan City,17,3,Fully,Yes,25,,,,,97.92
room,21388,7.16,Gandaki,Kaski,Pokhara Metropolitan City,28,,Fully,Yes,10,Shared,Yes,,,78.75
office,53561,3.38,Lumbini,Rupandehi,Butwal Sub-Metropolitan City,6,,Semi,Yes,16,,,1,Yes,88.15
home,19941943,4.49,Koshi,Jhapa,Birtamode Municipality,29,5,Semi,Yes,20,,,,,91.18
land,42980239,8.84,Bagmati,Chitwan,Bharatpur Metropolitan City,1,,,,16,,,,,77.03
land,14056942,4.53,Bagmati,Bhaktapur,Bhaktapur Municipality,16,,,,20,,,,,76.71
room,38305,9.01,Sudurpashchim,Kailali,Dhangadhi Sub-Metropolitan City,29,,Semi,No,13,Single,No,,,61.5
office,140800,5.56,Sudurpashchim,Kailali,Dhangadhi Sub-Metropolitan City,32,,Fully,Yes,30,,,8,Yes,78.7
home,7391437,4.76,Lumbini,Rupandehi,Butwal Sub-Metropolitan City,32,1,No,Yes,16,,,,,80.24
office,101276,8.61,Bagmati,Chitwan,Bharatpur Metropolitan City,25,,No,Yes,16,,,5,No,100.0
room,47675,6.92,Bagmati,Bhaktapur,Bhaktapur Municipality,26,,No,No,10,Shared,Yes,,,61.51
land,30069848,8.88,Bagmati,Kathmandu,Kathmandu Metropolitan City,1,,,,10,,,,,73.98
land,31239889,3.44,Bagmati,Lalitpur,Lalitpur Metropolitan City,3,,,,13,,,,,54.57
room,12659,3.86,Bagmati,Bhaktapur,Bhaktapur Municipality,25,,No,Yes,13,Double,No,,,82.41
home,7323870,2.99,Bagmati,Bhaktapur,Bhaktapur Municipality,8,2,Fully,Yes,25,,,,,97.96
land,29862029,1.11,Koshi,Jhapa,Birtamode Municipality,9,,,,13,,,,,28.65
room,35806,3.55,Bagmati,Lalitpur,Lalitpur Metropolitan City,6,,Fully,Yes,16,Shared,No,,,74.98
home,37425401,3.01,Bagmati,Chitwan,Bharatpur Metropolitan City,27,3,No,No,30,,,,,77.65
room,42186,3.04,Gandaki,Kaski,Pokhara Metropolitan City,8,,Semi,No,10,Shared,Yes,,,60.85
home,45638509,4.56,Koshi,Morang,Biratnagar Metropolitan City,20,2,Fully,No,13,,,,,77.5
home,41467376,7.75,Bagmati,Chitwan,Bharatpur Metropolitan City,29,1,Fully,No,20,,,,,77.61
office,52275,6.01,Bagmati,Lalitpur,Lalitpur Metropolitan City,5,,No,Yes,13,,,8,Yes,97.88
room,43340,7.56,Bagmati,Kathmandu,Kathmandu Metropolitan City,8,,No,No,13,Shared,No,,,62.71
land,45255337,5.02,Koshi,Morang,Biratnagar Metropolitan City,26,,,,16,,,,,54.65
home,22736968,3.43,Lumbini,Rupandehi,Butwal Sub-Metropolitan City,20,5,Semi,No,10,,,,,71.51
room,28488,6.14,Gandaki,Kaski,Pokhara Metropolitan City,13,,No,Yes,30,Single,No,,,82.95
room,29487,6.62,Bagmati,Chitwan,Bharatpur Metropolitan City,19,,Fully,Yes,30,Double,No,,,76.25
office,65517,7.69,Bagmati,Lalitpur,Lalitpur Metropolitan City,4,,Semi,No,16,,,6,No,79.78
office,135729,4.25,Lumbini,Rupandehi,Butwal Sub-Metropolitan City,31,,No,No,20,,,8,No,59.96
land,17875946,6.87,Bagmati,Chitwan,Bharatpur Metropolitan City,2,,,,10,,,,,76.14
office,95076,2.08,Bagmati,Bhaktapur,Bhaktapur Municipality,25,,Fully,No,20,,,2,No,50.2
room,35998,2.95,Koshi,Morang,Biratnagar Metropolitan City,18,,No,Yes,10,Single,No,,,53.61
land,25398941,4.25,Bagmati,Chitwan,Bharatpur Metropolitan City,31,,,,20,,,,,83.94
land,41876116,3.13,Lumbini,Rupandehi,Butwal Sub-Metropolitan City,23,,,,30,,,,,61.54
room,16969,2.71,Sudurpashchim,Kailali,Dhangadhi Sub-Metropolitan City,19,,No,Yes,30,Shared,No,,,70.81
land,10894837,2.53,Lumbini,Rupandehi,Butwal Sub-Metropolitan City,20,,,,16,,,,,77.76
room,36237,8.02,Bagmati,Lalitpur,Lalitpur Metropolitan City,14,,Fully,Yes,25,Shared,No,,,77.32
home,38588904,6.23,Bagmati,Bhaktapur,Bhaktapur Municipality,31,5,Fully,No,25,,,,,100.0
office,98572,4.96,Gandaki,Kaski,Pokhara Metropolitan City,2,,Fully,No,13,,,3,Yes,87.09
office,29422,3.19,Koshi,Morang,Biratnagar Metropolitan City,7,,Fully,Yes,25,,,4,Yes,100.0
office,88103,4.44,Sudurpashchim,Kailali,Dhangadhi Sub-Metropolitan City,6,,Semi,No,10,,,2,Yes,74.02
office,128924,7.54,Bagmati,Chitwan,Bharatpur Metropolitan City,22,,Fully,Yes,30,,,6,Yes,96.22
office,34821,8.0,Bagmati,Chitwan,Bharatpur Metropolitan City,4,,Fully,No,25,,,8,No,66.22
land,20897155,7.46,Bagmati,Bhaktapur,Bhaktapur Municipality,10,,,,30,,,,,85.25
home,49317849,9.73,Bagmati,Kathmandu,Kathmandu Metropolitan City,16,1,Semi,No,30,,,,,85.35
room,39322,1.82,Bagmati,Lalitpur,Lalitpur Metropolitan City,10,,Semi,Yes,25,Shared,Yes,,,77.92
room,18827,2.1,Sudurpashchim,Kailali,Dhangadhi Sub-Metropolitan City,31,,Semi,No,20,Shared,Yes,,,91.94
room,43291,2.23,Bagmati,Chitwan,Bharatpur Metropolitan City,30,,Fully,Yes,25,Shared,No,,,44.07
home,33922063,5.75,Sudurpashchim,Kailali,Dhangadhi Sub-Metropolitan City,16,3,Fully,Yes,13,,,,,82.36
home,23015991,9.21,Koshi,Jhapa,Birtamode Municipality,19,5,Fully,No,30,,,,,93.65
land,48618782,3.76,Koshi,Morang,Biratnagar Metropolitan City,28,,,,16,,,,,62.98
office,49461,5.98,Gandaki,Kaski,Pokhara Metropolitan City,12,,Fully,No,30,,,6,Yes,87.13
office,60057,2.09,Sudurpashchim,Kailali,Dhangadhi Sub-Metropolitan City,13,,Semi,No,30,,,4,Yes,87.23
land,35571171,7.41,Bagmati,Bhaktapur,Bhaktapur Municipality,4,,,,30,,,,,72.05
land,15899038,5.89,Gandaki,Kaski,Pokhara Metropolitan City,23,,,,20,,,,,88.25
room,16834,7.44,Bagmati,Bhaktapur,Bhaktapur Municipality,4,,No,No,16,Shared,Yes,,,77.57
office,55875,2.97,Koshi,Morang,Biratnagar Metropolitan City,13,,Fully,Yes,13,,,8,No,65.52
office,28090,1.92,Koshi,Jhapa,Birtamode Municipality,8,,No,No,10,,,3,Yes,66.64
land,33802207,8.8,Bagmati,Lalitpur,Lalitpur Metropolitan City,28,,,,10,,,,,83.7
home,7689315,2.1,Koshi,Morang,Biratnagar Metropolitan City,12,1,Semi,No,20,,,,,70.92
room,31152,9.87,Lumbini,Rupandehi,Butwal Sub-Metropolitan City,15,,No,No,20,Shared,Yes,,,80.0
room,44565,4.67,Bagmati,Kathmandu,Kathmandu Metropolitan City,16,,Semi,No,30,Double,Yes,,,71.67
land,21300967,2.6,Koshi,Jhapa,Birtamode Municipality,24,,,,25,,,,,49.58
home,10530067,6.03,Sudurpashchim,Kailali,Dhangadhi Sub-Metropolitan City,17,4,No,No,13,,,,,70.86
office,77919,6.95,Sudurpashchim,Kailali,Dhangadhi Sub-Metropolitan City,5,,Fully,No,13,,,1,Yes,79.7
land,43895292,2.33,Sudurpashchim,Kailali,Dhangadhi Sub-Metropolitan City,7,,,,25,,,,,55.27
office,102102,1.9,Koshi,Morang,Biratnagar Metropolitan City,5,,Semi,No,10,,,3,No,50.93
home,30775727,9.21,Koshi,Jhapa,Birtamode Municipality,7,3,Fully,Yes,10,,,,,95.19
room,37415,7.66,Bagmati,Kathmandu,Kathmandu Metropolitan City,3,,No,Yes,13,Single,Yes,,,77.29
land,43490313,1.49,Gandaki,Kaski,Pokhara Metropolitan City,9,,,,10,,,,,59.13
room,18842,8.09,Bagmati,Bhaktapur,Bhaktapur Municipality,3,,Fully,Yes,16,Single,Yes,,,97.13
office,83877,9.62,Bagmati,Bhaktapur,Bhaktapur Municipality,2,,Semi,No,13,,,3,No,74.0
room,39687,7.63,Bagmati,Bhaktapur,Bhaktapur Municipality,23,,Fully,No,10,Single,Yes,,,69.62
room,31393,8.64,Bagmati,Chitwan,Bharatpur Metropolitan City,31,,No,No,10,Single,Yes,,,64.43
home,45545518,8.75,Sudurpashchim,Kailali,Dhangadhi Sub-Metropolitan City,13,1,Fully,Yes,13,,,,,74.88
home,49491019,3.98,Gandaki,Kaski,Pokhara Metropolitan City,20,2,No,Yes,16,,,,,79.87
home,36479734,6.17,Bagmati,Kathmandu,Kathmandu Metropolitan City,21,1,Semi,No,30,,,,,100.0
room,15386,1.13,Gandaki,Kaski,Pokhara Metropolitan City,7,,Semi,No,16,Double,Yes,,,80.77
office,112710,4.05,Bagmati,Chitwan,Bharatpur Metropolitan City,17,,Fully,Yes,13,,,3,Yes,79.14
office,44332,2.06,Koshi,Morang,Biratnagar Metropolitan City,5,,No,No,10,,,2,Yes,69.08
office,27346,5.21,Koshi,Morang,Biratnagar Metropolitan City,21,,No,Yes,13,,,3,No,86.14
room,32953,9.48,Koshi,Jhapa,Birtamode Municipality,25,,No,No,10,Single,Yes,,,42.14
home,48667859,7.5,Bagmati,Kathmandu,Kathmandu Metropolitan City,9,2,Semi,No,16,,,,,81.13
home,26732218,8.0,Sudurpashchim,Kailali,Dhangadhi Sub-Metropolitan City,28,5,Fully,No,10,,,,,72.17
office,134577,5.78,Koshi,Jhapa,Birtamode Municipality,6,,Fully,Yes,10,,,3,No,65.88
room,43848,3.18,Bagmati,Chitwan,Bharatpur Metropolitan City,5,,Fully,No,30,Double,No,,,56.21
office,67957,4.66,Bagmati,Kathmandu,Kathmandu Metropolitan City,32,,Semi,No,13,,,6,Yes,77.06
home,7746697,1.32,Bagmati,Lalitpur,Lalitpur Metropolitan City,24,2,No,No,16,,,,,91.94
land,36057169,3.47,Bagmati,Chitwan,Bharatpur Metropolitan City,32,,,,30,,,,,66.72
room,20274,1.18,Gandaki,Kaski,Pokhara Metropolitan City,10,,No,Yes,10,Single,No,,,74.98
room,27461,4.3,Bagmati,Chitwan,Bharatpur Metropolitan City,6,,Semi,Yes,13,Single,No,,,72.03
home,16590524,8.07,Koshi,Jhapa,Birtamode Municipality,25,1,Fully,Yes,16,,,,,70.36
home,37087164,4.51,Bagmati,Lalitpur,Lalitpur Metropolitan City,11,2,Semi,Yes,10,,,,,70.33
home,18943653,6.16,Gandaki,Kaski,Pokhara Metropolitan City,31,5,Semi,Yes,20,,,,,98.83
office,86168,3.95,Lumbini,Rupandehi,Butwal Sub-Metropolitan City,22,,No,Yes,13,,,3,Yes,78.65
home,24093719,3.04,Lumbini,Rupandehi,Butwal Sub-Metropolitan City,22,3,No,Yes,10,,,,,78.54
office,83210,1.42,Bagmati,Chitwan,Bharatpur Metropolitan City,11,,No,Yes,20,,,3,No,74.45
office,93172,7.69,Bagmati,Lalitpur,Lalitpur Metropolitan City,15,,Semi,No,13,,,8,No,81.04
home,25515291,4.73,Gandaki,Kaski,Pokhara Metropolitan City,15,5,No,Yes,16,,,,,85.02
room,36920,9.8,Bagmati,Chitwan,Bharatpur Metropolitan City,7,,Semi,No,16,Single,Yes,,,78.78
room,28435,7.15,Gandaki,Kaski,Pokhara Metropolitan City,20,,Fully,Yes,30,Shared,Yes,,,65.2
land,33034811,3.97,Bagmati,Chitwan,Bharatpur Metropolitan City,32,,,,30,,,,,65.01
land,45071594,2.21,Bagmati,Kathmandu,Kathmandu Metropolitan City,4,,,,20,,,,,64.82
office,44807,2.58,Bagmati,Chitwan,Bharatpur Metropolitan City,3,,Semi,No,20,,,3,Yes,84.46
office,129102,1.8,Bagmati,Bhaktapur,Bhaktapur Municipality,21,,Semi,No,25,,,4,Yes,69.02
room,8600,3.86,Bagmati,Lalitpur,Lalitpur Metropolitan City,27,,No,No,30,Single,Yes,,,97.87
room,46335,3.16,Bagmati,Kathmandu,Kathmandu Metropolitan City,24,,Fully,No,16,Single,Yes,,,75.57
home,23129775,1.39,Gandaki,Kaski,Pokhara Metropolitan City,12,5,Semi,Yes,13,,,,,53.21
land,46692327,9.31,Lumbini,Rupandehi,Butwal Sub-Metropolitan City,2,,,,30,,,,,71.65
office,89065,6.95,Bagmati,Kathmandu,Kathmandu Metropolitan City,20,,Semi,Yes,13,,,6,No,86.69
land,16321764,8.12,Bagmati,Bhaktapur,Bhaktapur Municipality,32,,,,25,,,,,85.37
land,42991913,2.39,Koshi,Jhapa,Birtamode Municipality,29,,,,25,,,,,33.91
home,25748531,1.92,Sudurpashchim,Kailali,Dhangadhi Sub-Metropolitan City,14,1,Semi,No,25,,,,,62.39
room,49567,3.89,Gandaki,Kaski,Pokhara Metropolitan City,17,,Fully,No,13,Shared,Yes,,,64.23
office,99296,7.55,Sudurpashchim,Kailali,Dhangadhi Sub-Metropolitan City,12,,No,Yes,20,,,5,No,88.07
office,121963,5.87,Lumbini,Rupandehi,Butwal Sub-Metropolitan City,24,,No,Yes,13,,,5,No,81.88
room,22426,1.52,Gandaki,Kaski,Pokhara Metropolitan City,6,,Fully,Yes,20,Shared,No,,,86.05
land,4499908,1.22,Lumbini,Rupandehi,Butwal Sub-Metropolitan City,10,,,,30,,,,,73.01
land,35254878,5.36,Bagmati,Bhaktapur,Bhaktapur Municipality,29,,,,30,,,,,81.2
home,9688071,8.78,Lumbini,Rupandehi,Butwal Sub-Metropolitan City,8,5,No,Yes,10,,,,,73.25
room,21587,6.46,Koshi,Morang,Biratnagar Metropolitan City,19,,Semi,No,16,Single,Yes,,,88.18
land,32782805,8.44,Koshi,Morang,Biratnagar Metropolitan City,2,,,,20,,,,,74.87
home,32314249,2.37,Bagmati,Kathmandu,Kathmandu Metropolitan City,1,5,No,Yes,16,,,,,71.81
land,14355489,9.52,Bagmati,Bhaktapur,Bhaktapur Municipality,29,,,,20,,,,,78.47
office,38583,1.18,Koshi,Morang,Biratnagar Metropolitan City,32,,No,Yes,16,,,2,Yes,58.48
office,55639,1.07,Sudurpashchim,Kailali,Dhangadhi Sub-Metropolitan City,12,,Fully,No,10,,,8,Yes,41.63
home,16639055,4.6,Koshi,Jhapa,Birtamode Municipality,14,3,Fully,No,13,,,,,95.16
room,36556,6.89,Koshi,Morang,Biratnagar Metropolitan City,17,,No,No,10,Single,No,,,48.17
office,28469,3.58,Bagmati,Chitwan,Bharatpur Metropolitan City,14,,No,No,20,,,1,Yes,85.54
room,8842,6.6,Bagmati,Lalitpur,Lalitpur Metropolitan City,28,,Fully,No,10,Double,No,,,81.05
home,14140356,9.47,Bagmati,Lalitpur,Lalitpur Metropolitan City,9,2,No,No,10,,,,,77.61
home,30628945,4.42,Bagmati,Chitwan,Bharatpur Metropolitan City,13,5,Fully,Yes,13,,,,,72.78
land,49861402,6.87,Bagmati,Chitwan,Bharatpur Metropolitan City,28,,,,10,,,,,54.02
home,22420039,9.18,Lumbini,Rupandehi,Butwal Sub-Metropolitan City,14,1,Semi,No,25,,,,,84.39
land,44527623,5.94,Bagmati,Lalitpur,Lalitpur Metropolitan City,4,,,,10,,,,,47.71
home,43005830,5.1,Gandaki,Kaski,Pokhara Metropolitan City,25,1,No,No,16,,,,,65.03
home,23525088,9.7,Bagmati,Bhaktapur,Bhaktapur Municipality,30,2,No,No,13,,,,,78.57
land,22075146,3.52,Lumbini,Rupandehi,Butwal Sub-Metropolitan City,31,,,,20,,,,,63.18
office,120470,6.72,Bagmati,Chitwan,Bharatpur Metropolitan City,5,,Semi,No,16,,,4,Yes,92.66
room,8324,2.94,Lumbini,Rupandehi,Butwal Sub-Metropolitan City,23,,Fully,Yes,10,Single,No,,,59.69
home,48063977,7.97,Bagmati,Bhaktapur,Bhaktapur Municipality,18,2,No,Yes,10,,,,,92.4
home,34823662,5.68,Bagmati,Bhaktapur,Bhaktapur Municipality,16,2,Semi,Yes,16,,,,,86.47
home,45254587,3.52,Lumbini,Rupandehi,Butwal Sub-Metropolitan City,29,3,Semi,Yes,25,,,,,83.04
room,39776,2.98,Lumbini,Rupandehi,Butwal Sub-Metropolitan City,32,,No,Yes,30,Shared,No,,,70.48
home,16254017,6.0,Sudurpashchim,Kailali,Dhangadhi Sub-Metropolitan City,11,1,Fully,Yes,13,,,,,74.82
room,49763,2.91,Bagmati,Kathmandu,Kathmandu Metropolitan City,8,,Semi,No,20,Double,No,,,52.72
home,11083525,3.15,Bagmati,Bhaktapur,Bhaktapur Municipality,4,4,Semi,No,13,,,,,90.98
office,128329,6.42,Koshi,Jhapa,Birtamode Municipality,24,,No,No,10,,,3,Yes,81.22
room,8976,1.58,Koshi,Jhapa,Birtamode Municipality,19,,Fully,No,30,Double,No,,,79.08
office,86263,1.13,Bagmati,Chitwan,Bharatpur Metropolitan City,8,,Fully,No,25,,,5,No,61.73
home,14038555,1.14,Lumbini,Rupandehi,Butwal Sub-Metropolitan City,11,2,No,No,10,,,,,54.83
land,42224033,8.83,Koshi,Morang,Biratnagar Metropolitan City,6,,,,20,,,,,100.0
land,30492047,1.82,Bagmati,Bhaktapur,Bhaktapur Municipality,28,,,,20,,,,,67.03
home,22887524,9.08,Gandaki,Kaski,Pokhara Metropolitan City,14,1,No,No,16,,,,,75.59
room,32474,6.02,Bagmati,Lalitpur,Lalitpur Metropolitan City,8,,Semi,No,16,Double,Yes,,,83.83
room,35050,1.31,Sudurpashchim,Kailali,Dhangadhi Sub-Metropolitan City,29,,Semi,No,10,Shared,No,,,65.63
office,114688,8.45,Koshi,Morang,Biratnagar Metropolitan City,2,,No,Yes,30,,,3,No,81.17
office,123486,9.23,Sudurpashchim,Kailali,Dhangadhi Sub-Metropolitan City,32,,No,Yes,13,,,7,No,85.15
home,20724040,3.51,Bagmati,Bhaktapur,Bhaktapur Municipality,12,3,Fully,No,20,,,,,100.0
office,48500,8.55,Koshi,Jhapa,Birtamode Municipality,1,,Semi,Yes,20,,,3,Yes,87.37
room,41160,8.62,Sudurpashchim,Kailali,Dhangadhi Sub-Metropolitan City,19,,Fully,No,20,Shared,Yes,,,78.36
office,60763,6.8,Gandaki,Kaski,Pokhara Metropolitan City,22,,No,No,25,,,5,No,82.34
home,25111077,2.15,Bagmati,Kathmandu,Kathmandu Metropolitan City,24,1,No,No,20,,,,,71.35
room,46407,3.68,Bagmati,Lalitpur,Lalitpur Metropolitan City,17,,No,Yes,20,Double,No,,,65.7
home,44497054,9.65,Bagmati,Chitwan,Bharatpur Metropolitan City,28,2,No,Yes,30,,,,,90.55
land,41515452,6.44,Bagmati,Chitwan,Bharatpur Metropolitan City,23,,,,16,,,,,72.97
room,36167,5.78,Bagmati,Lalitpur,Lalitpur Metropolitan City,24,,Fully,No,25,Single,Yes,,,78.12
office,109813,6.2,Bagmati,Chitwan,Bharatpur Metropolitan City,11,,Semi,No,25,,,4,No,82.92
land,19092401,1.33,Gandaki,Kaski,Pokhara Metropolitan City,1,,,,16,,,,,44.72
office,132597,7.02,Bagmati,Bhaktapur,Bhaktapur Municipality,4,,Semi,Yes,16,,,8,No,75.02
office,113237,3.92,Bagmati,Lalitpur,Lalitpur Metropolitan City,29,,Semi,Yes,30,,,1,No,88.22
office,133057,3.15,Koshi,Jhapa,Birtamode Municipality,9,,Fully,Yes,13,,,3,No,61.88
home,40022310,3.56,Bagmati,Bhaktapur,Bhaktapur Municipality,20,2,No,No,13,,,,,70.46
office,57641,7.93,Koshi,Morang,Biratnagar Metropolitan City,26,,Semi,Yes,10,,,3,No,82.86
home,34506283,7.36,Koshi,Morang,Biratnagar Metropolitan City,26,1,No,No,20,,,,,84.86
land,22990092,1.48,Koshi,Morang,Biratnagar Metropolitan City,2,,,,30,,,,,47.22
room,37296,8.05,Gandaki,Kaski,Pokhara Metropolitan City,21,,Semi,Yes,20,Double,No,,,64.56
office,139094,2.21,Bagmati,Kathmandu,Kathmandu Metropolitan City,16,,No,No,16,,,6,Yes,71.66
land,26146995,3.21,Sudurpashchim,Kailali,Dhangadhi Sub-Metropolitan City,17,,,,10,,,,,39.95
office,141508,7.61,Koshi,Jhapa,Birtamode Municipality,22,,No,Yes,16,,,7,Yes,90.7
home,37191357,4.49,Koshi,Morang,Biratnagar Metropolitan City,16,2,Semi,Yes,13,,,,,86.52
home,46888341,1.1,Bagmati,Chitwan,Bharatpur Metropolitan City,3,1,Semi,Yes,30,,,,,61.99
room,45818,3.65,Lumbini,Rupandehi,Butwal Sub-Metropolitan City,17,,No,Yes,16,Shared,No,,,51.0
land,28340035,9.88,Bagmati,Kathmandu,Kathmandu Metropolitan City,32,,,,13,,,,,76.16
office,70282,8.53,Koshi,Jhapa,Birtamode Municipality,29,,No,Yes,16,,,7,No,63.57
land,41194273,6.28,Sudurpashchim,Kailali,Dhangadhi Sub-Metropolitan City,30,,,,16,,,,,52.39
land,7665793,7.81,Sudurpashchim,Kailali,Dhangadhi Sub-Metropolitan City,32,,,,20,,,,,79.88
office,109271,7.45,Bagmati,Kathmandu,Kathmandu Metropolitan City,11,,No,Yes,20,,,2,No,84.49
home,28195816,3.24,Bagmati,Lalitpur,Lalitpur Metropolitan City,21,1,No,No,25,,,,,81.32
room,19875,5.81,Bagmati,Bhaktapur,Bhaktapur Municipality,1,,Semi,Yes,16,Shared,Yes,,,91.02
home,26181621,9.81,Lumbini,Rupandehi,Butwal Sub-Metropolitan City,7,1,No,Yes,16,,,,,88.43
office,120634,3.24,Sudurpashchim,Kailali,Dhangadhi Sub-Metropolitan City,1,,Semi,Yes,16,,,8,Yes,67.43
room,45673,9.54,Lumbini,Rupandehi,Butwal Sub-Metropolitan City,31,,Semi,Yes,16,Single,No,,,59.61
home,33657761,1.36,Sudurpashchim,Kailali,Dhangadhi Sub-Metropolitan City,28,4,Semi,Yes,25,,,,,67.01
land,30704721,4.89,Bagmati,Lalitpur,Lalitpur Metropolitan City,3,,,,16,,,,,73.92
land,19004453,1.85,Bagmati,Chitwan,Bharatpur Metropolitan City,30,,,,20,,,,,62.73
room,26632,4.1,Gandaki,Kaski,Pokhara Metropolitan City,14,,No,Yes,13,Shared,No,,,64.03
office,98157,6.73,Sudurpashchim,Kailali,Dhangadhi Sub-Metropolitan City,22,,No,No,10,,,2,Yes,67.05
home,34699560,4.43,Bagmati,Chitwan,Bharatpur Metropolitan City,11,2,Semi,Yes,25,,,,,94.4
room,25868,7.6,Lumbini,Rupandehi,Butwal Sub-Metropolitan City,8,,Semi,Yes,13,Shared,Yes,,,74.5
land,22356902,5.63,Bagmati,Lalitpur,Lalitpur Metropolitan City,25,,,,13,,,,,93.79
office,75112,6.88,Gandaki,Kaski,Pokhara Metropolitan City,20,,No,Yes,20,,,3,No,85.25
land,49651255,6.05,Koshi,Morang,Biratnagar Metropolitan City,15,,,,30,,,,,65.4
land,11578449,5.58,Bagmati,Chitwan,Bharatpur Metropolitan City,13,,,,30,,,,,80.82
room,28873,2.56,Bagmati,Kathmandu,Kathmandu Metropolitan City,24,,No,No,25,Double,No,,,84.63
land,23484257,3.53,Bagmati,Kathmandu,Kathmandu Metropolitan City,28,,,,20,,,,,69.45
office,134716,7.4,Lumbini,Rupandehi,Butwal Sub-Metropolitan City,23,,Semi,Yes,30,,,6,Yes,85.3
home,46555478,1.21,Bagmati,Bhaktapur,Bhaktapur Municipality,1,3,Fully,Yes,30,,,,,87.08
home,11062909,6.63,Sudurpashchim,Kailali,Dhangadhi Sub-Metropolitan City,5,4,No,No,25,,,,,90.01
office,136379,4.97,Lumbini,Rupandehi,Butwal Sub-Metropolitan City,19,,Fully,Yes,10,,,2,No,69.01
land,11180578,5.66,Gandaki,Kaski,Pokhara Metropolitan City,5,,,,10,,,,,80.14
home,23591932,2.15,Koshi,Jhapa,Birtamode Municipality,14,5,No,Yes,20,,,,,85.38
office,148613,4.17,Bagmati,Kathmandu,Kathmandu Metropolitan City,23,,Fully,No,16,,,2,Yes,83.0
room,44876,7.02,Gandaki,Kaski,Pokhara Metropolitan City,13,,Semi,Yes,13,Shared,Yes,,,55.79
office,49489,6.01,Lumbini,Rupandehi,Butwal Sub-Metropolitan City,21,,No,No,25,,,7,Yes,79.72
home,19403096,8.74,Sudurpashchim,Kailali,Dhangadhi Sub-Metropolitan City,5,1,Fully,Yes,16,,,,,84.72
home,41975119,1.98,Bagmati,Chitwan,Bharatpur Metropolitan City,13,2,No,Yes,10,,,,,58.27
office,57392,6.89,Lumbini,Rupandehi,Butwal Sub-Metropolitan City,17,,Fully,No,16,,,5,Yes,94.92
room,48696,8.59,Koshi,Jhapa,Birtamode Municipality,19,,No,Yes,25,Shared,No,,,49.26
room,23238,8.17,Koshi,Jhapa,Birtamode Municipality,30,,Semi,Yes,10,Double,Yes,,,80.42
room,47686,3.24,Koshi,Jhapa,Birtamode Municipality,20,,No,Yes,30,Double,No,,,70.25
land,17957281,8.77,Gandaki,Kaski,Pokhara Metropolitan City,28,,,,13,,,,,75.07
office,39882,7.48,Bagmati,Lalitpur,Lalitpur Metropolitan City,22,,No,No,10,,,4,No,68.94
land,22655704,1.31,Lumbini,Rupandehi,Butwal Sub-Metropolitan City,2,,,,20,,,,,60.75
home,12580583,2.4,Koshi,Morang,Biratnagar Metropolitan City,12,4,No,Yes,16,,,,,85.3
land,27864524,3.77,Koshi,Morang,Biratnagar Metropolitan City,22,,,,13,,,,,46.62
office,102775,4.7,Bagmati,Lalitpur,Lalitpur Metropolitan City,1,,Semi,Yes,16,,,2,No,100.0
room,30096,1.27,Lumbini,Rupandehi,Butwal Sub-Metropolitan City,15,,No,No,30,Single,Yes,,,69.14
home,21533491,5.91,Lumbini,Rupandehi,Butwal Sub-Metropolitan City,20,3,No,Yes,13,,,,,94.29
office,64719,8.07,Bagmati,Bhaktapur,Bhaktapur Municipality,19,,Semi,Yes,13,,,8,No,83.92
room,18127,4.53,Bagmati,Bhaktapur,Bhaktapur Municipality,13,,Fully,No,25,Single,No,,,85.27
room,28278,8.32,Bagmati,Bhaktapur,Bhaktapur Municipality,3,,No,Yes,30,Shared,Yes,,,86.83
office,83229,9.93,Bagmati,Kathmandu,Kathmandu Metropolitan City,23,,Fully,No,20,,,7,Yes,89.19
home,16501318,4.56,Koshi,Jhapa,Birtamode Municipality,32,1,Fully,No,30,,,,,100.0
land,36087183,5.08,Gandaki,Kaski,Pokhara Metropolitan City,32,,,,25,,,,,62.32
land,48739828,2.26,Bagmati,Kathmandu,Kathmandu Metropolitan City,1,,,,13,,,,,59.75
home,47947571,7.1,Bagmati,Kathmandu,Kathmandu Metropolitan City,28,4,Semi,Yes,30,,,,,88.88
land,16522858,8.94,Bagmati,Bhaktapur,Bhaktapur Municipality,18,,,,25,,,,,78.16
land,29104795,5.93,Bagmati,Bhaktapur,Bhaktapur Municipality,5,,,,20,,,,,97.05
office,64370,4.38,Bagmati,Kathmandu,Kathmandu Metropolitan City,8,,No,No,30,,,6,Yes,100.0
room,26472,6.5,Sudurpashchim,Kailali,Dhangadhi Sub-Metropolitan City,32,,Fully,Yes,13,Shared,No,,,76.56
land,21743168,4.28,Bagmati,Kathmandu,Kathmandu Metropolitan City,21,,,,25,,,,,100.0
room,17945,8.85,Bagmati,Kathmandu,Kathmandu Metropolitan City,24,,No,No,30,Double,No,,,91.72
office,46176,4.15,Koshi,Morang,Biratnagar Metropolitan City,4,,Semi,No,16,,,2,Yes,86.34
office,110977,6.67,Bagmati,Bhaktapur,Bhaktapur Municipality,27,,No,No,10,,,4,No,86.02
land,9873656,6.33,Koshi,Morang,Biratnagar Metropolitan City,22,,,,25,,,,,99.42
office,137493,8.03,Koshi,Morang,Biratnagar Metropolitan City,23,,Semi,No,10,,,1,Yes,74.75
office,23989,8.12,Bagmati,Chitwan,Bharatpur Metropolitan City,25,,Semi,No,13,,,6,Yes,66.34
room,42077,1.78,Koshi,Jhapa,Birtamode Municipality,24,,Fully,Yes,13,Single,Yes,,,58.98
room,19087,7.5,Koshi,Jhapa,Birtamode Municipality,10,,No,No,16,Single,No,,,69.94
office,35193,2.77,Koshi,Jhapa,Birtamode Municipality,6,,Fully,No,10,,,6,No,71.94
room,45805,4.46,Bagmati,Kathmandu,Kathmandu Metropolitan City,2,,Fully,No,16,Double,No,,,58.88
home,41609044,9.1,Bagmati,Bhaktapur,Bhaktapur Municipality,30,3,Fully,No,25,,,,,87.14
office,148379,5.49,Gandaki,Kaski,Pokhara Metropolitan City,19,,No,Yes,16,,,2,No,75.74
room,12181,6.41,Lumbini,Rupandehi,Butwal Sub-Metropolitan City,24,,No,Yes,13,Double,No,,,89.33
room,23701,5.31,Bagmati,Bhaktapur,Bhaktapur Municipality,15,,Semi,Yes,16,Double,No,,,89.82
room,15900,6.43,Sudurpashchim,Kailali,Dhangadhi Sub-Metropolitan City,29,,No,No,13,Double,Yes,,,86.94
land,34870849,7.63,Bagmati,Kathmandu,Kathmandu Metropolitan City,9,,,,10,,,,,78.57
home,26031015,2.14,Gandaki,Kaski,Pokhara Metropolitan City,31,5,No,No,25,,,,,59.84
office,33661,4.32,Koshi,Morang,Biratnagar Metropolitan City,6,,Semi,Yes,20,,,7,No,86.0
land,36591248,2.72,Koshi,Jhapa,Birtamode Municipality,20,,,,30,,,,,42.21
office,84516,1.23,Koshi,Morang,Biratnagar Metropolitan City,4,,No,No,16,,,6,Yes,55.47
land,33768648,1.07,Sudurpashchim,Kailali,Dhangadhi Sub-Metropolitan City,3,,,,30,,,,,49.6
land,32241614,9.84,Bagmati,Chitwan,Bharatpur Metropolitan City,14,,,,10,,,,,71.85
room,42881,5.86,Lumbini,Rupandehi,Butwal Sub-Metropolitan City,17,,Semi,No,10,Shared,Yes,,,51.51
room,37022,1.36,Bagmati,Chitwan,Bharatpur Metropolitan City,21,,Semi,No,20,Single,No,,,52.57
office,23563,2.84,Lumbini,Rupandehi,Butwal Sub-Metropolitan City,24,,Semi,Yes,13,,,8,Yes,85.28
office,77981,5.04,Bagmati,Lalitpur,Lalitpur Metropolitan City,5,,Fully,Yes,20,,,4,Yes,100.0
home,20579538,6.27,Bagmati,Lalitpur,Lalitpur Metropolitan City,16,2,Semi,Yes,25,,,,,95.58
land,25974326,2.63,Bagmati,Bhaktapur,Bhaktapur Municipality,25,,,,20,,,,,53.37
home,29252268,1.64,Bagmati,Chitwan,Bharatpur Metropolitan City,31,3,Semi,No,13,,,,,51.72
land,39664847,8.07,Sudurpashchim,Kailali,Dhangadhi Sub-Metropolitan City,21,,,,13,,,,,76.09
land,48208305,4.08,Bagmati,Bhaktapur,Bhaktapur Municipality,7,,,,10,,,,,51.98
office,110259,8.99,Bagmati,Bhaktapur,Bhaktapur Municipality,10,,No,No,10,,,3,No,70.02
room,13676,7.28,Sudurpashchim,Kailali,Dhangadhi Sub-Metropolitan City,24,,Semi,Yes,16,Shared,Yes,,,92.53
land,35153287,7.09,Bagmati,Bhaktapur,Bhaktapur Municipality,3,,,,20,,,,,86.08
office,90144,8.08,Sudurpashchim,Kailali,Dhangadhi Sub-Metropolitan City,22,,No,Yes,25,,,5,Yes,97.34
land,24915480,6.68,Bagmati,Kathmandu,Kathmandu Metropolitan City,11,,,,30,,,,,97.37
office,86970,4.6,Gandaki,Kaski,Pokhara Metropolitan City,13,,Fully,No,16,,,8,No,80.8
land,4519839,7.46,Bagmati,Lalitpur,Lalitpur Metropolitan City,3,,,,10,,,,,77.93
home,13550487,9.92,Bagmati,Chitwan,Bharatpur Metropolitan City,6,4,Fully,Yes,25,,,,,100.0
land,5342495,3.24,Koshi,Morang,Biratnagar Metropolitan City,27,,,,30,,,,,84.57
land,9568419,6.31,Koshi,Jhapa,Birtamode Municipality,12,,,,30,,,,,95.81
room,36819,5.81,Bagmati,Chitwan,Bharatpur Metropolitan City,3,,Fully,Yes,16,Shared,No,,,61.95
office,143831,2.99,Bagmati,Lalitpur,Lalitpur Metropolitan City,31,,Fully,No,13,,,8,No,63.05
land,32700912,5.51,Bagmati,Chitwan,Bharatpur Metropolitan City,4,,,,10,,,,,77.92
room,37621,6.91,Bagmati,Kathmandu,Kathmandu Metropolitan City,3,,No,No,16,Single,Yes,,,70.97
office,55643,6.49,Sudurpashchim,Kailali,Dhangadhi Sub-Metropolitan City,32,,Fully,No,30,,,1,Yes,89.18
room,37720,8.01,Koshi,Jhapa,Birtamode Municipality,9,,Semi,No,10,Double,No,,,47.81
office,47500,4.59,Lumbini,Rupandehi,Butwal Sub-Metropolitan City,7,,Fully,Yes,25,,,7,Yes,98.4
land,3417798,8.78,Lumbini,Rupandehi,Butwal Sub-Metropolitan City,6,,,,30,,,,,73.66
home,8555129,9.77,Bagmati,Lalitpur,Lalitpur Metropolitan City,31,1,Semi,No,30,,,,,87.89
room,30860,3.5,Bagmati,Lalitpur,Lalitpur Metropolitan City,22,,Fully,No,30,Single,Yes,,,91.99
home,27809408,1.89,Lumbini,Rupandehi,Butwal Sub-Metropolitan City,24,4,Fully,Yes,20,,,,,80.31
home,7456524,6.37,Bagmati,Chitwan,Bharatpur Metropolitan City,6,3,Semi,Yes,30,,,,,96.2
room,16028,7.38,Bagmati,Bhaktapur,Bhaktapur Municipality,12,,No,No,16,Double,No,,,66.61
home,11274220,7.15,Bagmati,Lalitpur,Lalitpur Metropolitan City,22,1,Semi,Yes,10,,,,,65.2
home,37296438,5.49,Bagmati,Lalitpur,Lalitpur Metropolitan City,10,3,No,No,10,,,,,84.43
land,22282842,8.24,Sudurpashchim,Kailali,Dhangadhi Sub-Metropolitan City,30,,,,20,,,,,82.04
home,7153269,4.9,Gandaki,Kaski,Pokhara Metropolitan City,11,1,No,Yes,16,,,,,78.23
home,12370419,2.34,Bagmati,Kathmandu,Kathmandu Metropolitan City,31,4,No,Yes,20,,,,,94.45
office,123925,1.7,Bagmati,Lalitpur,Lalitpur Metropolitan City,21,,Fully,No,16,,,8,Yes,73.86
room,30877,3.58,Koshi,Jhapa,Birtamode Municipality,6,,Fully,No,16,Double,Yes,,,71.16
land,18703873,6.67,Bagmati,Bhaktapur,Bhaktapur Municipality,5,,,,25,,,,,90.62
land,33729832,8.77,Bagmati,Bhaktapur,Bhaktapur Municipality,24,,,,20,,,,,78.93
office,27496,4.29,Bagmati,Chitwan,Bharatpur Metropolitan City,26,,Fully,Yes,25,,,6,Yes,99.36
home,6439806,8.41,Koshi,Jhapa,Birtamode Municipality,9,1,No,Yes,20,,,,,98.7
land,23372849,8.37,Sudurpashchim,Kailali,Dhangadhi Sub-Metropolitan City,8,,,,25,,,,,84.02
room,30703,4.32,Koshi,Jhapa,Birtamode Municipality,5,,No,Yes,30,Shared,No,,,74.78
home,16234418,6.52,Lumbini,Rupandehi,Butwal Sub-Metropolitan City,1,3,Fully,No,25,,,,,98.71
room,49434,7.34,Koshi,Morang,Biratnagar Metropolitan City,2,,No,Yes,25,Single,No,,,56.75
land,20173661,5.96,Koshi,Jhapa,Birtamode Municipality,13,,,,30,,,,,73.71
office,29658,3.0,Koshi,Jhapa,Birtamode Municipality,26,,Fully,No,20,,,7,Yes,93.15
room,45443,7.14,Bagmati,Lalitpur,Lalitpur Metropolitan City,4,,No,Yes,20,Single,Yes,,,85.82
office,88108,7.75,Bagmati,Lalitpur,Lalitpur Metropolitan City,31,,No,No,10,,,8,No,61.44
land,14190775,6.43,Lumbini,Rupandehi,Butwal Sub-Metropolitan City,31,,,,30,,,,,81.1
land,17004666,4.26,Sudurpashchim,Kailali,Dhangadhi Sub-Metropolitan City,29,,,,30,,,,,72.32
home,33399693,7.7,Bagmati,Chitwan,Bharatpur Metropolitan City,28,4,Fully,No,25,,,,,76.59
home,44908974,9.49,Sudurpashchim,Kailali,Dhangadhi Sub-Metropolitan City,9,5,Fully,Yes,13,,,,,78.05
home,17719563,4.73,Koshi,Morang,Biratnagar Metropolitan City,27,3,Semi,Yes,13,,,,,98.42
land,34684616,6.07,Bagmati,Kathmandu,Kathmandu Metropolitan City,28,,,,10,,,,,68.92
home,5148930,9.5,Lumbini,Rupandehi,Butwal Sub-Metropolitan City,29,2,No,Yes,16,,,,,82.58
land,35379993,5.08,Gandaki,Kaski,Pokhara Metropolitan City,16,,,,25,,,,,67.1
room,20128,7.58,Gandaki,Kaski,Pokhara Metropolitan City,22,,Semi,No,10,Double,Yes,,,83.03
room,11344,1.92,Bagmati,Bhaktapur,Bhaktapur Municipality,25,,No,Yes,20,Double,No,,,93.1
land,5946092,6.89,Bagmati,Bhaktapur,Bhaktapur Municipality,10,,,,25,,,,,92.71
room,10881,6.13,Sudurpashchim,Kailali,Dhangadhi Sub-Metropolitan City,26,,Semi,No,25,Double,No,,,90.53
home,45969170,4.09,Bagmati,Chitwan,Bharatpur Metropolitan City,19,4,Fully,Yes,25,,,,,90.19
home,45147354,8.22,Bagmati,Chitwan,Bharatpur Metropolitan City,10,2,Fully,No,13,,,,,96.6
land,6918642,4.8,Koshi,Morang,Biratnagar Metropolitan City,21,,,,13,,,,,69.76
room,26160,5.17,Koshi,Morang,Biratnagar Metropolitan City,24,,No,No,20,Single,Yes,,,84.41
office,86795,1.77,Gandaki,Kaski,Pokhara Metropolitan City,1,,Semi,Yes,20,,,4,Yes,67.95
land,49506855,7.94,Koshi,Jhapa,Birtamode Municipality,5,,,,30,,,,,66.34
home,22353223,2.27,Bagmati,Kathmandu,Kathmandu Metropolitan City,27,3,Semi,No,20,,,,,67.28
room,22019,2.95,Bagmati,Lalitpur,Lalitpur Metropolitan City,30,,Fully,No,16,Double,No,,,65.95
land,39398683,2.78,Bagmati,Bhaktapur,Bhaktapur Municipality,23,,,,30,,,,,62.4
room,8917,5.0,Bagmati,Lalitpur,Lalitpur Metropolitan City,1,,Semi,Yes,13,Double,Yes,,,76.5
room,12676,3.71,Lumbini,Rupandehi,Butwal Sub-Metropolitan City,22,,Fully,Yes,30,Single,No,,,93.39
room,22815,4.61,Bagmati,Chitwan,Bharatpur Metropolitan City,15,,Fully,Yes,30,Shared,Yes,,,100.0
room,39271,5.19,Lumbini,Rupandehi,Butwal Sub-Metropolitan City,25,,Fully,No,30,Single,No,,,84.99
office,57980,3.14,Koshi,Jhapa,Birtamode Municipality,25,,No,Yes,25,,,4,No,87.56
room,11360,3.86,Bagmati,Lalitpur,Lalitpur Metropolitan City,14,,Semi,Yes,16,Shared,No,,,91.91
room,38909,8.0,Bagmati,Kathmandu,Kathmandu Metropolitan City,12,,No,No,10,Shared,No,,,65.85
land,44225527,6.88,Bagmati,Lalitpur,Lalitpur Metropolitan City,3,,,,25,,,,,87.03
land,12221385,8.76,Koshi,Jhapa,Birtamode Municipality,9,,,,25,,,,,67.17
office,132551,3.44,Gandaki,Kaski,Pokhara Metropolitan City,18,,Semi,Yes,16,,,2,No,78.26
office,67843,5.13,Koshi,Morang,Biratnagar Metropolitan City,16,,Fully,Yes,30,,,5,No,90.51
room,37108,5.5,Gandaki,Kaski,Pokhara Metropolitan City,4,,Semi,No,10,Double,Yes,,,54.51
land,28108278,1.92,Bagmati,Kathmandu,Kathmandu Metropolitan City,18,,,,13,,,,,66.24
land,20744165,9.74,Koshi,Morang,Biratnagar Metropolitan City,12,,,,13,,,,,77.01
home,35805353,7.06,Sudurpashchim,Kailali,Dhangadhi Sub-Metropolitan City,31,3,No,Yes,30,,,,,81.31
office,50239,6.96,Koshi,Morang,Biratnagar Metropolitan City,29,,No,Yes,13,,,7,No,99.66
office,147471,8.68,Lumbini,Rupandehi,Butwal Sub-Metropolitan City,25,,Semi,Yes,10,,,4,No,76.3
room,27400,3.7,Bagmati,Bhaktapur,Bhaktapur Municipality,14,,Fully,Yes,16,Shared,Yes,,,86.98
land,34329591,5.09,Bagmati,Kathmandu,Kathmandu Metropolitan City,15,,,,25,,,,,80.45
home,19960595,8.16,Bagmati,Bhaktapur,Bhaktapur Municipality,5,4,Fully,No,25,,,,,83.88
office,135035,9.04,Koshi,Morang,Biratnagar Metropolitan City,30,,No,Yes,16,,,1,Yes,85.14
office,72146,4.31,Bagmati,Kathmandu,Kathmandu Metropolitan City,1,,Fully,No,20,,,3,No,84.33
home,36697897,3.16,Bagmati,Bhaktapur,Bhaktapur Municipality,28,4,Fully,No,13,,,,,67.18
land,36401018,6.87,Bagmati,Bhaktapur,Bhaktapur Municipality,16,,,,20,,,,,83.39
office,97194,3.91,Gandaki,Kaski,Pokhara Metropolitan City,10,,No,Yes,30,,,3,No,62.41
home,34361580,6.83,Bagmati,Bhaktapur,Bhaktapur Municipality,24,1,Semi,No,30,,,,,100.0
land,8492844,8.33,Bagmati,Chitwan,Bharatpur Metropolitan City,21,,,,25,,,,,90.29
room,36609,6.24,Lumbini,Rupandehi,Butwal Sub-Metropolitan City,31,,Fully,Yes,30,Double,Yes,,,62.64
land,36880612,2.66,Koshi,Morang,Biratnagar Metropolitan City,29,,,,20,,,,,59.51
room,32682,2.38,Bagmati,Bhaktapur,Bhaktapur Municipality,25,,Semi,Yes,25,Shared,Yes,,,76.03
office,88800,8.01,Bagmati,Bhaktapur,Bhaktapur Municipality,17,,No,Yes,20,,,8,No,72.25
office,62200,4.77,Bagmati,Chitwan,Bharatpur Metropolitan City,19,,No,No,25,,,8,Yes,84.36
home,35521828,5.35,Lumbini,Rupandehi,Butwal Sub-Metropolitan City,14,5,No,Yes,16,,,,,83.35
office,86996,6.57,Bagmati,Lalitpur,Lalitpur Metropolitan City,13,,No,Yes,25,,,8,Yes,99.52
room,24394,6.03,Lumbini,Rupandehi,Butwal Sub-Metropolitan City,29,,Fully,No,25,Shared,Yes,,,81.48
land,12466940,4.43,Koshi,Jhapa,Birtamode Municipality,12,,,,25,,,,,84.0
room,25327,6.79,Bagmati,Chitwan,Bharatpur Metropolitan City,21,,No,No,16,Single,No,,,69.61
room,40424,4.75,Sudurpashchim,Kailali,Dhangadhi Sub-Metropolitan City,21,,Fully,No,25,Single,No,,,68.55
room,40737,3.95,Bagmati,Kathmandu,Kathmandu Metropolitan City,12,,Semi,Yes,25,Shared,Yes,,,85.93
room,24153,1.49,Gandaki,Kaski,Pokhara Metropolitan City,19,,No,No,13,Shared,Yes,,,72.18
room,8890,2.29,Sudurpashchim,Kailali,Dhangadhi Sub-Metropolitan City,29,,Fully,Yes,16,Double,Yes,,,73.64
land,46706824,7.49,Lumbini,Rupandehi,Butwal Sub-Metropolitan City,14,,,,30,,,,,64.37
office,132784,4.94,Bagmati,Chitwan,Bharatpur Metropolitan City,18,,Fully,No,10,,,4,No,65.72
office,51843,4.23,Koshi,Jhapa,Birtamode Municipality,32,,No,Yes,25,,,7,No,82.66
home,30561730,6.11,Bagmati,Chitwan,Bharatpur Metropolitan City,8,1,No,No,13,,,,,71.78
home,45249050,5.86,Bagmati,Kathmandu,Kathmandu Metropolitan City,3,1,No,No,10,,,,,67.01
land,48345753,3.56,Bagmati,Chitwan,Bharatpur Metropolitan City,27,,,,30,,,,,76.94
home,25020135,4.31,Lumbini,Rupandehi,Butwal Sub-Metropolitan City,21,1,No,Yes,20,,,,,81.21
room,27685,9.56,Bagmati,Kathmandu,Kathmandu Metropolitan City,25,,Semi,Yes,16,Single,Yes,,,82.22
land,43531396,7.42,Bagmati,Chitwan,Bharatpur Metropolitan City,28,,,,20,,,,,80.91
land,35088457,7.03,Bagmati,Lalitpur,Lalitpur Metropolitan City,4,,,,10,,,,,76.13
home,44938657,9.29,Bagmati,Chitwan,Bharatpur Metropolitan City,5,2,No,Yes,16,,,,,82.47
office,72631,8.45,Bagmati,Kathmandu,Kathmandu Metropolitan City,25,,Semi,Yes,16,,,7,No,87.53
home,34853230,5.72,Gandaki,Kaski,Pokhara Metropolitan City,31,1,Fully,No,13,,,,,89.19
land,41671527,1.56,Bagmati,Kathmandu,Kathmandu Metropolitan City,29,,,,30,,,,,72.24
office,41798,6.72,Bagmati,Bhaktapur,Bhaktapur Municipality,29,,Fully,Yes,30,,,2,Yes,100.0
home,22029298,8.49,Bagmati,Kathmandu,Kathmandu Metropolitan City,20,4,No,No,10,,,,,84.82
office,95719,4.98,Bagmati,Lalitpur,Lalitpur Metropolitan City,15,,Semi,No,30,,,8,No,100.0
land,45395816,8.4,Bagmati,Kathmandu,Kathmandu Metropolitan City,31,,,,13,,,,,83.01
office,52232,2.23,Gandaki,Kaski,Pokhara Metropolitan City,23,,Fully,No,13,,,7,No,77.37
home,13289301,6.76,Koshi,Morang,Biratnagar Metropolitan City,18,1,Fully,Yes,13,,,,,90.19
room,36568,9.1,Sudurpashchim,Kailali,Dhangadhi Sub-Metropolitan City,1,,Fully,No,30,Double,Yes,,,67.73
office,55455,3.17,Gandaki,Kaski,Pokhara Metropolitan City,27,,Fully,Yes,30,,,6,Yes,88.84
room,9485,6.16,Gandaki,Kaski,Pokhara Metropolitan City,7,,No,Yes,20,Shared,No,,,84.14
home,28666471,1.44,Lumbini,Rupandehi,Butwal Sub-Metropolitan City,2,3,No,Yes,16,,,,,77.7
office,38994,7.19,Bagmati,Bhaktapur,Bhaktapur Municipality,4,,Semi,Yes,30,,,1,Yes,90.67
room,35300,2.92,Bagmati,Bhaktapur,Bhaktapur Municipality,29,,Fully,Yes,25,Single,Yes,,,83.13
land,21509015,9.37,Koshi,Morang,Biratnagar Metropolitan City,9,,,,10,,,,,75.09
office,102322,5.14,Lumbini,Rupandehi,Butwal Sub-Metropolitan City,4,,No,Yes,30,,,4,Yes,100.0
office,100536,7.49,Bagmati,Bhaktapur,Bhaktapur Municipality,1,,No,Yes,10,,,7,Yes,71.19
home,17315690,5.78,Sudurpashchim,Kailali,Dhangadhi Sub-Metropolitan City,16,4,Semi,No,20,,,,,86.43
land,33479573,6.42,Bagmati,Chitwan,Bharatpur Metropolitan City,12,,,,16,,,,,80.02
room,47023,2.27,Lumbini,Rupandehi,Butwal Sub-Metropolitan City,32,,Fully,Yes,16,Single,No,,,58.88
room,45039,8.73,Koshi,Morang,Biratnagar Metropolitan City,3,,Fully,Yes,13,Shared,No,,,58.27
land,43627264,6.87,Bagmati,Lalitpur,Lalitpur Metropolitan City,14,,,,20,,,,,84.7
room,46251,6.11,Sudurpashchim,Kailali,Dhangadhi Sub-Metropolitan City,26,,Fully,No,20,Shared,Yes,,,81.08
land,43354245,7.13,Koshi,Jhapa,Birtamode Municipality,25,,,,25,,,,,74.32
land,7215058,6.39,Gandaki,Kaski,Pokhara Metropolitan City,12,,,,10,,,,,77.95
land,22619812,7.94,Bagmati,Kathmandu,Kathmandu Metropolitan City,3,,,,25,,,,,74.26
home,10229412,5.2,Lumbini,Rupandehi,Butwal Sub-Metropolitan City,13,4,No,Yes,25,,,,,89.57
room,22203,7.36,Bagmati,Chitwan,Bharatpur Metropolitan City,31,,No,Yes,25,Double,No,,,80.46
room,46492,8.2,Bagmati,Bhaktapur,Bhaktapur Municipality,14,,Semi,Yes,16,Single,No,,,41.25
office,53074,8.34,Bagmati,Kathmandu,Kathmandu Metropolitan City,25,,Semi,Yes,30,,,1,Yes,93.67
land,26628145,8.08,Bagmati,Lalitpur,Lalitpur Metropolitan City,12,,,,13,,,,,76.85
office,123175,8.81,Bagmati,Kathmandu,Kathmandu Metropolitan City,12,,Semi,No,10,,,2,Yes,87.44
office,118424,4.34,Gandaki,Kaski,Pokhara Metropolitan City,1,,Fully,No,30,,,8,No,69.65
land,3779792,7.91,Bagmati,Bhaktapur,Bhaktapur Municipality,29,,,,20,,,,,81.01
room,38184,2.57,Bagmati,Chitwan,Bharatpur Metropolitan City,5,,Fully,No,20,Double,No,,,62.59
room,25485,3.9,Sudurpashchim,Kailali,Dhangadhi Sub-Metropolitan City,3,,Semi,Yes,13,Single,Yes,,,86.06
home,17183338,3.66,Bagmati,Lalitpur,Lalitpur Metropolitan City,14,4,Fully,Yes,25,,,,,100.0
land,29765012,9.14,Koshi,Jhapa,Birtamode Municipality,10,,,,20,,,,,72.77
room,30352,8.19,Bagmati,Bhaktapur,Bhaktapur Municipality,11,,Fully,No,20,Double,Yes,,,70.6
land,34523206,5.83,Koshi,Morang,Biratnagar Metropolitan City,29,,,,13,,,,,64.91
land,45494250,9.66,Lumbini,Rupandehi,Butwal Sub-Metropolitan City,22,,,,30,,,,,96.85
office,23113,4.22,Sudurpashchim,Kailali,Dhangadhi Sub-Metropolitan City,25,,No,No,10,,,8,Yes,79.39
home,10735160,2.51,Koshi,Morang,Biratnagar Metropolitan City,14,5,Fully,Yes,10,,,,,73.55
land,29260324,7.7,Bagmati,Lalitpur,Lalitpur Metropolitan City,8,,,,25,,,,,84.74
land,14427968,5.56,Bagmati,Kathmandu,Kathmandu Metropolitan City,23,,,,13,,,,,99.95
office,40148,1.01,Gandaki,Kaski,Pokhara Metropolitan City,12,,Fully,No,10,,,3,No,36.15
room,45188,4.63,Bagmati,Chitwan,Bharatpur Metropolitan City,8,,Semi,No,13,Shared,No,,,52.76
land,24140568,1.74,Gandaki,Kaski,Pokhara Metropolitan City,14,,,,30,,,,,61.41
room,41076,2.51,Sudurpashchim,Kailali,Dhangadhi Sub-Metropolitan City,31,,Fully,Yes,25,Single,Yes,,,75.97
home,5994940,4.9,Bagmati,Kathmandu,Kathmandu Metropolitan City,8,2,Fully,No,10,,,,,87.84
home,46418469,7.48,Bagmati,Lalitpur,Lalitpur Metropolitan City,11,4,Fully,Yes,13,,,,,91.34
room,8968,6.73,Bagmati,Lalitpur,Lalitpur Metropolitan City,24,,Fully,Yes,16,Shared,No,,,77.98
land,36550195,6.27,Bagmati,Lalitpur,Lalitpur Metropolitan City,32,,,,20,,,,,71.2
office,73133,6.73,Lumbini,Rupandehi,Butwal Sub-Metropolitan City,27,,Semi,Yes,16,,,3,Yes,77.72
land,26903793,1.61,Koshi,Jhapa,Birtamode Municipality,6,,,,10,,,,,42.32
land,31253042,1.41,Lumbini,Rupandehi,Butwal Sub-Metropolitan City,24,,,,30,,,,,51.71
land,31176236,4.85,Bagmati,Kathmandu,Kathmandu Metropolitan City,11,,,,25,,,,,89.38
office,140502,3.49,Bagmati,Lalitpur,Lalitpur Metropolitan City,13,,Semi,Yes,20,,,7,No,74.98
land,40462089,2.53,Bagmati,Lalitpur,Lalitpur Metropolitan City,26,,,,20,,,,,67.25
home,17738039,3.21,Bagmati,Lalitpur,Lalitpur Metropolitan City,29,2,Fully,No,13,,,,,100.0
office,56773,3.43,Koshi,Morang,Biratnagar Metropolitan City,5,,Semi,No,30,,,6,No,78.11
room,47553,5.28,Bagmati,Lalitpur,Lalitpur Metropolitan City,32,,No,No,20,Double,Yes,,,62.64
land,38691534,5.38,Bagmati,Lalitpur,Lalitpur Metropolitan City,16,,,,30,,,,,84.34
home,7840794,3.57,Koshi,Jhapa,Birtamode Municipality,3,2,No,Yes,16,,,,,93.57
room,24222,7.47,Koshi,Jhapa,Birtamode Municipality,22,,No,No,30,Single,Yes,,,87.4
land,25155054,5.43,Bagmati,Lalitpur,Lalitpur Metropolitan City,8,,,,10,,,,,89.02
room,44745,4.31,Bagmati,Chitwan,Bharatpur Metropolitan City,31,,No,Yes,30,Shared,No,,,63.28
home,19559710,8.97,Bagmati,Kathmandu,Kathmandu Metropolitan City,24,3,Fully,Yes,25,,,,,100.0
office,87420,6.72,Bagmati,Bhaktapur,Bhaktapur Municipality,28,,Semi,No,13,,,7,Yes,84.93
room,40756,7.32,Bagmati,Lalitpur,Lalitpur Metropolitan City,18,,Fully,No,20,Single,No,,,73.31
home,17478359,7.79,Sudurpashchim,Kailali,Dhangadhi Sub-Metropolitan City,17,3,Fully,No,20,,,,,99.34
office,104136,6.17,Koshi,Morang,Biratnagar Metropolitan City,6,,No,Yes,30,,,8,No,90.63
room,25418,5.14,Bagmati,Chitwan,Bharatpur Metropolitan City,8,,Semi,No,16,Shared,No,,,77.55
office,133924,7.33,Koshi,Jhapa,Birtamode Municipality,12,,Fully,Yes,16,,,6,Yes,100.0
land,28735375,3.4,Lumbini,Rupandehi,Butwal Sub-Metropolitan City,8,,,,20,,,,,62.09
home,5351181,6.24,Koshi,Morang,Biratnagar Metropolitan City,12,5,No,No,10,,,,,71.41
office,103238,6.78,Bagmati,Bhaktapur,Bhaktapur Municipality,26,,Fully,No,30,,,2,No,97.77
home,48172544,1.61,Koshi,Jhapa,Birtamode Municipality,18,4,Fully,No,25,,,,,83.3
land,4878901,4.65,Lumbini,Rupandehi,Butwal Sub-Metropolitan City,23,,,,30,,,,,94.5
room,35315,5.73,Bagmati,Lalitpur,Lalitpur Metropolitan City,16,,No,Yes,13,Shared,Yes,,,75.04
home,37739055,8.47,Koshi,Jhapa,Birtamode Municipality,7,2,Fully,Yes,20,,,,,93.77
land,48353447,1.03,Bagmati,Chitwan,Bharatpur Metropolitan City,25,,,,25,,,,,51.77
home,15460116,7.43,Sudurpashchim,Kailali,Dhangadhi Sub-Metropolitan City,6,4,Fully,Yes,16,,,,,84.4
home,14103919,8.31,Lumbini,Rupandehi,Butwal Sub-Metropolitan City,3,3,Semi,No,13,,,,,78.03
room,25137,8.5,Gandaki,Kaski,Pokhara Metropolitan City,20,,No,Yes,13,Double,No,,,84.84
land,34324852,8.08,Bagmati,Chitwan,Bharatpur Metropolitan City,31,,,,16,,,,,82.47
office,58722,4.98,Bagmati,Bhaktapur,Bhaktapur Municipality,19,,No,No,13,,,8,No,84.74
room,14106,9.75,Sudurpashchim,Kailali,Dhangadhi Sub-Metropolitan City,4,,No,No,13,Shared,Yes,,,79.16
land,5709045,7.77,Sudurpashchim,Kailali,Dhangadhi Sub-Metropolitan City,3,,,,13,,,,,94.57
land,33572889,2.55,Koshi,Jhapa,Birtamode Municipality,5,,,,13,,,,,57.23
room,22047,2.79,Koshi,Morang,Biratnagar Metropolitan City,26,,Fully,No,20,Shared,Yes,,,84.72
room,10856,8.28,Bagmati,Bhaktapur,Bhaktapur Municipality,9,,No,No,25,Single,Yes,,,92.62
room,15901,4.16,Koshi,Jhapa,Birtamode Municipality,30,,Fully,Yes,16,Shared,No,,,89.18
office,108536,6.54,Bagmati,Lalitpur,Lalitpur Metropolitan City,22,,Fully,No,25,,,3,No,64.88
office,21590,5.0,Gandaki,Kaski,Pokhara Metropolitan City,9,,No,Yes,13,,,4,No,75.57
home,20220049,9.09,Koshi,Morang,Biratnagar Metropolitan City,19,2,Semi,Yes,30,,,,,86.28
home,28528005,5.45,Lumbini,Rupandehi,Butwal Sub-Metropolitan City,22,3,No,No,30,,,,,98.82
office,104513,2.79,Koshi,Morang,Biratnagar Metropolitan City,23,,Fully,No,30,,,5,No,53.98
home,33397953,9.52,Bagmati,Bhaktapur,Bhaktapur Municipality,1,3,Fully,No,25,,,,,89.13
room,11807,3.12,Sudurpashchim,Kailali,Dhangadhi Sub-Metropolitan City,6,,Fully,Yes,25,Shared,No,,,82.38
home,23595256,9.0,Bagmati,Chitwan,Bharatpur Metropolitan City,5,3,Semi,Yes,16,,,,,95.67
office,49861,1.34,Bagmati,Bhaktapur,Bhaktapur Municipality,25,,Semi,No,16,,,4,No,65.09
home,27096723,7.2,Bagmati,Bhaktapur,Bhaktapur Municipality,14,2,Fully,Yes,25,,,,,92.2
land,11709153,3.57,Koshi,Jhapa,Birtamode Municipality,19,,,,25,,,,,78.45
land,16086794,1.63,Gandaki,Kaski,Pokhara Metropolitan City,20,,,,30,,,,,56.02
home,36212114,5.66,Bagmati,Lalitpur,Lalitpur Metropolitan City,3,2,Fully,Yes,25,,,,,100.0
office,57104,4.59,Bagmati,Chitwan,Bharatpur Metropolitan City,1,,Semi,Yes,13,,,6,Yes,81.83
office,60965,4.48,Gandaki,Kaski,Pokhara Metropolitan City,5,,No,No,25,,,1,Yes,75.56
land,12878834,9.31,Koshi,Jhapa,Birtamode Municipality,25,,,,25,,,,,67.24
home,19891029,7.95,Bagmati,Chitwan,Bharatpur Metropolitan City,32,4,Semi,Yes,25,,,,,99.02
room,11936,9.6,Koshi,Morang,Biratnagar Metropolitan City,14,,Fully,No,30,Double,No,,,94.56
room,20309,7.63,Bagmati,Chitwan,Bharatpur Metropolitan City,28,,Semi,No,10,Single,Yes,,,81.92
land,14841433,5.19,Bagmati,Kathmandu,Kathmandu Metropolitan City,11,,,,20,,,,,95.73
room,48947,4.62,Bagmati,Kathmandu,Kathmandu Metropolitan City,13,,No,No,16,Single,Yes,,,90.06
land,28836622,1.58,Bagmati,Bhaktapur,Bhaktapur Municipality,11,,,,25,,,,,67.92
room,15257,8.88,Koshi,Jhapa,Birtamode Municipality,20,,Semi,Yes,20,Shared,No,,,79.43
home,25686933,9.8,Bagmati,Kathmandu,Kathmandu Metropolitan City,14,2,No,Yes,30,,,,,99.9
room,18021,1.76,Sudurpashchim,Kailali,Dhangadhi Sub-Metropolitan City,28,,Semi,No,30,Single,Yes,,,86.99
land,36198426,3.98,Sudurpashchim,Kailali,Dhangadhi Sub-Metropolitan City,29,,,,10,,,,,59.02
home,19140800,3.45,Lumbini,Rupandehi,Butwal Sub-Metropolitan City,9,3,No,Yes,13,,,,,100.0
land,20478527,5.19,Lumbini,Rupandehi,Butwal Sub-Metropolitan City,16,,,,25,,,,,99.01
home,13330021,2.4,Lumbini,Rupandehi,Butwal Sub-Metropolitan City,19,3,Semi,No,13,,,,,100.0
room,35806,4.6,Bagmati,Chitwan,Bharatpur Metropolitan City,6,,Fully,No,25,Single,No,,,72.14
land,41107596,6.18,Bagmati,Kathmandu,Kathmandu Metropolitan City,16,,,,30,,,,,89.4
land,41418051,8.19,Gandaki,Kaski,Pokhara Metropolitan City,10,,,,10,,,,,67.1
land,9559087,1.63,Bagmati,Kathmandu,Kathmandu Metropolitan City,12,,,,20,,,,,74.86
land,43416384,8.25,Sudurpashchim,Kailali,Dhangadhi Sub-Metropolitan City,21,,,,13,,,,,41.13
room,26069,3.15,Gandaki,Kaski,Pokhara Metropolitan City,20,,Fully,Yes,30,Double,No,,,86.84
office,123818,8.62,Bagmati,Kathmandu,Kathmandu Metropolitan City,24,,Semi,No,20,,,7,Yes,89.51
room,38041,3.77,Sudurpashchim,Kailali,Dhangadhi Sub-Metropolitan City,23,,No,No,30,Shared,No,,,55.7
office,127432,1.48,Bagmati,Chitwan,Bharatpur Metropolitan City,27,,No,No,25,,,5,No,67.23
room,48297,3.49,Bagmati,Chitwan,Bharatpur Metropolitan City,19,,Fully,Yes,30,Double,Yes,,,54.02
land,44576876,6.02,Koshi,Jhapa,Birtamode Municipality,5,,,,30,,,,,61.59
office,114005,1.37,Bagmati,Chitwan,Bharatpur Metropolitan City,31,,Fully,No,30,,,7,No,51.73
land,3926227,7.7,Lumbini,Rupandehi,Butwal Sub-Metropolitan City,12,,,,25,,,,,86.44
office,117689,3.34,Bagmati,Kathmandu,Kathmandu Metropolitan City,31,,No,Yes,16,,,1,No,63.89
land,24026307,3.5,Bagmati,Lalitpur,Lalitpur Metropolitan City,21,,,,20,,,,,75.09
office,86273,7.24,Lumbini,Rupandehi,Butwal Sub-Metropolitan City,9,,No,No,10,,,4,Yes,72.9
land,26479779,5.39,Lumbini,Rupandehi,Butwal Sub-Metropolitan City,11,,,,30,,,,,81.04
room,44012,4.36,Sudurpashchim,Kailali,Dhangadhi Sub-Metropolitan City,17,,Semi,Yes,20,Single,Yes,,,75.45
land,35526690,9.06,Lumbini,Rupandehi,Butwal Sub-Metropolitan City,25,,,,10,,,,,67.19
room,44704,5.96,Koshi,Jhapa,Birtamode Municipality,7,,Semi,Yes,20,Single,No,,,70.49
office,48660,2.14,Koshi,Jhapa,Birtamode Municipality,24,,No,Yes,16,,,4,Yes,85.85
office,76098,6.25,Lumbini,Rupandehi,Butwal Sub-Metropolitan City,29,,Fully,No,10,,,7,Yes,70.55
land,33369577,2.59,Lumbini,Rupandehi,Butwal Sub-Metropolitan City,11,,,,13,,,,,50.22
home,34522770,3.26,Lumbini,Rupandehi,Butwal Sub-Metropolitan City,14,4,Semi,No,10,,,,,68.05
room,47123,5.6,Gandaki,Kaski,Pokhara Metropolitan City,21,,No,No,16,Double,Yes,,,77.5
room,30963,9.29,Sudurpashchim,Kailali,Dhangadhi Sub-Metropolitan City,1,,No,No,20,Single,Yes,,,77.1
room,22278,4.69,Bagmati,Kathmandu,Kathmandu Metropolitan City,14,,Fully,Yes,30,Double,Yes,,,95.98
office,126769,7.51,Bagmati,Kathmandu,Kathmandu Metropolitan City,7,,No,No,13,,,2,No,82.95
room,28837,4.75,Sudurpashchim,Kailali,Dhangadhi Sub-Metropolitan City,19,,Fully,No,30,Double,No,,,89.9
room,33257,8.65,Koshi,Jhapa,Birtamode Municipality,22,,No,No,25,Double,No,,,71.49
room,41026,9.07,Bagmati,Chitwan,Bharatpur Metropolitan City,10,,Fully,Yes,13,Double,No,,,61.06
office,40761,9.9,Bagmati,Chitwan,Bharatpur Metropolitan City,4,,No,No,16,,,3,Yes,79.45
land,11617930,4.46,Lumbini,Rupandehi,Butwal Sub-Metropolitan City,17,,,,20,,,,,97.38
land,40084304,6.56,Bagmati,Kathmandu,Kathmandu Metropolitan City,21,,,,20,,,,,67.12
home,29097262,4.31,Koshi,Morang,Biratnagar Metropolitan City,19,1,No,Yes,13,,,,,88.05
office,139560,8.82,Gandaki,Kaski,Pokhara Metropolitan City,23,,Fully,No,16,,,3,No,73.44
land,17915024,8.0,Koshi,Jhapa,Birtamode Municipality,23,,,,30,,,,,90.58
land,29397088,9.78,Bagmati,Bhaktapur,Bhaktapur Municipality,32,,,,25,,,,,71.0
land,25578779,9.95,Bagmati,Kathmandu,Kathmandu Metropolitan City,10,,,,30,,,,,88.64
room,39267,6.93,Bagmati,Kathmandu,Kathmandu Metropolitan City,10,,Fully,Yes,30,Shared,No,,,74.16
land,30343691,8.62,Sudurpashchim,Kailali,Dhangadhi Sub-Metropolitan City,10,,,,25,,,,,94.2
office,99786,7.93,Bagmati,Bhaktapur,Bhaktapur Municipality,24,,No,No,10,,,3,No,63.95
home,31303728,7.8,Lumbini,Rupandehi,Butwal Sub-Metropolitan City,18,4,Fully,No,25,,,,,95.66
land,48865024,6.3,Gandaki,Kaski,Pokhara Metropolitan City,12,,,,30,,,,,74.84
room,24939,8.9,Bagmati,Chitwan,Bharatpur Metropolitan City,29,,No,No,25,Single,Yes,,,87.17
land,45328129,7.4,Bagmati,Bhaktapur,Bhaktapur Municipality,4,,,,16,,,,,60.04
office,50525,3.67,Bagmati,Bhaktapur,Bhaktapur Municipality,15,,Fully,Yes,13,,,3,Yes,90.78
land,7291919,4.34,Gandaki,Kaski,Pokhara Metropolitan City,21,,,,20,,,,,100.0
land,30283217,7.79,Bagmati,Bhaktapur,Bhaktapur Municipality,8,,,,25,,,,,73.76
office,121898,4.83,Bagmati,Lalitpur,Lalitpur Metropolitan City,26,,No,No,13,,,2,Yes,75.27
room,13500,7.14,Bagmati,Kathmandu,Kathmandu Metropolitan City,30,,No,No,16,Shared,Yes,,,98.21
home,10733804,5.85,Koshi,Morang,Biratnagar Metropolitan City,18,4,Semi,No,10,,,,,87.51
home,44315056,8.85,Bagmati,Lalitpur,Lalitpur Metropolitan City,9,2,Fully,No,13,,,,,90.48
office,62014,9.76,Bagmati,Bhaktapur,Bhaktapur Municipality,32,,Semi,Yes,16,,,2,Yes,90.21
home,40990562,4.85,Koshi,Jhapa,Birtamode Municipality,9,4,Fully,Yes,10,,,,,72.0
land,40841922,6.38,Bagmati,Kathmandu,Kathmandu Metropolitan City,9,,,,10,,,,,70.84
room,8693,1.47,Lumbini,Rupandehi,Butwal Sub-Metropolitan City,12,,No,No,10,Double,Yes,,,77.09
room,15223,5.67,Gandaki,Kaski,Pokhara Metropolitan City,11,,Fully,Yes,25,Single,Yes,,,93.14
land,18587471,1.19,Koshi,Morang,Biratnagar Metropolitan City,9,,,,13,,,,,55.25
office,132418,6.61,Bagmati,Chitwan,Bharatpur Metropolitan City,29,,Fully,Yes,10,,,1,Yes,84.4
home,40568620,10.0,Bagmati,Kathmandu,Kathmandu Metropolitan City,4,2,Fully,Yes,30,,,,,100.0
office,33740,9.28,Bagmati,Bhaktapur,Bhaktapur Municipality,15,,No,No,25,,,6,Yes,90.42
room,49947,1.66,Koshi,Morang,Biratnagar Metropolitan City,16,,No,Yes,13,Double,Yes,,,58.31
land,8843844,5.08,Lumbini,Rupandehi,Butwal Sub-Metropolitan City,10,,,,16,,,,,77.28
room,26681,3.17,Bagmati,Lalitpur,Lalitpur Metropolitan City,25,,No,No,13,Single,No,,,73.91
office,58485,3.06,Bagmati,Bhaktapur,Bhaktapur Municipality,29,,Fully,No,25,,,3,No,100.0
room,34825,3.85,Sudurpashchim,Kailali,Dhangadhi Sub-Metropolitan City,17,,Semi,Yes,16,Single,Yes,,,60.32
land,12003187,9.19,Sudurpashchim,Kailali,Dhangadhi Sub-Metropolitan City,32,,,,30,,,,,77.53
office,111601,7.37,Bagmati,Lalitpur,Lalitpur Metropolitan City,30,,Semi,Yes,25,,,1,No,100.0
room,8393,9.62,Bagmati,Chitwan,Bharatpur Metropolitan City,19,,Semi,Yes,16,Single,Yes,,,85.98
room,25123,5.0,Koshi,Morang,Biratnagar Metropolitan City,6,,Semi,Yes,25,Shared,Yes,,,100.0
office,74789,3.16,Sudurpashchim,Kailali,Dhangadhi Sub-Metropolitan City,29,,Fully,Yes,20,,,6,Yes,92.06
room,25167,5.77,Bagmati,Bhaktapur,Bhaktapur Municipality,9,,No,Yes,16,Shared,Yes,,,79.24
office,65092,3.94,Bagmati,Bhaktapur,Bhaktapur Municipality,30,,No,No,25,,,2,Yes,83.98
office,132153,5.5,Bagmati,Kathmandu,Kathmandu Metropolitan City,17,,Fully,No,16,,,1,No,80.62
home,30980520,6.8,Bagmati,Chitwan,Bharatpur Metropolitan City,5,5,Fully,Yes,20,,,,,96.53
office,48353,9.53,Bagmati,Bhaktapur,Bhaktapur Municipality,24,,No,No,16,,,8,Yes,78.66
office,136218,8.45,Bagmati,Bhaktapur,Bhaktapur Municipality,1,,Semi,Yes,30,,,8,Yes,92.84
office,103501,5.36,Bagmati,Bhaktapur,Bhaktapur Municipality,27,,Semi,Yes,10,,,8,No,85.96
room,34847,4.56,Koshi,Morang,Biratnagar Metropolitan City,25,,No,Yes,30,Double,No,,,90.08
office,123948,9.73,Bagmati,Kathmandu,Kathmandu Metropolitan City,11,,Fully,No,20,,,6,Yes,86.86
office,105134,1.31,Lumbini,Rupandehi,Butwal Sub-Metropolitan City,7,,Semi,No,16,,,3,No,52.35
home,18348969,6.02,Bagmati,Chitwan,Bharatpur Metropolitan City,4,1,Semi,Yes,20,,,,,86.9
room,28104,2.78,Koshi,Jhapa,Birtamode Municipality,8,,No,Yes,13,Shared,No,,,64.83
home,49061281,3.43,Bagmati,Chitwan,Bharatpur Metropolitan City,15,1,Fully,Yes,25,,,,,71.36
home,32195152,1.27,Bagmati,Lalitpur,Lalitpur Metropolitan City,2,1,Fully,Yes,25,,,,,56.7
office,73068,2.71,Lumbini,Rupandehi,Butwal Sub-Metropolitan City,3,,Semi,No,25,,,7,Yes,80.56
home,7734323,4.49,Bagmati,Bhaktapur,Bhaktapur Municipality,18,3,No,No,30,,,,,100.0
land,38506793,9.95,Koshi,Jhapa,Birtamode Municipality,6,,,,20,,,,,82.34
home,25285411,2.95,Koshi,Jhapa,Birtamode Municipality,6,4,Semi,No,20,,,,,78.34
office,33675,3.4,Lumbini,Rupandehi,Butwal Sub-Metropolitan City,22,,Semi,No,25,,,4,No,84.73
office,134470,1.12,Lumbini,Rupandehi,Butwal Sub-Metropolitan City,26,,No,Yes,10,,,6,Yes,62.4
room,19244,7.03,Bagmati,Chitwan,Bharatpur Metropolitan City,25,,Fully,No,30,Double,No,,,78.21
home,7365322,5.36,Sudurpashchim,Kailali,Dhangadhi Sub-Metropolitan City,19,5,Fully,Yes,10,,,,,99.69
home,37136367,9.57,Koshi,Morang,Biratnagar Metropolitan City,25,5,Semi,No,10,,,,,71.46
land,35683136,7.02,Bagmati,Kathmandu,Kathmandu Metropolitan City,14,,,,10,,,,,72.56
home,27876763,7.39,Sudurpashchim,Kailali,Dhangadhi Sub-Metropolitan City,18,1,Fully,Yes,25,,,,,92.96
room,10292,7.88,Gandaki,Kaski,Pokhara Metropolitan City,18,,Semi,Yes,10,Shared,No,,,68.16
home,41638096,1.79,Bagmati,Kathmandu,Kathmandu Metropolitan City,17,2,Fully,Yes,30,,,,,92.07
home,43132511,8.18,Bagmati,Chitwan,Bharatpur Metropolitan City,24,4,No,No,13,,,,,79.88
land,16142545,3.66,Koshi,Morang,Biratnagar Metropolitan City,13,,,,20,,,,,79.7
room,13725,4.99,Gandaki,Kaski,Pokhara Metropolitan City,13,,Fully,No,20,Shared,No,,,90.16
land,32832121,5.64,Koshi,Morang,Biratnagar Metropolitan City,26,,,,20,,,,,87.97
land,8442668,9.92,Gandaki,Kaski,Pokhara Metropolitan City,14,,,,20,,,,,80.51
home,28270105,5.82,Koshi,Morang,Biratnagar Metropolitan City,20,4,Semi,No,10,,,,,78.98
land,13993900,7.26,Koshi,Jhapa,Birtamode Municipality,29,,,,13,,,,,73.7
land,41458871,4.46,Bagmati,Bhaktapur,Bhaktapur Municipality,18,,,,20,,,,,63.43
land,22999069,4.81,Sudurpashchim,Kailali,Dhangadhi Sub-Metropolitan City,17,,,,30,,,,,77.26
office,120096,3.79,Koshi,Morang,Biratnagar Metropolitan City,21,,Fully,Yes,25,,,5,Yes,80.75
home,35886330,1.2,Bagmati,Chitwan,Bharatpur Metropolitan City,22,2,Fully,No,13,,,,,58.68
home,17893834,2.91,Bagmati,Lalitpur,Lalitpur Metropolitan City,2,5,Fully,Yes,20,,,,,94.31
land,46658085,8.25,Bagmati,Kathmandu,Kathmandu Metropolitan City,27,,,,16,,,,,74.94
home,21451256,3.8,Bagmati,Bhaktapur,Bhaktapur Municipality,1,1,Semi,Yes,13,,,,,89.89
office,20787,7.12,Sudurpashchim,Kailali,Dhangadhi Sub-Metropolitan City,19,,No,Yes,16,,,4,No,80.92
land,43685128,8.51,Bagmati,Kathmandu,Kathmandu Metropolitan City,14,,,,16,,,,,71.18
room,20464,3.27,Lumbini,Rupandehi,Butwal Sub-Metropolitan City,23,,Fully,No,30,Single,Yes,,,89.57
land,20687785,3.31,Bagmati,Bhaktapur,Bhaktapur Municipality,27,,,,13,,,,,68.18
room,39721,8.59,Bagmati,Kathmandu,Kathmandu Metropolitan City,29,,No,No,10,Double,No,,,42.05
office,118977,6.6,Koshi,Morang,Biratnagar Metropolitan City,30,,No,No,10,,,3,Yes,65.84
office,103881,9.08,Lumbini,Rupandehi,Butwal Sub-Metropolitan City,32,,Semi,No,30,,,5,No,98.1
land,42068652,5.08,Lumbini,Rupandehi,Butwal Sub-Metropolitan City,22,,,,25,,,,,61.98
office,49777,5.47,Koshi,Jhapa,Birtamode Municipality,11,,Fully,No,10,,,7,Yes,75.71
land,32053455,4.25,Sudurpashchim,Kailali,Dhangadhi Sub-Metropolitan City,12,,,,25,,,,,61.06
room,39822,6.73,Koshi,Morang,Biratnagar Metropolitan City,20,,Semi,No,30,Shared,Yes,,,70.01
office,30268,1.49,Sudurpashchim,Kailali,Dhangadhi Sub-Metropolitan City,12,,Semi,No,16,,,8,No,82.08
room,46368,6.38,Lumbini,Rupandehi,Butwal Sub-Metropolitan City,10,,No,No,25,Single,Yes,,,76.5
office,108242,9.46,Koshi,Morang,Biratnagar Metropolitan City,12,,Fully,No,16,,,2,No,71.98
room,25723,5.93,Lumbini,Rupandehi,Butwal Sub-Metropolitan City,13,,Fully,Yes,16,Double,No,,,82.02
land,17168897,4.66,Gandaki,Kaski,Pokhara Metropolitan City,10,,,,10,,,,,79.73
room,23293,9.0,Bagmati,Kathmandu,Kathmandu Metropolitan City,18,,Semi,Yes,25,Shared,No,,,95.08
room,25999,3.33,Lumbini,Rupandehi,Butwal Sub-Metropolitan City,8,,Fully,No,10,Single,No,,,57.5
home,29255207,4.85,Bagmati,Kathmandu,Kathmandu Metropolitan City,13,2,Fully,No,20,,,,,100.0
home,5991721,7.28,Gandaki,Kaski,Pokhara Metropolitan City,17,4,No,No,13,,,,,73.04
land,31515425,8.78,Lumbini,Rupandehi,Butwal Sub-Metropolitan City,20,,,,30,,,,,65.35
room,23641,6.73,Bagmati,Lalitpur,Lalitpur Metropolitan City,17,,Fully,No,30,Single,No,,,79.9
home,37958901,4.99,Koshi,Jhapa,Birtamode Municipality,9,3,No,Yes,13,,,,,89.62
office,129553,3.27,Gandaki,Kaski,Pokhara Metropolitan City,16,,No,Yes,10,,,6,Yes,73.39
office,83860,6.14,Sudurpashchim,Kailali,Dhangadhi Sub-Metropolitan City,13,,Semi,Yes,13,,,4,No,86.56
land,29027822,7.23,Bagmati,Chitwan,Bharatpur Metropolitan City,1,,,,20,,,,,89.48
home,35410586,6.03,Bagmati,Lalitpur,Lalitpur Metropolitan City,32,4,Fully,Yes,30,,,,,100.0
land,47135738,1.91,Gandaki,Kaski,Pokhara Metropolitan City,28,,,,30,,,,,62.76
room,9077,3.53,Koshi,Morang,Biratnagar Metropolitan City,15,,No,Yes,10,Shared,Yes,,,87.86
room,29725,3.08,Gandaki,Kaski,Pokhara Metropolitan City,18,,No,No,25,Single,No,,,79.15
land,48698176,5.32,Lumbini,Rupandehi,Butwal Sub-Metropolitan City,7,,,,25,,,,,71.93
room,26450,3.05,Gandaki,Kaski,Pokhara Metropolitan City,20,,Fully,Yes,13,Shared,No,,,64.21
office,136815,5.59,Koshi,Jhapa,Birtamode Municipality,14,,Fully,Yes,16,,,5,Yes,75.96
office,128060,9.37,Lumbini,Rupandehi,Butwal Sub-Metropolitan City,4,,No,Yes,16,,,2,No,71.55
land,48737508,1.65,Bagmati,Kathmandu,Kathmandu Metropolitan City,15,,,,30,,,,,74.66
room,8554,1.1,Lumbini,Rupandehi,Butwal Sub-Metropolitan City,3,,Semi,Yes,30,Single,No,,,78.69
room,43031,1.46,Gandaki,Kaski,Pokhara Metropolitan City,7,,Fully,Yes,20,Shared,Yes,,,67.3
home,23502759,4.92,Bagmati,Lalitpur,Lalitpur Metropolitan City,30,2,No,No,25,,,,,92.17
land,44486578,2.06,Bagmati,Chitwan,Bharatpur Metropolitan City,23,,,,13,,,,,46.88
office,124092,3.45,Koshi,Morang,Biratnagar Metropolitan City,28,,No,Yes,16,,,6,Yes,85.73
land,8576681,5.9,Bagmati,Lalitpur,Lalitpur Metropolitan City,2,,,,30,,,,,100.0
land,34588990,1.05,Bagmati,Kathmandu,Kathmandu Metropolitan City,12,,,,13,,,,,59.93
room,39798,5.71,Koshi,Morang,Biratnagar Metropolitan City,22,,Fully,No,25,Single,Yes,,,66.12
office,122472,6.38,Bagmati,Chitwan,Bharatpur Metropolitan City,32,,No,No,16,,,7,Yes,78.75
room,17300,8.91,Bagmati,Chitwan,Bharatpur Metropolitan City,27,,Fully,Yes,30,Double,Yes,,,86.6
room,31985,3.38,Sudurpashchim,Kailali,Dhangadhi Sub-Metropolitan City,25,,No,No,20,Single,No,,,77.0
home,45669738,9.45,Lumbini,Rupandehi,Butwal Sub-Metropolitan City,5,3,Fully,Yes,16,,,,,90.7
room,13818,2.91,Bagmati,Lalitpur,Lalitpur Metropolitan City,19,,No,No,20,Double,No,,,82.28
room,36020,9.99,Bagmati,Lalitpur,Lalitpur Metropolitan City,32,,No,Yes,25,Single,Yes,,,76.25
land,38577764,8.19,Koshi,Jhapa,Birtamode Municipality,1,,,,10,,,,,71.82
land,32387035,1.96,Bagmati,Bhaktapur,Bhaktapur Municipality,7,,,,13,,,,,77.59
room,35236,4.06,Bagmati,Lalitpur,Lalitpur Metropolitan City,15,,No,No,20,Shared,Yes,,,91.04
land,29634765,2.6,Koshi,Morang,Biratnagar Metropolitan City,26,,,,30,,,,,63.0
office,37758,1.4,Bagmati,Lalitpur,Lalitpur Metropolitan City,12,,No,No,10,,,1,No,51.79
room,20991,6.59,Sudurpashchim,Kailali,Dhangadhi Sub-Metropolitan City,27,,No,Yes,20,Shared,Yes,,,100.0
home,20960595,1.9,Bagmati,Kathmandu,Kathmandu Metropolitan City,20,4,Semi,No,30,,,,,83.01
office,146839,7.09,Bagmati,Bhaktapur,Bhaktapur Municipality,6,,No,No,16,,,7,Yes,79.28
office,55643,2.69,Lumbini,Rupandehi,Butwal Sub-Metropolitan City,9,,No,Yes,16,,,2,No,61.41
room,14802,5.72,Bagmati,Lalitpur,Lalitpur Metropolitan City,30,,Fully,Yes,10,Single,No,,,89.46
home,36304359,8.66,Gandaki,Kaski,Pokhara Metropolitan City,32,4,No,No,10,,,,,93.71
land,22653071,6.44,Gandaki,Kaski,Pokhara Metropolitan City,4,,,,20,,,,,95.1
room,10239,8.09,Gandaki,Kaski,Pokhara Metropolitan City,32,,No,No,25,Double,No,,,73.89
home,15799079,9.42,Koshi,Jhapa,Birtamode Municipality,28,2,No,Yes,25,,,,,87.06
home,18119145,4.89,Bagmati,Lalitpur,Lalitpur Metropolitan City,5,4,Fully,No,20,,,,,97.99
land,29100697,3.14,Koshi,Morang,Biratnagar Metropolitan City,23,,,,10,,,,,48.97
home,49242354,9.76,Lumbini,Rupandehi,Butwal Sub-Metropolitan City,6,2,No,No,20,,,,,78.48
office,97065,3.43,Gandaki,Kaski,Pokhara Metropolitan City,9,,Fully,Yes,10,,,4,Yes,83.61
room,47227,5.05,Bagmati,Chitwan,Bharatpur Metropolitan City,26,,No,Yes,20,Double,No,,,54.84
land,37937937,8.3,Koshi,Jhapa,Birtamode Municipality,3,,,,13,,,,,72.4
land,25812811,4.57,Bagmati,Bhaktapur,Bhaktapur Municipality,19,,,,25,,,,,80.82
home,5139205,8.05,Bagmati,Lalitpur,Lalitpur Metropolitan City,9,2,Fully,No,30,,,,,97.49
office,55938,6.12,Sudurpashchim,Kailali,Dhangadhi Sub-Metropolitan City,28,,Semi,Yes,13,,,3,Yes,89.52
home,12781692,7.0,Bagmati,Chitwan,Bharatpur Metropolitan City,11,3,Fully,Yes,30,,,,,96.33
room,43697,3.95,Lumbini,Rupandehi,Butwal Sub-Metropolitan City,10,,Fully,No,16,Double,No,,,66.8
room,33698,4.77,Bagmati,Bhaktapur,Bhaktapur Municipality,17,,Semi,Yes,30,Double,No,,,76.96
office,133044,6.66,Koshi,Morang,Biratnagar Metropolitan City,20,,Semi,No,13,,,6,Yes,95.09
room,20440,3.69,Bagmati,Chitwan,Bharatpur Metropolitan City,32,,No,No,10,Shared,Yes,,,91.32
land,42332797,5.38,Bagmati,Bhaktapur,Bhaktapur Municipality,4,,,,20,,,,,75.62
office,79930,2.79,Bagmati,Bhaktapur,Bhaktapur Municipality,31,,Semi,Yes,20,,,7,No,67.97
land,38140008,5.25,Gandaki,Kaski,Pokhara Metropolitan City,4,,,,25,,,,,69.61
home,30667340,8.07,Bagmati,Chitwan,Bharatpur Metropolitan City,7,5,Fully,No,30,,,,,78.03
room,16271,8.81,Koshi,Morang,Biratnagar Metropolitan City,28,,Semi,No,13,Double,Yes,,,91.78
home,49892059,3.29,Bagmati,Bhaktapur,Bhaktapur Municipality,18,4,Semi,Yes,30,,,,,89.16
room,42406,8.16,Gandaki,Kaski,Pokhara Metropolitan City,19,,No,No,30,Double,Yes,,,59.09
home,15380907,6.12,Sudurpashchim,Kailali,Dhangadhi Sub-Metropolitan City,21,1,Semi,No,10,,,,,56.61
land,38994241,9.04,Bagmati,Kathmandu,Kathmandu Metropolitan City,27,,,,13,,,,,78.71
room,25746,9.95,Sudurpashchim,Kailali,Dhangadhi Sub-Metropolitan City,27,,Fully,No,25,Shared,No,,,68.95
room,8262,2.36,Gandaki,Kaski,Pokhara Metropolitan City,15,,No,Yes,16,Double,No,,,66.47
home,41137103,7.94,Bagmati,Bhaktapur,Bhaktapur Municipality,12,5,Semi,Yes,10,,,,,86.47
office,129580,7.45,Bagmati,Kathmandu,Kathmandu Metropolitan City,19,,Semi,Yes,25,,,2,Yes,100.0
home,19545713,3.3,Koshi,Morang,Biratnagar Metropolitan City,16,3,No,Yes,13,,,,,85.27
land,45191788,6.6,Koshi,Jhapa,Birtamode Municipality,6,,,,16,,,,,78.01
land,38441804,5.15,Bagmati,Kathmandu,Kathmandu Metropolitan City,28,,,,10,,,,,53.95
home,11026861,3.45,Bagmati,Chitwan,Bharatpur Metropolitan City,20,4,Fully,Yes,20,,,,,91.84
office,142362,5.67,Bagmati,Chitwan,Bharatpur Metropolitan City,18,,Semi,Yes,30,,,3,Yes,82.51
home,6306815,8.8,Koshi,Morang,Biratnagar Metropolitan City,23,1,No,No,25,,,,,82.25
office,76010,3.91,Bagmati,Lalitpur,Lalitpur Metropolitan City,3,,No,No,30,,,6,No,85.59
room,30160,6.42,Gandaki,Kaski,Pokhara Metropolitan City,1,,Semi,No,10,Shared,No,,,72.28
room,12589,2.93,Koshi,Morang,Biratnagar Metropolitan City,12,,No,Yes,13,Shared,Yes,,,86.68
office,127485,9.39,Bagmati,Chitwan,Bharatpur Metropolitan City,17,,Fully,Yes,13,,,7,No,81.09
office,107108,5.55,Bagmati,Kathmandu,Kathmandu Metropolitan City,30,,No,No,13,,,2,No,100.0
room,41637,6.1,Koshi,Jhapa,Birtamode Municipality,30,,Semi,Yes,10,Shared,No,,,38.19
office,137066,4.43,Bagmati,Chitwan,Bharatpur Metropolitan City,32,,Fully,Yes,30,,,2,Yes,79.73
land,32444772,7.16,Koshi,Morang,Biratnagar Metropolitan City,28,,,,20,,,,,76.08
office,74321,4.23,Bagmati,Chitwan,Bharatpur Metropolitan City,27,,Fully,Yes,25,,,5,No,89.74
office,48607,4.06,Bagmati,Bhaktapur,Bhaktapur Municipality,14,,No,Yes,10,,,3,No,88.95
room,21145,7.08,Koshi,Morang,Biratnagar Metropolitan City,8,,Fully,No,30,Shared,Yes,,,88.62
home,39592759,1.04,Lumbini,Rupandehi,Butwal Sub-Metropolitan City,6,3,No,No,16,,,,,69.76
home,38957882,8.31,Lumbini,Rupandehi,Butwal Sub-Metropolitan City,7,1,Semi,No,16,,,,,77.2
office,104688,5.05,Lumbini,Rupandehi,Butwal Sub-Metropolitan City,8,,Semi,Yes,10,,,5,Yes,96.3
room,38906,2.33,Koshi,Morang,Biratnagar Metropolitan City,9,,Fully,Yes,13,Double,Yes,,,63.94
home,7703912,6.28,Bagmati,Bhaktapur,Bhaktapur Municipality,32,2,Fully,Yes,30,,,,,100.0
land,8280537,1.9,Koshi,Jhapa,Birtamode Municipality,18,,,,13,,,,,53.29
room,12608,4.66,Koshi,Jhapa,Birtamode Municipality,14,,Semi,Yes,25,Single,No,,,71.93
office,136861,9.91,Sudurpashchim,Kailali,Dhangadhi Sub-Metropolitan City,9,,Semi,Yes,13,,,6,No,77.78
home,6494533,3.41,Koshi,Jhapa,Birtamode Municipality,28,3,No,Yes,30,,,,,100.0
home,28163876,8.43,Bagmati,Kathmandu,Kathmandu Metropolitan City,28,3,Fully,Yes,13,,,,,92.54
office,47577,7.2,Bagmati,Kathmandu,Kathmandu Metropolitan City,3,,Fully,Yes,30,,,1,No,69.36
office,141296,6.05,Bagmati,Chitwan,Bharatpur Metropolitan City,27,,No,Yes,10,,,8,Yes,63.51
land,28403151,8.64,Bagmati,Lalitpur,Lalitpur Metropolitan City,9,,,,30,,,,,100.0
land,16951923,3.22,Bagmati,Lalitpur,Lalitpur Metropolitan City,16,,,,16,,,,,70.1
home,8137204,8.35,Sudurpashchim,Kailali,Dhangadhi Sub-Metropolitan City,19,3,Fully,Yes,20,,,,,82.51
office,144857,1.72,Bagmati,Kathmandu,Kathmandu Metropolitan City,19,,No,Yes,16,,,5,No,57.41
office,42642,8.05,Lumbini,Rupandehi,Butwal Sub-Metropolitan City,15,,Semi,No,25,,,4,No,71.15
office,79708,1.63,Koshi,Jhapa,Birtamode Municipality,16,,No,Yes,10,,,7,No,55.86
land,16407236,6.02,Koshi,Morang,Biratnagar Metropolitan City,22,,,,10,,,,,65.99
home,41768216,5.31,Lumbini,Rupandehi,Butwal Sub-Metropolitan City,12,1,No,Yes,25,,,,,81.39
land,36882664,2.26,Lumbini,Rupandehi,Butwal Sub-Metropolitan City,24,,,,13,,,,,48.64
home,8903991,8.41,Bagmati,Lalitpur,Lalitpur Metropolitan City,25,3,No,Yes,13,,,,,97.92
office,45775,6.2,Gandaki,Kaski,Pokhara Metropolitan City,29,,No,Yes,20,,,8,No,83.7
land,30418099,8.48,Lumbini,Rupandehi,Butwal Sub-Metropolitan City,23,,,,25,,,,,84.05
office,75334,3.9,Bagmati,Kathmandu,Kathmandu Metropolitan City,32,,Semi,No,20,,,2,Yes,99.75
home,14635165,4.49,Bagmati,Bhaktapur,Bhaktapur Municipality,5,2,Semi,Yes,16,,,,,88.07
home,24348514,1.06,Lumbini,Rupandehi,Butwal Sub-Metropolitan City,29,3,Semi,Yes,20,,,,,72.61
office,66686,6.61,Lumbini,Rupandehi,Butwal Sub-Metropolitan City,3,,No,No,13,,,7,Yes,85.11
home,6078360,5.35,Koshi,Jhapa,Birtamode Municipality,26,5,Semi,Yes,20,,,,,97.78
land,43770212,5.03,Bagmati,Bhaktapur,Bhaktapur Municipality,1,,,,16,,,,,66.92
office,108238,2.33,Sudurpashchim,Kailali,Dhangadhi Sub-Metropolitan City,4,,Semi,Yes,13,,,3,Yes,65.16
home,14864337,4.11,Koshi,Morang,Biratnagar Metropolitan City,11,2,Fully,Yes,20,,,,,100.0
room,33529,7.84,Gandaki,Kaski,Pokhara Metropolitan City,24,,Fully,Yes,25,Single,No,,,79.35
office,22090,5.83,Lumbini,Rupandehi,Butwal Sub-Metropolitan City,9,,Fully,Yes,30,,,5,Yes,97.3
home,46081367,9.27,Bagmati,Kathmandu,Kathmandu Metropolitan City,24,5,Fully,No,30,,,,,82.82
room,16238,4.71,Bagmati,Bhaktapur,Bhaktapur Municipality,19,,No,No,25,Single,Yes,,,100.0
office,121205,2.93,Bagmati,Kathmandu,Kathmandu Metropolitan City,32,,Fully,No,30,,,8,No,49.91
office,67039,9.67,Bagmati,Chitwan,Bharatpur Metropolitan City,27,,No,Yes,25,,,3,No,92.9
room,30544,5.41,Gandaki,Kaski,Pokhara Metropolitan City,21,,Semi,Yes,20,Single,No,,,75.91
land,6921683,9.26,Sudurpashchim,Kailali,Dhangadhi Sub-Metropolitan City,13,,,,10,,,,,72.57
land,23888408,2.09,Lumbini,Rupandehi,Butwal Sub-Metropolitan City,10,,,,13,,,,,52.49
home,35627151,6.35,Bagmati,Kathmandu,Kathmandu Metropolitan City,7,4,Fully,No,10,,,,,85.5
land,8304215,8.92,Koshi,Jhapa,Birtamode Municipality,26,,,,16,,,,,82.4
home,26737614,3.12,Bagmati,Kathmandu,Kathmandu Metropolitan City,19,3,No,No,20,,,,,100.0
land,47285004,9.14,Lumbini,Rupandehi,Butwal Sub-Metropolitan City,14,,,,25,,,,,68.7
office,86798,4.19,Lumbini,Rupandehi,Butwal Sub-Metropolitan City,1,,Semi,No,16,,,7,No,75.27
home,19738340,1.36,Koshi,Jhapa,Birtamode Municipality,20,4,Fully,Yes,20,,,,,69.23
home,13939296,8.89,Gandaki,Kaski,Pokhara Metropolitan City,13,3,Semi,No,16,,,,,80.71
land,21800390,9.99,Koshi,Jhapa,Birtamode Municipality,23,,,,16,,,,,83.84
home,39381649,5.63,Bagmati,Bhaktapur,Bhaktapur Municipality,1,5,Semi,No,10,,,,,86.65
room,11118,5.21,Koshi,Morang,Biratnagar Metropolitan City,21,,No,No,25,Double,Yes,,,82.78
room,23381,7.73,Lumbini,Rupandehi,Butwal Sub-Metropolitan City,1,,No,No,13,Double,No,,,77.72
home,13697535,1.32,Lumbini,Rupandehi,Butwal Sub-Metropolitan City,1,4,Semi,Yes,16,,,,,89.24
room,33716,2.03,Bagmati,Kathmandu,Kathmandu Metropolitan City,18,,Semi,Yes,13,Double,No,,,73.29
land,43540634,7.38,Koshi,Morang,Biratnagar Metropolitan City,21,,,,13,,,,,62.32
office,107716,7.72,Koshi,Jhapa,Birtamode Municipality,31,,Semi,Yes,25,,,4,No,86.0
room,29132,1.15,Bagmati,Bhaktapur,Bhaktapur Municipality,20,,Semi,Yes,25,Double,Yes,,,86.56
room,13131,7.22,Bagmati,Kathmandu,Kathmandu Metropolitan City,24,,No,No,13,Shared,Yes,,,96.61
office,90308,6.66,Koshi,Morang,Biratnagar Metropolitan City,17,,Semi,No,10,,,7,No,65.48
home,32160377,1.97,Bagmati,Chitwan,Bharatpur Metropolitan City,12,1,Fully,Yes,20,,,,,58.7
land,24234977,6.79,Bagmati,Chitwan,Bharatpur Metropolitan City,4,,,,20,,,,,87.04
home,45563172,4.33,Sudurpashchim,Kailali,Dhangadhi Sub-Metropolitan City,28,2,Fully,No,13,,,,,67.2
land,46383056,2.56,Koshi,Morang,Biratnagar Metropolitan City,20,,,,20,,,,,60.52
room,16614,4.09,Sudurpashchim,Kailali,Dhangadhi Sub-Metropolitan City,26,,Semi,No,10,Shared,Yes,,,70.72
room,36530,2.17,Gandaki,Kaski,Pokhara Metropolitan City,22,,Semi,Yes,30,Single,No,,,74.31
room,48257,5.93,Bagmati,Kathmandu,Kathmandu Metropolitan City,21,,No,Yes,30,Single,Yes,,,79.26
land,49985232,8.89,Koshi,Morang,Biratnagar Metropolitan City,9,,,,20,,,,,85.06
home,36838630,4.47,Koshi,Jhapa,Birtamode Municipality,31,3,Semi,Yes,10,,,,,69.93
office,64028,4.64,Bagmati,Chitwan,Bharatpur Metropolitan City,20,,Fully,No,13,,,2,Yes,78.32
land,13593548,1.66,Bagmati,Chitwan,Bharatpur Metropolitan City,10,,,,25,,,,,53.07
home,32402927,5.49,Koshi,Morang,Biratnagar Metropolitan City,4,2,Semi,No,30,,,,,91.88
office,74613,6.81,Koshi,Jhapa,Birtamode Municipality,10,,Semi,Yes,20,,,1,No,92.47
office,80158,7.41,Gandaki,Kaski,Pokhara Metropolitan City,29,,No,No,13,,,8,No,84.67
office,135361,1.45,Bagmati,Bhaktapur,Bhaktapur Municipality,23,,No,No,16,,,5,Yes,68.49
land,18949421,8.42,Lumbini,Rupandehi,Butwal Sub-Metropolitan City,8,,,,30,,,,,77.72
land,20588632,7.96,Bagmati,Lalitpur,Lalitpur Metropolitan City,8,,,,16,,,,,74.35
office,148663,3.26,Bagmati,Chitwan,Bharatpur Metropolitan City,11,,Semi,No,30,,,1,No,68.71
room,46168,9.75,Lumbini,Rupandehi,Butwal Sub-Metropolitan City,12,,Semi,Yes,13,Shared,Yes,,,66.89
room,45741,4.13,Koshi,Morang,Biratnagar Metropolitan City,28,,Fully,No,30,Shared,No,,,60.56
room,49886,3.03,Sudurpashchim,Kailali,Dhangadhi Sub-Metropolitan City,28,,Semi,Yes,13,Shared,No,,,41.59
office,135152,1.33,Koshi,Jhapa,Birtamode Municipality,6,,No,No,16,,,5,Yes,68.65
home,25990308,5.3,Koshi,Morang,Biratnagar Metropolitan City,4,1,Semi,No,25,,,,,76.35
room,41909,5.52,Koshi,Morang,Biratnagar Metropolitan City,15,,Semi,No,10,Shared,Yes,,,61.93
office,115407,6.04,Bagmati,Bhaktapur,Bhaktapur Municipality,9,,No,No,16,,,5,No,89.61
room,20158,6.32,Bagmati,Lalitpur,Lalitpur Metropolitan City,28,,No,No,13,Single,Yes,,,94.64
room,18036,9.11,Gandaki,Kaski,Pokhara Metropolitan City,20,,Semi,No,25,Shared,Yes,,,84.79
office,116442,4.63,Bagmati,Chitwan,Bharatpur Metropolitan City,11,,Fully,No,13,,,7,No,71.59
room,10945,1.08,Koshi,Morang,Biratnagar Metropolitan City,12,,Semi,No,30,Double,No,,,80.69
office,105546,1.01,Bagmati,Lalitpur,Lalitpur Metropolitan City,3,,Semi,Yes,20,,,3,No,67.6
home,16597968,2.14,Bagmati,Kathmandu,Kathmandu Metropolitan City,16,1,No,No,25,,,,,96.71
room,48144,9.79,Koshi,Morang,Biratnagar Metropolitan City,27,,Semi,No,25,Double,Yes,,,65.46
land,9317537,4.24,Koshi,Jhapa,Birtamode Municipality,13,,,,30,,,,,85.51
office,55655,4.14,Koshi,Jhapa,Birtamode Municipality,30,,Semi,No,25,,,1,Yes,87.26
room,47474,2.6,Gandaki,Kaski,Pokhara Metropolitan City,15,,No,No,30,Single,No,,,58.93
land,4610335,2.92,Bagmati,Lalitpur,Lalitpur Metropolitan City,28,,,,13,,,,,76.39
office,136975,4.66,Bagmati,Bhaktapur,Bhaktapur Municipality,23,,Semi,No,25,,,5,Yes,94.42
land,17870837,6.47,Sudurpashchim,Kailali,Dhangadhi Sub-Metropolitan City,30,,,,25,,,,,100.0
room,38868,2.59,Sudurpashchim,Kailali,Dhangadhi Sub-Metropolitan City,24,,Fully,No,13,Shared,Yes,,,55.95
land,23336728,1.03,Lumbini,Rupandehi,Butwal Sub-Metropolitan City,9,,,,16,,,,,50.09
land,3845118,7.95,Bagmati,Lalitpur,Lalitpur Metropolitan City,23,,,,20,,,,,87.76
room,19605,6.56,Bagmati,Bhaktapur,Bhaktapur Municipality,19,,Semi,No,13,Single,Yes,,,79.02
home,32856978,5.29,Koshi,Morang,Biratnagar Metropolitan City,12,4,Semi,Yes,13,,,,,88.34
home,23988416,5.73,Koshi,Morang,Biratnagar Metropolitan City,31,4,No,Yes,13,,,,,100.0
land,44242071,1.65,Bagmati,Bhaktapur,Bhaktapur Municipality,23,,,,10,,,,,51.05
land,25376737,5.47,Bagmati,Lalitpur,Lalitpur Metropolitan City,28,,,,16,,,,,76.77
land,39599672,6.49,Bagmati,Bhaktapur,Bhaktapur Municipality,30,,,,10,,,,,55.85
land,7793293,8.73,Sudurpashchim,Kailali,Dhangadhi Sub-Metropolitan City,14,,,,25,,,,,80.85
home,32915489,1.09,Lumbini,Rupandehi,Butwal Sub-Metropolitan City,14,1,No,Yes,13,,,,,70.4
room,13672,1.68,Bagmati,Kathmandu,Kathmandu Metropolitan City,3,,No,No,13,Shared,Yes,,,88.53
room,43737,2.93,Lumbini,Rupandehi,Butwal Sub-Metropolitan City,1,,Fully,Yes,20,Double,Yes,,,57.84
home,10764399,6.06,Sudurpashchim,Kailali,Dhangadhi Sub-Metropolitan City,8,4,No,Yes,10,,,,,91.37
room,49187,4.31,Bagmati,Chitwan,Bharatpur Metropolitan City,8,,Fully,Yes,20,Shared,Yes,,,79.5
home,37268452,3.52,Bagmati,Kathmandu,Kathmandu Metropolitan City,14,3,No,Yes,30,,,,,90.79
room,42354,9.91,Bagmati,Kathmandu,Kathmandu Metropolitan City,22,,Fully,Yes,30,Single,Yes,,,59.0
room,26903,2.12,Lumbini,Rupandehi,Butwal Sub-Metropolitan City,18,,No,Yes,10,Double,No,,,70.34
home,36765193,6.24,Bagmati,Lalitpur,Lalitpur Metropolitan City,21,2,No,Yes,13,,,,,87.25
office,46109,3.33,Bagmati,Lalitpur,Lalitpur Metropolitan City,16,,No,Yes,13,,,6,Yes,94.32
office,97800,7.55,Lumbini,Rupandehi,Butwal Sub-Metropolitan City,20,,No,No,25,,,7,Yes,83.26
room,23715,9.12,Bagmati,Bhaktapur,Bhaktapur Municipality,12,,Semi,No,20,Double,No,,,86.0
office,106818,6.86,Lumbini,Rupandehi,Butwal Sub-Metropolitan City,5,,Fully,No,16,,,8,Yes,96.16
office,111341,9.98,Lumbini,Rupandehi,Butwal Sub-Metropolitan City,15,,Fully,No,25,,,6,No,84.33
room,13780,3.17,Sudurpashchim,Kailali,Dhangadhi Sub-Metropolitan City,15,,Fully,No,20,Double,No,,,83.58
office,29407,2.05,Bagmati,Chitwan,Bharatpur Metropolitan City,12,,Semi,Yes,30,,,6,No,78.13
home,12975475,8.22,Sudurpashchim,Kailali,Dhangadhi Sub-Metropolitan City,8,5,No,Yes,16,,,,,79.2
room,38777,7.1,Bagmati,Kathmandu,Kathmandu Metropolitan City,22,,No,Yes,10,Single,Yes,,,61.72
office,63815,2.37,Bagmati,Lalitpur,Lalitpur Metropolitan City,1,,Fully,No,16,,,6,No,78.24
office,50893,1.03,Lumbini,Rupandehi,Butwal Sub-Metropolitan City,11,,Semi,Yes,25,,,4,Yes,71.23
land,8951946,7.67,Sudurpashchim,Kailali,Dhangadhi Sub-Metropolitan City,30,,,,30,,,,,88.02
office,113509,8.0,Lumbini,Rupandehi,Butwal Sub-Metropolitan City,8,,Fully,No,25,,,6,Yes,88.36
office,94131,3.84,Bagmati,Chitwan,Bharatpur Metropolitan City,30,,No,No,30,,,6,Yes,85.73
room,25562,9.6,Gandaki,Kaski,Pokhara Metropolitan City,18,,Semi,Yes,13,Double,No,,,77.9
home,36935224,6.12,Bagmati,Lalitpur,Lalitpur Metropolitan City,10,5,Semi,Yes,20,,,,,87.1
land,43908275,8.65,Koshi,Jhapa,Birtamode Municipality,18,,,,25,,,,,68.83
room,33446,2.95,Koshi,Morang,Biratnagar Metropolitan City,29,,No,No,30,Double,Yes,,,67.91
room,9871,2.45,Bagmati,Kathmandu,Kathmandu Metropolitan City,17,,No,Yes,20,Single,No,,,76.44
land,40633891,9.19,Bagmati,Lalitpur,Lalitpur Metropolitan City,1,,,,13,,,,,57.59
room,16624,8.73,Lumbini,Rupandehi,Butwal Sub-Metropolitan City,12,,Semi,Yes,10,Single,Yes,,,80.83
home,48102098,6.25,Gandaki,Kaski,Pokhara Metropolitan City,12,2,No,No,16,,,,,91.01
land,21435440,1.56,Lumbini,Rupandehi,Butwal Sub-Metropolitan City,27,,,,16,,,,,58.53
home,31975929,3.39,Bagmati,Chitwan,Bharatpur Metropolitan City,30,2,Semi,No,13,,,,,73.0
land,25256515,3.77,Bagmati,Bhaktapur,Bhaktapur Municipality,23,,,,13,,,,,63.12
home,7295692,8.33,Lumbini,Rupandehi,Butwal Sub-Metropolitan City,15,1,Semi,No,20,,,,,81.71
home,28127942,1.38,Koshi,Jhapa,Birtamode Municipality,18,2,Semi,Yes,20,,,,,60.66
land,31104616,8.89,Lumbini,Rupandehi,Butwal Sub-Metropolitan City,3,,,,30,,,,,84.49
land,18417695,9.26,Bagmati,Lalitpur,Lalitpur Metropolitan City,7,,,,30,,,,,93.41
land,21511734,5.26,Koshi,Jhapa,Birtamode Municipality,12,,,,10,,,,,66.5
land,33968135,8.42,Koshi,Morang,Biratnagar Metropolitan City,21,,,,16,,,,,91.4
office,149205,2.62,Bagmati,Kathmandu,Kathmandu Metropolitan City,8,,Fully,Yes,13,,,8,Yes,68.71
land,19286548,9.78,Sudurpashchim,Kailali,Dhangadhi Sub-Metropolitan City,27,,,,25,,,,,66.77
home,35560347,3.58,Bagmati,Lalitpur,Lalitpur Metropolitan City,32,1,Semi,No,10,,,,,61.23
office,29202,9.3,Bagmati,Bhaktapur,Bhaktapur Municipality,6,,Semi,Yes,25,,,7,Yes,94.31
room,28242,1.44,Bagmati,Lalitpur,Lalitpur Metropolitan City,3,,No,Yes,30,Single,No,,,86.13
land,49524190,6.46,Bagmati,Chitwan,Bharatpur Metropolitan City,8,,,,20,,,,,66.13
land,23202533,4.16,Bagmati,Bhaktapur,Bhaktapur Municipality,9,,,,13,,,,,71.14
land,43776347,4.49,Bagmati,Chitwan,Bharatpur Metropolitan City,7,,,,25,,,,,84.22
land,33566911,3.95,Gandaki,Kaski,Pokhara Metropolitan City,31,,,,25,,,,,76.57
office,129309,6.54,Bagmati,Bhaktapur,Bhaktapur Municipality,23,,No,Yes,20,,,7,No,87.48
office,65043,9.15,Lumbini,Rupandehi,Butwal Sub-Metropolitan City,30,,Semi,No,25,,,8,Yes,74.78
room,31417,5.15,Bagmati,Bhaktapur,Bhaktapur Municipality,27,,No,Yes,30,Double,No,,,62.71
room,33462,5.28,Bagmati,Kathmandu,Kathmandu Metropolitan City,21,,Semi,No,16,Shared,No,,,75.33
office,24600,2.23,Bagmati,Lalitpur,Lalitpur Metropolitan City,27,,No,Yes,20,,,1,Yes,100.0
home,9032514,9.59,Gandaki,Kaski,Pokhara Metropolitan City,8,2,Semi,No,10,,,,,82.53
room,38333,5.04,Sudurpashchim,Kailali,Dhangadhi Sub-Metropolitan City,4,,No,No,25,Single,No,,,70.34
home,21824716,5.85,Lumbini,Rupandehi,Butwal Sub-Metropolitan City,18,3,Semi,No,20,,,,,89.36
home,42494687,3.6,Bagmati,Bhaktapur,Bhaktapur Municipality,16,3,Semi,No,16,,,,,78.88
office,133027,5.73,Lumbini,Rupandehi,Butwal Sub-Metropolitan City,12,,No,Yes,16,,,3,No,93.88
room,12676,3.15,Koshi,Morang,Biratnagar Metropolitan City,10,,Semi,Yes,30,Single,Yes,,,95.2
room,21653,8.41,Bagmati,Chitwan,Bharatpur Metropolitan City,27,,Semi,No,30,Shared,Yes,,,89.87
home,24291633,1.49,Bagmati,Kathmandu,Kathmandu Metropolitan City,2,2,Fully,Yes,20,,,,,78.63
room,43250,5.6,Koshi,Jhapa,Birtamode Municipality,20,,Fully,Yes,25,Double,No,,,59.61
office,119156,9.1,Lumbini,Rupandehi,Butwal Sub-Metropolitan City,26,,Fully,Yes,25,,,8,Yes,95.88
home,15663075,7.83,Bagmati,Kathmandu,Kathmandu Metropolitan City,21,1,Fully,No,30,,,,,85.47
room,9822,2.23,Koshi,Morang,Biratnagar Metropolitan City,18,,Fully,Yes,10,Single,Yes,,,68.11
room,45511,9.74,Lumbini,Rupandehi,Butwal Sub-Metropolitan City,3,,Semi,Yes,25,Shared,Yes,,,69.2
land,47764146,1.19,Bagmati,Bhaktapur,Bhaktapur Municipality,7,,,,16,,,,,49.82
office,109942,1.31,Sudurpashchim,Kailali,Dhangadhi Sub-Metropolitan City,11,,Semi,No,13,,,1,No,47.01
room,12375,1.7,Sudurpashchim,Kailali,Dhangadhi Sub-Metropolitan City,32,,Fully,No,30,Shared,Yes,,,77.31
home,16891488,4.35,Koshi,Jhapa,Birtamode Municipality,22,1,Fully,Yes,13,,,,,88.76
room,36738,4.55,Lumbini,Rupandehi,Butwal Sub-Metropolitan City,4,,Semi,No,10,Single,Yes,,,72.57
office,74383,3.92,Lumbini,Rupandehi,Butwal Sub-Metropolitan City,8,,Fully,Yes,13,,,1,Yes,81.08
room,17143,4.05,Koshi,Jhapa,Birtamode Municipality,7,,No,No,13,Shared,No,,,69.42
land,27129713,9.61,Sudurpashchim,Kailali,Dhangadhi Sub-Metropolitan City,27,,,,10,,,,,74.8
office,26073,9.7,Bagmati,Chitwan,Bharatpur Metropolitan City,18,,Fully,Yes,13,,,6,No,85.59
office,46737,7.52,Koshi,Jhapa,Birtamode Municipality,11,,Fully,No,25,,,7,Yes,78.93
home,26957348,5.37,Koshi,Morang,Biratnagar Metropolitan City,9,5,Semi,No,20,,,,,76.7
office,143850,2.99,Bagmati,Lalitpur,Lalitpur Metropolitan City,9,,Semi,Yes,30,,,4,Yes,93.84
home,31316653,2.45,Lumbini,Rupandehi,Butwal Sub-Metropolitan City,18,1,No,Yes,16,,,,,67.55
land,34291068,6.7,Bagmati,Kathmandu,Kathmandu Metropolitan City,18,,,,13,,,,,77.24
office,106120,7.94,Bagmati,Chitwan,Bharatpur Metropolitan City,1,,Fully,Yes,25,,,7,Yes,95.4
office,78541,6.01,Koshi,Morang,Biratnagar Metropolitan City,6,,Semi,Yes,20,,,2,Yes,95.06
room,46521,4.18,Bagmati,Lalitpur,Lalitpur Metropolitan City,5,,No,No,30,Double,No,,,66.73
room,21901,2.59,Bagmati,Kathmandu,Kathmandu Metropolitan City,12,,Fully,Yes,20,Double,Yes,,,100.0
land,14015567,4.95,Sudurpashchim,Kailali,Dhangadhi Sub-Metropolitan City,22,,,,20,,,,,97.89
office,47134,5.04,Bagmati,Kathmandu,Kathmandu Metropolitan City,1,,No,Yes,10,,,4,No,96.76
room,9846,5.11,Lumbini,Rupandehi,Butwal Sub-Metropolitan City,1,,Semi,Yes,16,Single,Yes,,,82.76
room,33331,2.77,Bagmati,Bhaktapur,Bhaktapur Municipality,31,,No,No,30,Double,No,,,61.74
room,21446,6.2,Gandaki,Kaski,Pokhara Metropolitan City,23,,Fully,No,16,Double,Yes,,,86.11
room,49570,1.22,Bagmati,Bhaktapur,Bhaktapur Municipality,2,,No,No,25,Double,No,,,45.25
office,62148,2.57,Bagmati,Chitwan,Bharatpur Metropolitan City,16,,No,No,20,,,3,Yes,80.29
home,26546623,6.91,Lumbini,Rupandehi,Butwal Sub-Metropolitan City,30,2,Semi,No,20,,,,,85.96
land,37731010,3.87,Bagmati,Bhaktapur,Bhaktapur Municipality,25,,,,25,,,,,71.91
office,120429,9.38,Lumbini,Rupandehi,Butwal Sub-Metropolitan City,3,,Fully,No,25,,,1,Yes,83.32
home,48370166,7.82,Bagmati,Chitwan,Bharatpur Metropolitan City,25,5,Semi,Yes,16,,,,,88.85
room,27857,5.28,Lumbini,Rupandehi,Butwal Sub-Metropolitan City,3,,Fully,No,20,Double,Yes,,,89.81
room,22835,5.42,Sudurpashchim,Kailali,Dhangadhi Sub-Metropolitan City,24,,Semi,Yes,25,Single,No,,,89.89
room,25771,9.85,Bagmati,Chitwan,Bharatpur Metropolitan City,28,,No,Yes,30,Double,No,,,79.63
room,25490,4.5,Bagmati,Kathmandu,Kathmandu Metropolitan City,32,,Fully,No,30,Single,Yes,,,100.0
room,40185,6.19,Sudurpashchim,Kailali,Dhangadhi Sub-Metropolitan City,32,,Semi,No,30,Single,No,,,68.94
home,14847226,9.26,Lumbini,Rupandehi,Butwal Sub-Metropolitan City,31,5,No,No,13,,,,,78.14
room,12279,3.84,Bagmati,Bhaktapur,Bhaktapur Municipality,4,,Semi,Yes,25,Shared,No,,,87.64
room,17380,9.4,Bagmati,Kathmandu,Kathmandu Metropolitan City,10,,Fully,Yes,13,Shared,No,,,83.44
land,24100477,2.79,Bagmati,Lalitpur,Lalitpur Metropolitan City,16,,,,13,,,,,68.44
room,18394,1.28,Koshi,Morang,Biratnagar Metropolitan City,15,,Semi,Yes,25,Shared,No,,,78.71
room,27340,2.32,Bagmati,Kathmandu,Kathmandu Metropolitan City,3,,Fully,No,10,Single,Yes,,,85.95
room,40455,7.45,Koshi,Morang,Biratnagar Metropolitan City,27,,Semi,Yes,25,Shared,Yes,,,68.81
office,41536,3.35,Bagmati,Chitwan,Bharatpur Metropolitan City,24,,No,Yes,10,,,7,No,83.83
home,42168169,8.88,Bagmati,Bhaktapur,Bhaktapur Municipality,21,3,Semi,No,16,,,,,94.46
room,25977,5.04,Sudurpashchim,Kailali,Dhangadhi Sub-Metropolitan City,2,,No,Yes,25,Single,Yes,,,85.59
office,64223,2.34,Koshi,Jhapa,Birtamode Municipality,1,,Semi,No,25,,,7,Yes,76.1
home,7952590,7.24,Koshi,Jhapa,Birtamode Municipality,2,3,Semi,Yes,13,,,,,97.03
home,23195910,7.94,Gandaki,Kaski,Pokhara Metropolitan City,6,4,Semi,Yes,10,,,,,93.71
land,25606041,2.9,Lumbini,Rupandehi,Butwal Sub-Metropolitan City,27,,,,25,,,,,46.05
home,38736017,8.38,Koshi,Jhapa,Birtamode Municipality,26,1,Fully,No,25,,,,,83.62
office,104312,5.06,Lumbini,Rupandehi,Butwal Sub-Metropolitan City,17,,Fully,Yes,10,,,1,No,76.2
home,18456081,6.28,Bagmati,Kathmandu,Kathmandu Metropolitan City,25,3,Semi,Yes,10,,,,,100.0
office,54602,1.21,Koshi,Jhapa,Birtamode Municipality,13,,Fully,No,20,,,7,No,66.59
office,75653,3.49,Lumbini,Rupandehi,Butwal Sub-Metropolitan City,7,,No,Yes,20,,,8,No,91.88
office,110314,5.94,Sudurpashchim,Kailali,Dhangadhi Sub-Metropolitan City,3,,Fully,Yes,16,,,6,No,85.68
office,90714,2.03,Bagmati,Lalitpur,Lalitpur Metropolitan City,3,,Semi,Yes,16,,,4,No,59.85
home,39354648,4.57,Koshi,Morang,Biratnagar Metropolitan City,23,3,Fully,No,30,,,,,85.33
land,46212736,3.02,Koshi,Morang,Biratnagar Metropolitan City,30,,,,25,,,,,69.31
room,12451,2.45,Bagmati,Lalitpur,Lalitpur Metropolitan City,30,,Semi,Yes,30,Shared,No,,,75.14
land,14906408,7.46,Gandaki,Kaski,Pokhara Metropolitan City,9,,,,10,,,,,73.74
room,42974,8.8,Lumbini,Rupandehi,Butwal Sub-Metropolitan City,26,,Semi,No,20,Double,No,,,64.97
home,11364876,2.33,Koshi,Jhapa,Birtamode Municipality,14,4,No,No,20,,,,,81.6
office,109411,7.87,Bagmati,Lalitpur,Lalitpur Metropolitan City,19,,Semi,Yes,13,,,5,Yes,93.37
home,5368654,1.56,Bagmati,Lalitpur,Lalitpur Metropolitan City,11,5,Fully,Yes,10,,,,,79.77
home,49716557,6.4,Bagmati,Lalitpur,Lalitpur Metropolitan City,12,2,Fully,Yes,13,,,,,100.0
home,7888271,8.71,Bagmati,Lalitpur,Lalitpur Metropolitan City,29,1,Semi,No,13,,,,,76.13
room,32844,7.78,Koshi,Jhapa,Birtamode Municipality,15,,No,No,30,Shared,No,,,69.91
home,14090998,6.87,Bagmati,Chitwan,Bharatpur Metropolitan City,9,4,Fully,Yes,25,,,,,100.0
land,18749036,3.87,Koshi,Jhapa,Birtamode Municipality,28,,,,30,,,,,75.54
land,23449808,9.17,Bagmati,Lalitpur,Lalitpur Metropolitan City,6,,,,30,,,,,89.0
home,7634483,1.21,Sudurpashchim,Kailali,Dhangadhi Sub-Metropolitan City,7,4,Fully,Yes,25,,,,,86.57
office,98991,7.93,Koshi,Morang,Biratnagar Metropolitan City,27,,No,Yes,30,,,4,Yes,97.05
home,31413367,9.56,Bagmati,Kathmandu,Kathmandu Metropolitan City,10,4,Semi,Yes,30,,,,,91.31
office,94559,2.96,Sudurpashchim,Kailali,Dhangadhi Sub-Metropolitan City,21,,Semi,Yes,25,,,7,Yes,86.51
office,110230,9.34,Lumbini,Rupandehi,Butwal Sub-Metropolitan City,19,,Semi,No,10,,,3,No,71.44
office,148089,7.56,Lumbini,Rupandehi,Butwal Sub-Metropolitan City,12,,No,Yes,25,,,6,No,92.71
office,58014,2.92,Bagmati,Kathmandu,Kathmandu Metropolitan City,20,,Fully,Yes,10,,,3,No,87.67
land,7107939,2.81,Bagmati,Chitwan,Bharatpur Metropolitan City,11,,,,30,,,,,69.13
land,44810913,5.9,Sudurpashchim,Kailali,Dhangadhi Sub-Metropolitan City,18,,,,30,,,,,77.4
office,65440,9.95,Bagmati,Bhaktapur,Bhaktapur Municipality,10,,Semi,No,13,,,7,Yes,85.87
home,24858394,1.15,Bagmati,Bhaktapur,Bhaktapur Municipality,25,3,Semi,Yes,13,,,,,76.83
home,22413150,4.36,Bagmati,Kathmandu,Kathmandu Metropolitan City,26,1,No,Yes,16,,,,,90.91
land,14575632,9.52,Bagmati,Bhaktapur,Bhaktapur Municipality,2,,,,30,,,,,80.62
land,35412861,9.11,Bagmati,Lalitpur,Lalitpur Metropolitan City,28,,,,10,,,,,90.38
room,35645,6.48,Bagmati,Lalitpur,Lalitpur Metropolitan City,28,,Semi,Yes,30,Single,No,,,82.33
land,8677527,2.6,Koshi,Morang,Biratnagar Metropolitan City,30,,,,13,,,,,60.84
home,40674634,5.59,Koshi,Jhapa,Birtamode Municipality,10,5,Fully,No,25,,,,,74.35
office,103724,7.12,Bagmati,Chitwan,Bharatpur Metropolitan City,20,,Fully,Yes,13,,,8,No,80.63
land,43723311,3.62,Bagmati,Chitwan,Bharatpur Metropolitan City,19,,,,25,,,,,51.45
office,97641,5.86,Bagmati,Bhaktapur,Bhaktapur Municipality,9,,No,Yes,16,,,6,No,62.56
room,37656,1.57,Koshi,Jhapa,Birtamode Municipality,3,,Semi,Yes,30,Single,No,,,55.75
room,29030,1.77,Lumbini,Rupandehi,Butwal Sub-Metropolitan City,8,,Semi,No,10,Single,Yes,,,81.01
home,24694380,6.89,Koshi,Jhapa,Birtamode Municipality,4,3,No,No,13,,,,,85.24
land,42190559,3.46,Koshi,Morang,Biratnagar Metropolitan City,23,,,,20,,,,,61.55
land,37825531,8.84,Bagmati,Chitwan,Bharatpur Metropolitan City,13,,,,13,,,,,74.49
land,33717137,3.06,Bagmati,Lalitpur,Lalitpur Metropolitan City,21,,,,16,,,,,60.95
office,61292,8.45,Bagmati,Lalitpur,Lalitpur Metropolitan City,15,,Fully,Yes,16,,,8,No,71.14
land,6551010,7.87,Bagmati,Lalitpur,Lalitpur Metropolitan City,3,,,,25,,,,,96.89
office,118990,2.44,Bagmati,Kathmandu,Kathmandu Metropolitan City,23,,Fully,No,20,,,2,No,61.14
office,25717,5.51,Koshi,Morang,Biratnagar Metropolitan City,23,,No,Yes,25,,,7,No,99.77
home,18171566,2.02,Bagmati,Bhaktapur,Bhaktapur Municipality,10,5,Fully,Yes,10,,,,,72.82
land,15598365,1.03,Lumbini,Rupandehi,Butwal Sub-Metropolitan City,24,,,,20,,,,,69.61
land,42704100,6.96,Koshi,Morang,Biratnagar Metropolitan City,20,,,,16,,,,,55.6
land,8353496,9.05,Bagmati,Bhaktapur,Bhaktapur Municipality,32,,,,10,,,,,91.75
land,41131208,1.9,Sudurpashchim,Kailali,Dhangadhi Sub-Metropolitan City,13,,,,30,,,,,49.43
room,21072,7.46,Gandaki,Kaski,Pokhara Metropolitan City,20,,Fully,Yes,20,Single,Yes,,,95.6
land,24480514,1.78,Bagmati,Chitwan,Bharatpur Metropolitan City,22,,,,10,,,,,43.12
land,25246217,1.82,Bagmati,Lalitpur,Lalitpur Metropolitan City,10,,,,20,,,,,51.03
home,22966628,4.03,Bagmati,Bhaktapur,Bhaktapur Municipality,23,1,No,Yes,10,,,,,77.69
land,20165064,7.31,Bagmati,Kathmandu,Kathmandu Metropolitan City,17,,,,16,,,,,86.26
office,130818,6.8,Lumbini,Rupandehi,Butwal Sub-Metropolitan City,14,,Fully,No,30,,,2,Yes,95.52
home,6661881,9.83,Koshi,Jhapa,Birtamode Municipality,10,1,No,Yes,13,,,,,71.01
land,10627842,1.86,Lumbini,Rupandehi,Butwal Sub-Metropolitan City,6,,,,25,,,,,75.1
home,32066958,2.84,Sudurpashchim,Kailali,Dhangadhi Sub-Metropolitan City,7,3,Fully,Yes,30,,,,,70.24
office,88455,5.76,Bagmati,Lalitpur,Lalitpur Metropolitan City,5,,Fully,No,25,,,6,Yes,88.81
office,42857,6.06,Koshi,Morang,Biratnagar Metropolitan City,28,,Fully,Yes,13,,,5,No,79.83
home,17805725,7.82,Gandaki,Kaski,Pokhara Metropolitan City,7,2,Semi,No,30,,,,,80.78
office,34935,2.28,Koshi,Jhapa,Birtamode Municipality,10,,Fully,No,16,,,5,No,78.44
room,10945,2.25,Bagmati,Bhaktapur,Bhaktapur Municipality,22,,No,No,20,Shared,Yes,,,98.07
office,116744,4.06,Bagmati,Chitwan,Bharatpur Metropolitan City,19,,Fully,Yes,13,,,5,No,62.7
office,69530,5.41,Koshi,Morang,Biratnagar Metropolitan City,21,,No,No,16,,,4,No,79.56
land,41053657,4.8,Sudurpashchim,Kailali,Dhangadhi Sub-Metropolitan City,7,,,,10,,,,,58.52
home,5320020,5.55,Bagmati,Chitwan,Bharatpur Metropolitan City,19,5,No,No,30,,,,,64.46
home,24584160,4.95,Bagmati,Lalitpur,Lalitpur Metropolitan City,16,1,Fully,Yes,30,,,,,100.0
land,23929806,6.55,Sudurpashchim,Kailali,Dhangadhi Sub-Metropolitan City,10,,,,20,,,,,89.65
office,143983,9.71,Gandaki,Kaski,Pokhara Metropolitan City,11,,Semi,No,20,,,6,Yes,89.05
room,45719,5.12,Lumbini,Rupandehi,Butwal Sub-Metropolitan City,21,,No,No,25,Double,No,,,61.18
land,39608958,8.26,Bagmati,Kathmandu,Kathmandu Metropolitan City,24,,,,10,,,,,73.31
land,5956424,3.63,Koshi,Morang,Biratnagar Metropolitan City,24,,,,16,,,,,70.41
office,117296,1.27,Lumbini,Rupandehi,Butwal Sub-Metropolitan City,11,,Fully,Yes,20,,,8,No,68.84
room,36195,3.02,Koshi,Morang,Biratnagar Metropolitan City,23,,No,No,13,Shared,No,,,53.72
land,48271531,7.3,Lumbini,Rupandehi,Butwal Sub-Metropolitan City,8,,,,20,,,,,79.73
land,30352047,9.04,Gandaki,Kaski,Pokhara Metropolitan City,3,,,,10,,,,,58.29
office,105130,8.26,Bagmati,Chitwan,Bharatpur Metropolitan City,30,,Semi,Yes,20,,,6,No,79.46
office,135445,4.34,Gandaki,Kaski,Pokhara Metropolitan City,24,,No,Yes,13,,,6,Yes,75.81
land,30029830,2.62,Bagmati,Kathmandu,Kathmandu Metropolitan City,2,,,,10,,,,,51.03
land,45713543,2.51,Koshi,Jhapa,Birtamode Municipality,11,,,,10,,,,,58.69
home,43243440,2.74,Bagmati,Lalitpur,Lalitpur Metropolitan City,15,3,No,No,10,,,,,51.44
home,28550308,8.55,Gandaki,Kaski,Pokhara Metropolitan City,19,2,Fully,No,16,,,,,82.47
office,85886,9.73,Koshi,Jhapa,Birtamode Municipality,30,,No,Yes,20,,,1,No,89.69
office,53970,9.51,Bagmati,Kathmandu,Kathmandu Metropolitan City,30,,Semi,No,10,,,3,Yes,81.38
office,81749,2.33,Bagmati,Chitwan,Bharatpur Metropolitan City,6,,Fully,No,25,,,6,No,56.79
home,38367121,9.72,Lumbini,Rupandehi,Butwal Sub-Metropolitan City,2,1,Semi,No,16,,,,,67.79
land,5662454,3.78,Bagmati,Chitwan,Bharatpur Metropolitan City,25,,,,16,,,,,73.33
office,112560,4.1,Koshi,Morang,Biratnagar Metropolitan City,24,,Semi,No,30,,,1,No,66.61
office,41050,6.04,Koshi,Morang,Biratnagar Metropolitan City,1,,Semi,Yes,20,,,3,Yes,91.07
home,46015266,8.28,Sudurpashchim,Kailali,Dhangadhi Sub-Metropolitan City,30,1,Fully,No,20,,,,,80.84
home,13955913,1.12,Bagmati,Kathmandu,Kathmandu Metropolitan City,24,1,No,No,25,,,,,52.74
land,42631873,2.43,Lumbini,Rupandehi,Butwal Sub-Metropolitan City,22,,,,25,,,,,79.73
home,13389558,2.28,Gandaki,Kaski,Pokhara Metropolitan City,8,1,Fully,No,10,,,,,80.77
room,27551,1.98,Bagmati,Kathmandu,Kathmandu Metropolitan City,8,,No,No,16,Single,No,,,85.43
room,12478,3.67,Lumbini,Rupandehi,Butwal Sub-Metropolitan City,2,,Fully,Yes,30,Single,Yes,,,83.61
room,10929,8.14,Bagmati,Kathmandu,Kathmandu Metropolitan City,20,,Fully,No,30,Double,No,,,75.62
office,36605,2.54,Gandaki,Kaski,Pokhara Metropolitan City,1,,Fully,Yes,30,,,7,Yes,84.84
office,112550,2.12,Gandaki,Kaski,Pokhara Metropolitan City,22,,Semi,No,13,,,4,No,61.91
room,29540,8.03,Lumbini,Rupandehi,Butwal Sub-Metropolitan City,13,,No,No,10,Single,No,,,59.1
home,37390804,3.57,Bagmati,Kathmandu,Kathmandu Metropolitan City,26,4,Semi,No,13,,,,,88.58
home,8029992,7.08,Lumbini,Rupandehi,Butwal Sub-Metropolitan City,4,2,Fully,No,25,,,,,94.77
land,28450196,9.97,Koshi,Morang,Biratnagar Metropolitan City,18,,,,30,,,,,77.75
office,132170,4.8,Bagmati,Kathmandu,Kathmandu Metropolitan City,14,,Fully,Yes,20,,,1,Yes,97.86
land,6611807,8.91,Gandaki,Kaski,Pokhara Metropolitan City,2,,,,25,,,,,91.89
office,45248,1.83,Gandaki,Kaski,Pokhara Metropolitan City,12,,Fully,Yes,25,,,2,Yes,95.06
office,88716,5.16,Sudurpashchim,Kailali,Dhangadhi Sub-Metropolitan City,29,,Fully,Yes,25,,,8,No,96.66
office,46565,4.64,Koshi,Jhapa,Birtamode Municipality,15,,No,Yes,13,,,4,Yes,90.7
home,14040422,7.98,Bagmati,Lalitpur,Lalitpur Metropolitan City,9,1,No,Yes,20,,,,,78.58
home,49088892,1.94,Lumbini,Rupandehi,Butwal Sub-Metropolitan City,20,2,No,No,25,,,,,70.65
home,13867446,2.37,Gandaki,Kaski,Pokhara Metropolitan City,13,1,Semi,Yes,10,,,,,82.73
land,16408509,4.13,Sudurpashchim,Kailali,Dhangadhi Sub-Metropolitan City,15,,,,10,,,,,72.53
room,31280,9.17,Koshi,Jhapa,Birtamode Municipality,30,,Fully,Yes,10,Shared,Yes,,,53.24
home,16306651,7.05,Bagmati,Lalitpur,Lalitpur Metropolitan City,26,5,Fully,Yes,25,,,,,99.95
home,30304934,1.89,Bagmati,Bhaktapur,Bhaktapur Municipality,22,3,Semi,No,13,,,,,70.61
office,101624,3.7,Gandaki,Kaski,Pokhara Metropolitan City,12,,Semi,No,20,,,3,Yes,80.11
office,111205,1.08,Bagmati,Bhaktapur,Bhaktapur Municipality,1,,Semi,Yes,30,,,7,Yes,70.45
office,127060,4.71,Koshi,Morang,Biratnagar Metropolitan City,12,,Fully,No,13,,,8,No,72.92
office,54873,8.35,Lumbini,Rupandehi,Butwal Sub-Metropolitan City,8,,Fully,Yes,20,,,5,Yes,98.21
office,45272,7.91,Bagmati,Kathmandu,Kathmandu Metropolitan City,25,,No,No,30,,,4,Yes,100.0
room,32526,5.76,Sudurpashchim,Kailali,Dhangadhi Sub-Metropolitan City,1,,Fully,Yes,25,Single,Yes,,,84.51
home,20287080,7.88,Bagmati,Kathmandu,Kathmandu Metropolitan City,19,3,No,Yes,30,,,,,100.0
home,21190735,5.27,Koshi,Jhapa,Birtamode Municipality,10,2,No,Yes,10,,,,,93.26
land,33327519,4.01,Bagmati,Chitwan,Bharatpur Metropolitan City,22,,,,20,,,,,71.52
office,25470,4.17,Koshi,Jhapa,Birtamode Municipality,9,,Semi,No,30,,,3,No,84.2
home,8514831,8.76,Bagmati,Bhaktapur,Bhaktapur Municipality,11,5,No,No,30,,,,,77.91
home,30571088,7.42,Gandaki,Kaski,Pokhara Metropolitan City,2,2,Fully,Yes,30,,,,,100.0
land,28133294,1.74,Koshi,Jhapa,Birtamode Municipality,10,,,,16,,,,,57.01
room,8361,4.67,Bagmati,Lalitpur,Lalitpur Metropolitan City,14,,Fully,Yes,25,Double,Yes,,,100.0
land,32933784,2.51,Bagmati,Bhaktapur,Bhaktapur Municipality,12,,,,16,,,,,65.23
land,32055545,2.03,Gandaki,Kaski,Pokhara Metropolitan City,25,,,,10,,,,,52.36
office,27401,8.95,Bagmati,Bhaktapur,Bhaktapur Municipality,32,,Semi,No,16,,,4,Yes,97.1
room,21173,9.3,Gandaki,Kaski,Pokhara Metropolitan City,12,,Semi,Yes,10,Double,Yes,,,78.86
office,104197,1.97,Bagmati,Bhaktapur,Bhaktapur Municipality,15,,No,No,16,,,8,Yes,60.68
home,33846576,1.26,Bagmati,Lalitpur,Lalitpur Metropolitan City,8,2,Fully,Yes,20,,,,,86.01
room,37290,8.52,Bagmati,Lalitpur,Lalitpur Metropolitan City,18,,Semi,No,20,Shared,No,,,67.21
land,24714604,2.23,Bagmati,Chitwan,Bharatpur Metropolitan City,20,,,,16,,,,,54.75
land,18656893,8.49,Bagmati,Chitwan,Bharatpur Metropolitan City,15,,,,25,,,,,84.87
home,13583254,9.29,Koshi,Jhapa,Birtamode Municipality,31,5,No,Yes,10,,,,,67.36
home,21039281,7.59,Bagmati,Lalitpur,Lalitpur Metropolitan City,3,4,Semi,Yes,13,,,,,89.74
land,45266143,9.6,Sudurpashchim,Kailali,Dhangadhi Sub-Metropolitan City,29,,,,16,,,,,75.37
room,36658,1.54,Koshi,Morang,Biratnagar Metropolitan City,29,,Fully,Yes,13,Single,No,,,57.74
office,77727,6.66,Koshi,Morang,Biratnagar Metropolitan City,31,,Semi,Yes,30,,,5,Yes,93.13
land,36135806,3.65,Bagmati,Lalitpur,Lalitpur Metropolitan City,17,,,,25,,,,,61.35
office,61952,9.64,Koshi,Jhapa,Birtamode Municipality,13,,Fully,No,10,,,5,No,66.86
office,72872,2.33,Koshi,Morang,Biratnagar Metropolitan City,23,,No,Yes,20,,,6,No,54.88
home,24250946,7.93,Sudurpashchim,Kailali,Dhangadhi Sub-Metropolitan City,30,4,Semi,No,13,,,,,83.02
land,30480032,4.79,Koshi,Morang,Biratnagar Metropolitan City,4,,,,20,,,,,73.99
land,13048896,5.89,Koshi,Jhapa,Birtamode Municipality,3,,,,16,,,,,64.05
home,11312590,9.25,Koshi,Morang,Biratnagar Metropolitan City,32,5,Fully,Yes,30,,,,,85.9
office,42727,1.56,Bagmati,Bhaktapur,Bhaktapur Municipality,7,,Semi,No,10,,,2,Yes,73.53
office,113110,2.41,Koshi,Jhapa,Birtamode Municipality,17,,No,Yes,20,,,2,No,61.65
room,49743,2.32,Lumbini,Rupandehi,Butwal Sub-Metropolitan City,6,,Semi,No,10,Double,No,,,63.63
room,12501,4.13,Koshi,Jhapa,Birtamode Municipality,22,,Semi,Yes,25,Single,No,,,87.51
room,48667,6.05,Bagmati,Chitwan,Bharatpur Metropolitan City,4,,Semi,Yes,16,Single,Yes,,,66.18
home,48286986,8.06,Koshi,Jhapa,Birtamode Municipality,17,4,Semi,Yes,13,,,,,73.45
land,30365653,7.43,Gandaki,Kaski,Pokhara Metropolitan City,14,,,,10,,,,,75.97
room,28456,2.51,Lumbini,Rupandehi,Butwal Sub-Metropolitan City,27,,Fully,Yes,13,Double,No,,,54.45
room,41578,9.22,Lumbini,Rupandehi,Butwal Sub-Metropolitan City,17,,Fully,Yes,13,Shared,No,,,56.58
office,32511,5.97,Koshi,Morang,Biratnagar Metropolitan City,21,,Semi,Yes,25,,,4,No,100.0
home,14768687,3.6,Gandaki,Kaski,Pokhara Metropolitan City,24,4,Fully,No,10,,,,,87.76
office,22036,8.11,Bagmati,Lalitpur,Lalitpur Metropolitan City,9,,Fully,Yes,25,,,4,Yes,95.53
room,34202,2.81,Bagmati,Bhaktapur,Bhaktapur Municipality,19,,Fully,Yes,16,Single,No,,,62.4
room,43473,4.01,Lumbini,Rupandehi,Butwal Sub-Metropolitan City,4,,Fully,No,16,Single,Yes,,,66.38
land,31124633,2.08,Koshi,Jhapa,Birtamode Municipality,5,,,,20,,,,,60.0
room,46981,4.61,Bagmati,Lalitpur,Lalitpur Metropolitan City,25,,No,No,13,Double,No,,,75.94
office,113561,6.35,Sudurpashchim,Kailali,Dhangadhi Sub-Metropolitan City,28,,Fully,No,10,,,8,No,63.19
home,41994572,3.02,Koshi,Morang,Biratnagar Metropolitan City,8,3,Fully,No,13,,,,,77.98
room,14296,3.98,Bagmati,Lalitpur,Lalitpur Metropolitan City,8,,No,No,10,Shared,No,,,64.33
room,17541,6.33,Bagmati,Bhaktapur,Bhaktapur Municipality,6,,Fully,Yes,30,Double,No,,,97.97
home,26532215,2.87,Lumbini,Rupandehi,Butwal Sub-Metropolitan City,14,1,Semi,Yes,30,,,,,77.71
office,92840,4.26,Lumbini,Rupandehi,Butwal Sub-Metropolitan City,1,,No,Yes,20,,,4,No,82.51
land,3956515,3.75,Sudurpashchim,Kailali,Dhangadhi Sub-Metropolitan City,21,,,,10,,,,,74.35
home,18058665,2.74,Koshi,Jhapa,Birtamode Municipality,23,2,No,No,30,,,,,83.35
room,26424,3.91,Bagmati,Lalitpur,Lalitpur Metropolitan City,1,,Fully,Yes,25,Single,No,,,83.13
room,29288,5.57,Sudurpashchim,Kailali,Dhangadhi Sub-Metropolitan City,3,,Semi,No,30,Double,No,,,76.35
office,113991,1.39,Koshi,Jhapa,Birtamode Municipality,15,,Semi,Yes,16,,,3,Yes,79.04
room,42374,4.18,Koshi,Jhapa,Birtamode Municipality,27,,No,No,20,Shared,Yes,,,72.06
room,29902,4.99,Koshi,Morang,Biratnagar Metropolitan City,1,,Semi,Yes,25,Single,No,,,76.94
home,40430211,8.89,Lumbini,Rupandehi,Butwal Sub-Metropolitan City,9,2,Semi,No,10,,,,,76.11
room,29459,1.78,Sudurpashchim,Kailali,Dhangadhi Sub-Metropolitan City,13,,Fully,No,13,Double,Yes,,,80.82
land,29792443,8.21,Bagmati,Chitwan,Bharatpur Metropolitan City,22,,,,13,,,,,71.76
office,106158,4.9,Gandaki,Kaski,Pokhara Metropolitan City,11,,Fully,Yes,10,,,5,Yes,85.46
land,15239058,3.37,Bagmati,Chitwan,Bharatpur Metropolitan City,27,,,,10,,,,,61.53
office,91740,9.19,Lumbini,Rupandehi,Butwal Sub-Metropolitan City,21,,Fully,No,13,,,3,No,78.4
office,21870,5.76,Bagmati,Bhaktapur,Bhaktapur Municipality,29,,No,Yes,13,,,1,No,79.39
room,22822,4.46,Bagmati,Chitwan,Bharatpur Metropolitan City,2,,Fully,No,10,Double,No,,,65.74
room,15909,7.78,Bagmati,Chitwan,Bharatpur Metropolitan City,2,,Fully,No,20,Double,Yes,,,81.11
land,43515754,2.02,Sudurpashchim,Kailali,Dhangadhi Sub-Metropolitan City,2,,,,10,,,,,31.26
home,28133257,7.15,Bagmati,Lalitpur,Lalitpur Metropolitan City,29,3,Semi,Yes,16,,,,,100.0
office,100002,4.28,Lumbini,Rupandehi,Butwal Sub-Metropolitan City,29,,Fully,No,30,,,2,Yes,100.0
land,22260539,4.53,Koshi,Morang,Biratnagar Metropolitan City,22,,,,20,,,,,79.19
home,14074655,5.84,Koshi,Jhapa,Birtamode Municipality,23,2,Semi,Yes,10,,,,,82.11
office,136356,3.02,Gandaki,Kaski,Pokhara Metropolitan City,18,,No,Yes,25,,,2,Yes,70.46
office,117322,8.15,Koshi,Jhapa,Birtamode Municipality,27,,Fully,No,13,,,7,No,83.86
home,29563671,4.17,Bagmati,Kathmandu,Kathmandu Metropolitan City,8,4,Semi,No,13,,,,,94.26
land,49712481,8.52,Lumbini,Rupandehi,Butwal Sub-Metropolitan City,16,,,,10,,,,,60.96
room,30298,2.85,Bagmati,Chitwan,Bharatpur Metropolitan City,29,,No,Yes,10,Shared,No,,,49.43
room,18470,2.42,Koshi,Morang,Biratnagar Metropolitan City,27,,No,No,16,Single,Yes,,,84.2
land,29360531,8.1,Lumbini,Rupandehi,Butwal Sub-Metropolitan City,21,,,,10,,,,,82.66
office,32643,4.91,Koshi,Jhapa,Birtamode Municipality,31,,Fully,No,20,,,7,Yes,66.63
room,45309,5.9,Sudurpashchim,Kailali,Dhangadhi Sub-Metropolitan City,30,,Semi,Yes,25,Double,Yes,,,64.28
home,31465492,4.29,Bagmati,Bhaktapur,Bhaktapur Municipality,20,5,Semi,Yes,30,,,,,100.0
home,35824187,2.84,Koshi,Morang,Biratnagar Metropolitan City,25,3,Semi,No,20,,,,,59.46
land,35696157,5.56,Gandaki,Kaski,Pokhara Metropolitan City,21,,,,20,,,,,70.22
home,49936523,1.79,Gandaki,Kaski,Pokhara Metropolitan City,30,1,Semi,Yes,30,,,,,70.98
land,14614709,4.88,Gandaki,Kaski,Pokhara Metropolitan City,14,,,,20,,,,,85.61
home,41218382,6.73,Bagmati,Kathmandu,Kathmandu Metropolitan City,13,3,Semi,Yes,20,,,,,100.0
office,149424,6.63,Sudurpashchim,Kailali,Dhangadhi Sub-Metropolitan City,13,,No,No,13,,,4,Yes,91.62
home,23737016,1.87,Bagmati,Chitwan,Bharatpur Metropolitan City,29,2,No,No,30,,,,,70.45
room,41537,1.65,Koshi,Morang,Biratnagar Metropolitan City,21,,Fully,Yes,20,Single,Yes,,,72.31
land,46339472,4.31,Bagmati,Kathmandu,Kathmandu Metropolitan City,6,,,,13,,,,,55.55
home,31994340,3.5,Koshi,Jhapa,Birtamode Municipality,9,3,Semi,Yes,20,,,,,99.78
office,51524,9.09,Bagmati,Chitwan,Bharatpur Metropolitan City,17,,Semi,No,25,,,1,Yes,76.51
land,32266367,2.82,Gandaki,Kaski,Pokhara Metropolitan City,10,,,,13,,,,,55.81
room,32501,8.57,Bagmati,Bhaktapur,Bhaktapur Municipality,23,,Fully,Yes,13,Double,Yes,,,73.78
room,36598,1.39,Koshi,Morang,Biratnagar Metropolitan City,19,,Semi,No,20,Double,No,,,58.35
land,14582903,3.0,Bagmati,Kathmandu,Kathmandu Metropolitan City,16,,,,25,,,,,82.08
home,13208082,2.32,Koshi,Jhapa,Birtamode Municipality,20,3,Fully,Yes,10,,,,,83.73
land,40122319,1.1,Bagmati,Bhaktapur,Bhaktapur Municipality,22,,,,30,,,,,64.18
home,10222177,5.92,Gandaki,Kaski,Pokhara Metropolitan City,28,1,Semi,No,10,,,,,79.35
office,84981,4.54,Gandaki,Kaski,Pokhara Metropolitan City,4,,No,No,20,,,6,No,78.29
home,40981852,2.66,Bagmati,Lalitpur,Lalitpur Metropolitan City,25,4,Semi,No,25,,,,,74.95
room,11368,6.65,Lumbini,Rupandehi,Butwal Sub-Metropolitan City,12,,Semi,No,16,Shared,Yes,,,90.93
room,11134,7.69,Sudurpashchim,Kailali,Dhangadhi Sub-Metropolitan City,32,,Semi,Yes,13,Shared,No,,,77.28
home,29137356,8.84,Sudurpashchim,Kailali,Dhangadhi Sub-Metropolitan City,9,4,Semi,No,25,,,,,83.92
room,43667,1.82,Bagmati,Chitwan,Bharatpur Metropolitan City,14,,Semi,No,20,Single,No,,,56.85
room,42116,8.29,Gandaki,Kaski,Pokhara Metropolitan City,22,,No,Yes,25,Double,Yes,,,77.26
office,131900,1.62,Sudurpashchim,Kailali,Dhangadhi Sub-Metropolitan City,7,,Fully,No,30,,,3,No,59.01
office,61698,3.79,Sudurpashchim,Kailali,Dhangadhi Sub-Metropolitan City,3,,Fully,Yes,16,,,3,Yes,100.0
room,38383,7.95,Sudurpashchim,Kailali,Dhangadhi Sub-Metropolitan City,21,,Fully,Yes,16,Shared,Yes,,,51.33
home,34633351,6.23,Bagmati,Kathmandu,Kathmandu Metropolitan City,21,5,No,No,13,,,,,71.05
land,24548102,8.11,Bagmati,Bhaktapur,Bhaktapur Municipality,27,,,,25,,,,,83.24
home,35754273,3.56,Bagmati,Bhaktapur,Bhaktapur Municipality,26,1,Semi,Yes,13,,,,,63.45
office,141176,9.55,Gandaki,Kaski,Pokhara Metropolitan City,8,,Fully,No,13,,,6,Yes,83.1
land,5965972,8.82,Bagmati,Chitwan,Bharatpur Metropolitan City,21,,,,16,,,,,78.37
room,28185,1.94,Koshi,Jhapa,Birtamode Municipality,1,,Fully,Yes,13,Single,Yes,,,78.69
room,8353,3.07,Bagmati,Lalitpur,Lalitpur Metropolitan City,16,,Fully,Yes,10,Double,Yes,,,79.79
land,46886396,3.46,Lumbini,Rupandehi,Butwal Sub-Metropolitan City,5,,,,10,,,,,50.39
home,47074871,6.83,Gandaki,Kaski,Pokhara Metropolitan City,1,3,Fully,No,16,,,,,90.44
room,20115,2.0,Bagmati,Bhaktapur,Bhaktapur Municipality,16,,Fully,No,10,Shared,Yes,,,78.83
land,38686340,8.62,Sudurpashchim,Kailali,Dhangadhi Sub-Metropolitan City,16,,,,20,,,,,81.24
office,128650,7.18,Bagmati,Lalitpur,Lalitpur Metropolitan City,3,,No,No,13,,,3,No,77.22
home,44518069,3.51,Bagmati,Chitwan,Bharatpur Metropolitan City,5,4,Fully,No,10,,,,,57.06
home,42371082,2.37,Koshi,Morang,Biratnagar Metropolitan City,7,3,Semi,No,20,,,,,60.48
home,29119845,9.73,Bagmati,Bhaktapur,Bhaktapur Municipality,2,1,No,Yes,13,,,,,70.91
home,26066637,6.61,Lumbini,Rupandehi,Butwal Sub-Metropolitan City,17,5,No,Yes,13,,,,,86.68
room,26635,9.05,Lumbini,Rupandehi,Butwal Sub-Metropolitan City,23,,Semi,No,13,Double,Yes,,,78.64
land,35660402,2.63,Bagmati,Bhaktapur,Bhaktapur Municipality,14,,,,10,,,,,44.02
office,140333,2.41,Bagmati,Kathmandu,Kathmandu Metropolitan City,20,,Fully,No,16,,,4,Yes,68.7
room,49263,6.74,Sudurpashchim,Kailali,Dhangadhi Sub-Metropolitan City,12,,Semi,No,16,Shared,No,,,63.64
room,44152,6.16,Koshi,Jhapa,Birtamode Municipality,11,,Fully,Yes,13,Single,No,,,70.71
room,41967,8.82,Bagmati,Kathmandu,Kathmandu Metropolitan City,19,,No,No,20,Double,No,,,72.25
office,64716,4.76,Bagmati,Bhaktapur,Bhaktapur Municipality,1,,No,No,16,,,4,No,90.33
room,25542,6.68,Koshi,Jhapa,Birtamode Municipality,17,,Fully,Yes,25,Double,No,,,91.35
room,44742,9.95,Lumbini,Rupandehi,Butwal Sub-Metropolitan City,7,,Semi,No,10,Single,Yes,,,55.26
land,28463546,5.64,Lumbini,Rupandehi,Butwal Sub-Metropolitan City,9,,,,30,,,,,80.37
office,132297,5.34,Sudurpashchim,Kailali,Dhangadhi Sub-Metropolitan City,24,,No,Yes,20,,,2,No,74.77
land,45793083,9.39,Bagmati,Kathmandu,Kathmandu Metropolitan City,26,,,,30,,,,,78.52
land,29083096,8.95,Bagmati,Kathmandu,Kathmandu Metropolitan City,31,,,,10,,,,,74.92
room,9200,2.15,Bagmati,Bhaktapur,Bhaktapur Municipality,19,,No,Yes,13,Single,Yes,,,82.31
office,117919,6.12,Lumbini,Rupandehi,Butwal Sub-Metropolitan City,24,,Semi,Yes,13,,,7,Yes,91.61
land,10568550,7.89,Koshi,Jhapa,Birtamode Municipality,32,,,,16,,,,,68.65
room,49271,9.27,Bagmati,Bhaktapur,Bhaktapur Municipality,18,,Fully,No,16,Single,Yes,,,76.01
office,23799,4.91,Bagmati,Kathmandu,Kathmandu Metropolitan City,18,,Semi,No,25,,,4,Yes,100.0
land,27254224,1.99,Sudurpashchim,Kailali,Dhangadhi Sub-Metropolitan City,32,,,,25,,,,,52.9
room,40158,8.56,Bagmati,Chitwan,Bharatpur Metropolitan City,29,,Fully,Yes,20,Shared,Yes,,,66.98
office,128869,4.38,Koshi,Morang,Biratnagar Metropolitan City,16,,Fully,No,30,,,1,Yes,75.46
land,47119046,2.31,Bagmati,Chitwan,Bharatpur Metropolitan City,12,,,,20,,,,,48.79
home,33991816,1.42,Bagmati,Kathmandu,Kathmandu Metropolitan City,1,1,Fully,No,10,,,,,60.09
room,28916,3.38,Lumbini,Rupandehi,Butwal Sub-Metropolitan City,20,,No,No,16,Single,No,,,71.21
home,41303550,4.24,Sudurpashchim,Kailali,Dhangadhi Sub-Metropolitan City,23,5,Semi,Yes,16,,,,,63.01
room,37680,2.92,Bagmati,Chitwan,Bharatpur Metropolitan City,7,,Semi,Yes,25,Single,No,,,60.38
office,28909,9.86,Sudurpashchim,Kailali,Dhangadhi Sub-Metropolitan City,19,,Fully,No,25,,,6,Yes,88.81
room,15207,8.27,Lumbini,Rupandehi,Butwal Sub-Metropolitan City,26,,No,Yes,13,Shared,No,,,78.88
room,14751,8.34,Bagmati,Bhaktapur,Bhaktapur Municipality,3,,Semi,Yes,25,Shared,Yes,,,90.09
land,46187763,4.75,Koshi,Jhapa,Birtamode Municipality,2,,,,13,,,,,61.25
office,49574,7.12,Bagmati,Bhaktapur,Bhaktapur Municipality,21,,Semi,Yes,16,,,7,No,72.04
office,135329,8.09,Gandaki,Kaski,Pokhara Metropolitan City,7,,No,No,25,,,1,Yes,82.23
office,45681,5.64,Bagmati,Lalitpur,Lalitpur Metropolitan City,14,,No,No,20,,,8,Yes,91.03
office,57339,2.95,Bagmati,Bhaktapur,Bhaktapur Municipality,20,,Fully,No,25,,,5,No,74.61
land,35689008,2.58,Bagmati,Bhaktapur,Bhaktapur Municipality,31,,,,20,,,,,66.57
land,7451940,1.54,Bagmati,Bhaktapur,Bhaktapur Municipality,18,,,,16,,,,,59.52
office,115128,5.31,Koshi,Morang,Biratnagar Metropolitan City,3,,No,No,10,,,1,Yes,65.43
office,26993,2.17,Koshi,Jhapa,Birtamode Municipality,27,,No,No,16,,,3,No,77.77
home,20284835,3.94,Lumbini,Rupandehi,Butwal Sub-Metropolitan City,14,2,No,No,30,,,,,83.25
room,31569,4.46,Koshi,Morang,Biratnagar Metropolitan City,11,,Fully,No,13,Shared,Yes,,,80.09
home,26318211,8.3,Koshi,Morang,Biratnagar Metropolitan City,21,3,Semi,Yes,10,,,,,96.42
home,42304261,3.23,Bagmati,Kathmandu,Kathmandu Metropolitan City,17,4,Semi,No,20,,,,,68.01
office,136503,9.68,Bagmati,Bhaktapur,Bhaktapur Municipality,5,,Semi,Yes,16,,,8,Yes,93.54
room,40417,9.7,Koshi,Jhapa,Birtamode Municipality,5,,No,Yes,30,Single,Yes,,,59.56
home,22352112,2.64,Lumbini,Rupandehi,Butwal Sub-Metropolitan City,25,2,No,No,30,,,,,79.75
home,17120186,9.7,Gandaki,Kaski,Pokhara Metropolitan City,3,3,Fully,No,30,,,,,97.87
room,17972,2.47,Koshi,Jhapa,Birtamode Municipality,28,,Fully,No,10,Single,No,,,65.81
room,16615,6.65,Lumbini,Rupandehi,Butwal Sub-Metropolitan City,19,,Fully,No,13,Shared,No,,,93.38
land,7071110,3.24,Bagmati,Bhaktapur,Bhaktapur Municipality,20,,,,25,,,,,92.79
room,37176,4.29,Bagmati,Chitwan,Bharatpur Metropolitan City,9,,No,No,10,Shared,No,,,65.34
office,25887,7.01,Sudurpashchim,Kailali,Dhangadhi Sub-Metropolitan City,22,,Fully,Yes,10,,,5,No,74.15
room,40384,5.75,Sudurpashchim,Kailali,Dhangadhi Sub-Metropolitan City,19,,No,Yes,16,Double,No,,,58.94
land,11442499,9.43,Bagmati,Bhaktapur,Bhaktapur Municipality,26,,,,16,,,,,78.63
office,105841,1.3,Bagmati,Bhaktapur,Bhaktapur Municipality,27,,Fully,No,16,,,8,No,52.94
land,15898759,3.78,Bagmati,Bhaktapur,Bhaktapur Municipality,23,,,,16,,,,,74.21
room,43145,7.28,Koshi,Jhapa,Birtamode Municipality,14,,No,Yes,20,Shared,No,,,49.32
office,88611,4.52,Koshi,Morang,Biratnagar Metropolitan City,29,,Semi,No,25,,,3,Yes,82.77
home,14012193,1.43,Gandaki,Kaski,Pokhara Metropolitan City,21,1,Semi,Yes,30,,,,,84.28
land,43251880,3.24,Koshi,Jhapa,Birtamode Municipality,8,,,,16,,,,,62.99
home,42339258,6.61,Bagmati,Lalitpur,Lalitpur Metropolitan City,16,2,No,Yes,16,,,,,86.77
home,36119991,6.9,Koshi,Jhapa,Birtamode Municipality,25,1,Fully,No,25,,,,,71.74
office,84995,1.75,Gandaki,Kaski,Pokhara Metropolitan City,1,,Fully,Yes,30,,,2,Yes,75.41
land,47788712,3.12,Bagmati,Chitwan,Bharatpur Metropolitan City,32,,,,13,,,,,51.78
home,49895182,4.63,Bagmati,Lalitpur,Lalitpur Metropolitan City,2,5,Fully,No,16,,,,,58.87
home,42152176,2.98,Koshi,Jhapa,Birtamode Municipality,21,5,Semi,No,13,,,,,46.36
office,64934,8.6,Bagmati,Chitwan,Bharatpur Metropolitan City,9,,No,Yes,16,,,7,No,78.98
home,22407509,9.27,Lumbini,Rupandehi,Butwal Sub-Metropolitan City,32,2,No,No,16,,,,,84.7
home,47900339,3.56,Koshi,Jhapa,Birtamode Municipality,25,5,No,Yes,13,,,,,40.64
room,26183,4.08,Lumbini,Rupandehi,Butwal Sub-Metropolitan City,1,,No,Yes,13,Shared,No,,,74.27
office,142841,2.1,Gandaki,Kaski,Pokhara Metropolitan City,23,,Semi,No,13,,,7,Yes,70.0
room,38064,1.54,Sudurpashchim,Kailali,Dhangadhi Sub-Metropolitan City,2,,No,No,25,Single,No,,,69.07
office,48387,6.4,Gandaki,Kaski,Pokhara Metropolitan City,2,,Fully,No,25,,,1,Yes,86.19
office,73244,7.65,Lumbini,Rupandehi,Butwal Sub-Metropolitan City,23,,Fully,Yes,10,,,5,Yes,80.14
land,24576573,6.85,Gandaki,Kaski,Pokhara Metropolitan City,32,,,,16,,,,,85.85
room,45139,1.15,Lumbini,Rupandehi,Butwal Sub-Metropolitan City,30,,Fully,Yes,20,Double,Yes,,,70.69
office,109970,8.47,Koshi,Jhapa,Birtamode Municipality,14,,No,Yes,20,,,6,No,69.03
land,6300719,4.89,Koshi,Jhapa,Birtamode Municipality,32,,,,16,,,,,97.04
room,45622,2.95,Bagmati,Kathmandu,Kathmandu Metropolitan City,7,,No,Yes,30,Shared,No,,,67.87
room,34237,2.24,Lumbini,Rupandehi,Butwal Sub-Metropolitan City,14,,No,No,13,Double,Yes,,,54.02
office,99300,6.31,Lumbini,Rupandehi,Butwal Sub-Metropolitan City,8,,Fully,Yes,20,,,7,No,78.23
land,35405442,6.65,Lumbini,Rupandehi,Butwal Sub-Metropolitan City,9,,,,13,,,,,73.21
office,35142,1.58,Koshi,Jhapa,Birtamode Municipality,14,,No,Yes,25,,,5,No,88.72
office,96504,6.75,Lumbini,Rupandehi,Butwal Sub-Metropolitan City,26,,Fully,Yes,30,,,1,Yes,87.98
land,41951521,6.56,Bagmati,Lalitpur,Lalitpur Metropolitan City,31,,,,13,,,,,73.12
home,40321429,3.79,Gandaki,Kaski,Pokhara Metropolitan City,1,3,Semi,Yes,13,,,,,83.73
room,40486,8.72,Koshi,Jhapa,Birtamode Municipality,4,,Fully,Yes,10,Shared,Yes,,,49.32
room,37322,8.17,Bagmati,Chitwan,Bharatpur Metropolitan City,27,,No,No,20,Double,No,,,69.86
office,79941,7.86,Bagmati,Bhaktapur,Bhaktapur Municipality,27,,No,Yes,25,,,7,Yes,98.12
home,9802195,3.2,Bagmati,Lalitpur,Lalitpur Metropolitan City,24,1,Fully,No,30,,,,,74.67
office,20337,5.56,Lumbini,Rupandehi,Butwal Sub-Metropolitan City,9,,Fully,Yes,10,,,1,No,88.13
land,19456124,5.77,Bagmati,Kathmandu,Kathmandu Metropolitan City,8,,,,10,,,,,88.17
land,44884028,1.59,Bagmati,Kathmandu,Kathmandu Metropolitan City,15,,,,25,,,,,52.38
office,47010,3.16,Gandaki,Kaski,Pokhara Metropolitan City,29,,No,No,13,,,4,No,87.74
home,49557249,2.01,Bagmati,Kathmandu,Kathmandu Metropolitan City,3,2,Semi,Yes,25,,,,,79.18
office,139904,9.6,Bagmati,Lalitpur,Lalitpur Metropolitan City,17,,Semi,Yes,20,,,3,Yes,100.0
room,24446,2.63,Sudurpashchim,Kailali,Dhangadhi Sub-Metropolitan City,23,,No,Yes,16,Shared,Yes,,,74.98
home,9767715,7.64,Bagmati,Bhaktapur,Bhaktapur Municipality,20,1,Semi,Yes,10,,,,,86.74
office,107172,3.81,Bagmati,Kathmandu,Kathmandu Metropolitan City,31,,Fully,No,25,,,2,Yes,92.06
land,21577962,1.06,Bagmati,Bhaktapur,Bhaktapur Municipality,11,,,,10,,,,,45.22
home,9267294,8.57,Sudurpashchim,Kailali,Dhangadhi Sub-Metropolitan City,12,3,Semi,No,13,,,,,92.63
office,52063,7.07,Gandaki,Kaski,Pokhara Metropolitan City,5,,Semi,Yes,16,,,4,Yes,94.67
home,30801956,5.67,Bagmati,Chitwan,Bharatpur Metropolitan City,11,1,Semi,Yes,20,,,,,90.19
office,117836,8.08,Sudurpashchim,Kailali,Dhangadhi Sub-Metropolitan City,18,,No,No,16,,,4,Yes,85.41
home,26879656,4.41,Sudurpashchim,Kailali,Dhangadhi Sub-Metropolitan City,12,1,Semi,Yes,10,,,,,80.77
land,33274480,2.43,Lumbini,Rupandehi,Butwal Sub-Metropolitan City,5,,,,16,,,,,69.04
office,82291,9.42,Bagmati,Bhaktapur,Bhaktapur Municipality,16,,Semi,Yes,20,,,4,No,77.16
office,147690,4.39,Koshi,Morang,Biratnagar Metropolitan City,15,,Fully,No,25,,,3,Yes,77.63
room,46467,8.74,Lumbini,Rupandehi,Butwal Sub-Metropolitan City,24,,Fully,Yes,20,Double,No,,,48.32
land,47746723,2.25,Lumbini,Rupandehi,Butwal Sub-Metropolitan City,18,,,,16,,,,,58.69
home,30575085,7.42,Lumbini,Rupandehi,Butwal Sub-Metropolitan City,25,5,No,No,20,,,,,72.43
room,34820,5.82,Gandaki,Kaski,Pokhara Metropolitan City,1,,No,No,16,Shared,Yes,,,70.52
office,41180,2.98,Lumbini,Rupandehi,Butwal Sub-Metropolitan City,12,,No,Yes,16,,,7,Yes,78.07
office,107277,3.77,Bagmati,Chitwan,Bharatpur Metropolitan City,7,,No,No,30,,,6,No,69.39
office,70289,5.62,Bagmati,Kathmandu,Kathmandu Metropolitan City,5,,No,No,10,,,7,No,89.54
land,3786953,2.07,Gandaki,Kaski,Pokhara Metropolitan City,32,,,,30,,,,,68.07
land,45442633,7.06,Bagmati,Bhaktapur,Bhaktapur Municipality,18,,,,10,,,,,49.3
land,20779658,1.49,Lumbini,Rupandehi,Butwal Sub-Metropolitan City,1,,,,25,,,,,63.64
home,21533911,7.9,Bagmati,Chitwan,Bharatpur Metropolitan City,8,3,Semi,Yes,10,,,,,91.87
room,40495,1.96,Bagmati,Chitwan,Bharatpur Metropolitan City,29,,Fully,Yes,20,Double,Yes,,,67.61
home,46379134,9.32,Bagmati,Kathmandu,Kathmandu Metropolitan City,28,2,No,No,10,,,,,86.27
home,12059434,1.24,Lumbini,Rupandehi,Butwal Sub-Metropolitan City,2,5,No,Yes,10,,,,,47.25
office,36769,7.74,Bagmati,Kathmandu,Kathmandu Metropolitan City,31,,Semi,Yes,20,,,3,No,89.0
office,75581,2.29,Bagmati,Kathmandu,Kathmandu Metropolitan City,28,,Fully,No,10,,,3,No,57.0
land,32267675,8.11,Koshi,Jhapa,Birtamode Municipality,8,,,,10,,,,,73.86
office,77946,1.19,Bagmati,Lalitpur,Lalitpur Metropolitan City,3,,Semi,No,20,,,4,No,69.99
office,71632,1.04,Bagmati,Lalitpur,Lalitpur Metropolitan City,29,,Fully,Yes,25,,,7,No,63.6
office,94712,3.49,Sudurpashchim,Kailali,Dhangadhi Sub-Metropolitan City,29,,Fully,No,10,,,4,No,56.61
office,120150,9.45,Bagmati,Bhaktapur,Bhaktapur Municipality,12,,No,Yes,30,,,8,No,93.57
land,26183743,7.84,Gandaki,Kaski,Pokhara Metropolitan City,6,,,,13,,,,,84.87
land,46827548,7.59,Bagmati,Kathmandu,Kathmandu Metropolitan City,17,,,,10,,,,,55.29
home,44499070,7.93,Koshi,Morang,Biratnagar Metropolitan City,20,4,No,No,25,,,,,91.9
home,41972291,3.71,Koshi,Jhapa,Birtamode Municipality,13,2,Fully,No,10,,,,,67.73
home,42296167,3.46,Bagmati,Bhaktapur,Bhaktapur Municipality,13,1,No,No,25,,,,,60.55
land,49553930,7.75,Sudurpashchim,Kailali,Dhangadhi Sub-Metropolitan City,23,,,,16,,,,,68.35
home,19183033,8.93,Koshi,Morang,Biratnagar Metropolitan City,22,4,No,Yes,20,,,,,82.97
home,15550659,7.12,Sudurpashchim,Kailali,Dhangadhi Sub-Metropolitan City,5,2,No,Yes,20,,,,,95.61
room,49987,3.64,Bagmati,Kathmandu,Kathmandu Metropolitan City,1,,Semi,No,16,Shared,No,,,58.44
room,33559,4.09,Bagmati,Bhaktapur,Bhaktapur Municipality,7,,No,No,10,Single,Yes,,,76.53
office,111826,3.78,Koshi,Morang,Biratnagar Metropolitan City,13,,No,No,30,,,1,Yes,88.94
land,4600374,2.93,Koshi,Jhapa,Birtamode Municipality,13,,,,10,,,,,66.71
room,36029,4.22,Bagmati,Kathmandu,Kathmandu Metropolitan City,11,,No,No,16,Shared,No,,,64.72
home,22982751,4.76,Bagmati,Lalitpur,Lalitpur Metropolitan City,25,3,Semi,Yes,13,,,,,85.81
room,13371,8.69,Koshi,Morang,Biratnagar Metropolitan City,12,,Fully,No,13,Shared,No,,,68.47
home,17423579,6.58,Gandaki,Kaski,Pokhara Metropolitan City,14,5,Fully,No,25,,,,,79.76
land,35683410,5.15,Bagmati,Bhaktapur,Bhaktapur Municipality,6,,,,10,,,,,66.28
land,43256646,8.97,Sudurpashchim,Kailali,Dhangadhi Sub-Metropolitan City,32,,,,16,,,,,93.02
home,25600384,7.32,Koshi,Morang,Biratnagar Metropolitan City,32,5,Semi,Yes,10,,,,,80.7
land,30161662,7.6,Koshi,Jhapa,Birtamode Municipality,11,,,,30,,,,,75.09
room,28969,3.68,Koshi,Jhapa,Birtamode Municipality,12,,Fully,No,10,Single,Yes,,,68.25
room,31288,1.02,Bagmati,Chitwan,Bharatpur Metropolitan City,30,,Semi,Yes,30,Shared,Yes,,,80.2
room,32095,7.19,Bagmati,Chitwan,Bharatpur Metropolitan City,30,,No,No,16,Double,Yes,,,72.49
room,15041,9.84,Koshi,Jhapa,Birtamode Municipality,7,,No,No,25,Single,No,,,72.81
room,35570,4.38,Lumbini,Rupandehi,Butwal Sub-Metropolitan City,12,,Semi,Yes,20,Double,No,,,70.11
office,120800,3.73,Sudurpashchim,Kailali,Dhangadhi Sub-Metropolitan City,5,,Fully,Yes,30,,,8,No,79.3
room,17230,7.35,Gandaki,Kaski,Pokhara Metropolitan City,17,,No,No,25,Single,No,,,88.23
home,25598204,1.36,Gandaki,Kaski,Pokhara Metropolitan City,3,2,No,No,16,,,,,64.2
land,26311286,5.02,Koshi,Jhapa,Birtamode Municipality,29,,,,20,,,,,70.89
office,48863,5.41,Lumbini,Rupandehi,Butwal Sub-Metropolitan City,27,,No,Yes,13,,,4,Yes,94.58
room,30770,6.9,Bagmati,Bhaktapur,Bhaktapur Municipality,17,,No,No,10,Shared,No,,,53.18
land,6362969,6.76,Bagmati,Kathmandu,Kathmandu Metropolitan City,24,,,,25,,,,,99.75
room,24979,1.61,Bagmati,Bhaktapur,Bhaktapur Municipality,6,,Semi,No,30,Shared,Yes,,,76.08
land,26567542,4.94,Gandaki,Kaski,Pokhara Metropolitan City,11,,,,16,,,,,79.1
office,75181,4.4,Lumbini,Rupandehi,Butwal Sub-Metropolitan City,11,,Semi,No,16,,,4,Yes,99.98
home,44427452,4.52,Koshi,Jhapa,Birtamode Municipality,12,2,Fully,Yes,16,,,,,70.81
office,58562,3.93,Bagmati,Chitwan,Bharatpur Metropolitan City,32,,No,No,10,,,1,No,92.92
land,44474605,9.37,Bagmati,Bhaktapur,Bhaktapur Municipality,26,,,,25,,,,,85.52
home,41567947,1.49,Koshi,Jhapa,Birtamode Municipality,18,4,Fully,No,25,,,,,63.45
land,22092381,8.75,Koshi,Morang,Biratnagar Metropolitan City,22,,,,10,,,,,80.67
room,15877,2.04,Bagmati,Kathmandu,Kathmandu Metropolitan City,15,,Semi,No,13,Double,Yes,,,86.6
home,37065298,1.69,Koshi,Jhapa,Birtamode Municipality,11,2,Semi,Yes,20,,,,,56.42
home,9742028,6.13,Bagmati,Chitwan,Bharatpur Metropolitan City,12,4,Semi,No,13,,,,,92.16
land,37663870,7.52,Bagmati,Lalitpur,Lalitpur Metropolitan City,13,,,,16,,,,,67.58
land,37071413,9.68,Koshi,Morang,Biratnagar Metropolitan City,26,,,,13,,,,,65.0
office,60499,6.41,Bagmati,Lalitpur,Lalitpur Metropolitan City,19,,Semi,Yes,13,,,7,Yes,100.0
home,37396593,6.59,Lumbini,Rupandehi,Butwal Sub-Metropolitan City,21,1,Fully,No,13,,,,,77.33
room,28949,1.64,Sudurpashchim,Kailali,Dhangadhi Sub-Metropolitan City,29,,Semi,Yes,30,Double,No,,,71.88
home,44818605,1.67,Koshi,Morang,Biratnagar Metropolitan City,11,2,Semi,Yes,13,,,,,62.59
room,10233,2.54,Gandaki,Kaski,Pokhara Metropolitan City,27,,Fully,No,30,Shared,No,,,77.68
land,10040139,8.2,Bagmati,Kathmandu,Kathmandu Metropolitan City,16,,,,10,,,,,75.89
room,36893,9.51,Koshi,Morang,Biratnagar Metropolitan City,4,,Semi,No,25,Double,Yes,,,64.29
office,83923,6.48,Lumbini,Rupandehi,Butwal Sub-Metropolitan City,15,,Semi,No,20,,,3,No,84.43
office,103080,1.6,Bagmati,Lalitpur,Lalitpur Metropolitan City,1,,No,Yes,30,,,3,No,66.49
land,44624454,5.39,Gandaki,Kaski,Pokhara Metropolitan City,25,,,,13,,,,,66.63
home,25674168,1.91,Koshi,Jhapa,Birtamode Municipality,6,1,No,No,10,,,,,49.65
home,33498842,1.96,Gandaki,Kaski,Pokhara Metropolitan City,12,2,Fully,Yes,20,,,,,69.79
office,49235,7.33,Gandaki,Kaski,Pokhara Metropolitan City,28,,No,Yes,16,,,7,No,86.44
room,8332,3.22,Lumbini,Rupandehi,Butwal Sub-Metropolitan City,28,,Fully,No,16,Single,No,,,60.45
office,126031,7.95,Lumbini,Rupandehi,Butwal Sub-Metropolitan City,22,,Fully,No,13,,,5,No,79.77
room,33032,6.8,Bagmati,Bhaktapur,Bhaktapur Municipality,28,,Semi,Yes,20,Single,Yes,,,89.47
home,20159538,6.4,Gandaki,Kaski,Pokhara Metropolitan City,19,2,Fully,Yes,30,,,,,98.2
office,87004,6.33,Bagmati,Lalitpur,Lalitpur Metropolitan City,31,,No,No,20,,,1,No,82.17
land,46003632,9.85,Koshi,Morang,Biratnagar Metropolitan City,24,,,,30,,,,,78.42
home,41969134,9.94,Sudurpashchim,Kailali,Dhangadhi Sub-Metropolitan City,8,5,No,No,13,,,,,65.65
room,28282,8.56,Lumbini,Rupandehi,Butwal Sub-Metropolitan City,12,,Fully,Yes,10,Single,Yes,,,66.06
land,43544210,6.21,Koshi,Jhapa,Birtamode Municipality,17,,,,10,,,,,54.48
land,41348285,6.79,Bagmati,Chitwan,Bharatpur Metropolitan City,9,,,,25,,,,,86.69
land,25197341,5.75,Bagmati,Lalitpur,Lalitpur Metropolitan City,5,,,,13,,,,,89.59
home,47673338,1.56,Koshi,Jhapa,Birtamode Municipality,25,1,Semi,No,10,,,,,46.66
home,14367401,7.11,Bagmati,Lalitpur,Lalitpur Metropolitan City,14,1,No,Yes,20,,,,,100.0
room,29012,2.05,Bagmati,Chitwan,Bharatpur Metropolitan City,18,,Semi,Yes,30,Single,Yes,,,93.72
land,33514773,7.98,Bagmati,Lalitpur,Lalitpur Metropolitan City,13,,,,13,,,,,76.12
home,18239952,8.93,Lumbini,Rupandehi,Butwal Sub-Metropolitan City,8,1,Semi,Yes,10,,,,,81.8
office,102143,4.17,Koshi,Jhapa,Birtamode Municipality,28,,Fully,No,10,,,5,No,71.97
room,48397,1.96,Koshi,Jhapa,Birtamode Municipality,31,,No,Yes,20,Shared,Yes,,,83.69
land,5391549,8.7,Bagmati,Lalitpur,Lalitpur Metropolitan City,15,,,,30,,,,,89.07
land,30826494,5.81,Bagmati,Lalitpur,Lalitpur Metropolitan City,12,,,,13,,,,,74.14
room,16391,4.31,Koshi,Jhapa,Birtamode Municipality,20,,Fully,No,16,Single,Yes,,,90.97
land,19387874,2.43,Koshi,Morang,Biratnagar Metropolitan City,22,,,,16,,,,,44.07
room,33433,7.63,Bagmati,Chitwan,Bharatpur Metropolitan City,20,,Semi,Yes,25,Double,Yes,,,76.37
room,18243,2.84,Bagmati,Lalitpur,Lalitpur Metropolitan City,17,,Fully,Yes,25,Shared,No,,,74.67
room,24163,9.61,Koshi,Morang,Biratnagar Metropolitan City,6,,Semi,Yes,20,Shared,Yes,,,95.54
home,46570605,4.1,Bagmati,Chitwan,Bharatpur Metropolitan City,3,3,No,No,30,,,,,75.57
room,32336,8.14,Bagmati,Chitwan,Bharatpur Metropolitan City,17,,No,No,10,Single,No,,,64.99
home,27904471,6.84,Gandaki,Kaski,Pokhara Metropolitan City,22,1,No,No,16,,,,,72.69
home,13589532,9.81,Bagmati,Lalitpur,Lalitpur Metropolitan City,24,5,Semi,Yes,13,,,,,84.53
room,8874,5.0,Bagmati,Chitwan,Bharatpur Metropolitan City,16,,Fully,No,16,Single,No,,,91.32
land,21304112,1.47,Bagmati,Kathmandu,Kathmandu Metropolitan City,32,,,,20,,,,,78.66
office,98398,6.29,Bagmati,Lalitpur,Lalitpur Metropolitan City,12,,No,Yes,30,,,2,Yes,100.0
land,7251094,7.19,Bagmati,Chitwan,Bharatpur Metropolitan City,15,,,,20,,,,,85.04
land,16614631,7.49,Koshi,Jhapa,Birtamode Municipality,28,,,,10,,,,,77.68
home,39322229,7.56,Bagmati,Bhaktapur,Bhaktapur Municipality,31,2,Fully,Yes,25,,,,,95.41
land,32291834,1.89,Gandaki,Kaski,Pokhara Metropolitan City,17,,,,10,,,,,56.85
land,22957451,6.24,Lumbini,Rupandehi,Butwal Sub-Metropolitan City,30,,,,30,,,,,100.0
room,21159,6.14,Lumbini,Rupandehi,Butwal Sub-Metropolitan City,19,,No,No,10,Shared,Yes,,,76.97
office,144669,8.33,Koshi,Morang,Biratnagar Metropolitan City,19,,Fully,Yes,30,,,7,Yes,100.0
room,37429,9.35,Lumbini,Rupandehi,Butwal Sub-Metropolitan City,3,,No,No,16,Double,No,,,66.1
land,5517882,3.69,Lumbini,Rupandehi,Butwal Sub-Metropolitan City,1,,,,10,,,,,77.14
home,23252632,9.11,Sudurpashchim,Kailali,Dhangadhi Sub-Metropolitan City,25,4,Fully,Yes,20,,,,,90.17
land,29583349,1.44,Koshi,Jhapa,Birtamode Municipality,25,,,,25,,,,,49.47
room,44240,2.2,Sudurpashchim,Kailali,Dhangadhi Sub-Metropolitan City,14,,Fully,No,30,Single,No,,,50.9
land,45407348,7.06,Bagmati,Chitwan,Bharatpur Metropolitan City,12,,,,16,,,,,63.16
land,49362672,1.7,Bagmati,Bhaktapur,Bhaktapur Municipality,4,,,,16,,,,,65.8
office,127516,7.6,Koshi,Morang,Biratnagar Metropolitan City,16,,Fully,No,20,,,4,Yes,99.89
office,109246,4.3,Gandaki,Kaski,Pokhara Metropolitan City,13,,No,Yes,10,,,6,Yes,66.75
room,32460,2.63,Gandaki,Kaski,Pokhara Metropolitan City,19,,Semi,No,20,Double,No,,,85.69
home,37382405,8.31,Bagmati,Bhaktapur,Bhaktapur Municipality,4,1,No,Yes,13,,,,,92.12
land,13858685,3.11,Bagmati,Lalitpur,Lalitpur Metropolitan City,2,,,,30,,,,,91.03
land,21239727,1.2,Koshi,Jhapa,Birtamode Municipality,24,,,,13,,,,,45.54
land,17070921,1.79,Bagmati,Chitwan,Bharatpur Metropolitan City,32,,,,25,,,,,61.19
home,42955869,4.38,Bagmati,Chitwan,Bharatpur Metropolitan City,28,1,Fully,No,10,,,,,53.36
home,27646064,7.29,Koshi,Morang,Biratnagar Metropolitan City,26,1,No,No,30,,,,,81.38
land,30670037,1.85,Lumbini,Rupandehi,Butwal Sub-Metropolitan City,6,,,,10,,,,,49.91
room,32431,1.04,Bagmati,Lalitpur,Lalitpur Metropolitan City,1,,No,Yes,10,Shared,Yes,,,70.98
room,20369,3.07,Bagmati,Lalitpur,Lalitpur Metropolitan City,7,,Fully,Yes,30,Shared,No,,,84.35
office,31591,6.21,Lumbini,Rupandehi,Butwal Sub-Metropolitan City,12,,Semi,No,10,,,5,No,61.13
home,49239574,1.53,Bagmati,Chitwan,Bharatpur Metropolitan City,15,5,No,No,13,,,,,35.85
room,46777,9.65,Koshi,Morang,Biratnagar Metropolitan City,6,,Semi,Yes,16,Single,No,,,70.78
land,42042002,4.14,Bagmati,Bhaktapur,Bhaktapur Municipality,26,,,,20,,,,,81.89
land,27290289,3.46,Bagmati,Chitwan,Bharatpur Metropolitan City,3,,,,13,,,,,48.49
home,5768412,7.47,Koshi,Jhapa,Birtamode Municipality,28,4,No,No,25,,,,,81.66
room,32405,4.4,Bagmati,Lalitpur,Lalitpur Metropolitan City,16,,No,No,10,Double,No,,,56.74
office,74022,4.93,Bagmati,Lalitpur,Lalitpur Metropolitan City,28,,No,No,25,,,1,Yes,86.79
land,32635590,9.93,Bagmati,Bhaktapur,Bhaktapur Municipality,14,,,,16,,,,,68.04
office,125998,1.71,Gandaki,Kaski,Pokhara Metropolitan City,12,,Semi,Yes,13,,,5,Yes,68.21
home,15929535,2.02,Gandaki,Kaski,Pokhara Metropolitan City,1,5,No,Yes,10,,,,,51.08
home,35372987,1.91,Bagmati,Bhaktapur,Bhaktapur Municipality,6,4,Fully,No,10,,,,,50.2
home,40595768,2.06,Sudurpashchim,Kailali,Dhangadhi Sub-Metropolitan City,10,2,Semi,Yes,25,,,,,79.11
office,52850,3.78,Koshi,Morang,Biratnagar Metropolitan City,3,,Fully,No,20,,,1,Yes,80.86
land,13568823,6.04,Koshi,Morang,Biratnagar Metropolitan City,29,,,,30,,,,,86.68
home,18099615,9.23,Bagmati,Lalitpur,Lalitpur Metropolitan City,23,4,Fully,No,10,,,,,87.91
office,33610,5.62,Koshi,Jhapa,Birtamode Municipality,21,,No,No,10,,,1,No,68.24
room,17730,5.74,Bagmati,Bhaktapur,Bhaktapur Municipality,23,,Semi,Yes,13,Shared,Yes,,,93.72
room,31639,4.23,Koshi,Jhapa,Birtamode Municipality,2,,Semi,No,16,Single,No,,,77.8
home,21239901,8.02,Bagmati,Bhaktapur,Bhaktapur Municipality,27,3,Fully,No,25,,,,,97.21
land,26725615,5.44,Koshi,Morang,Biratnagar Metropolitan City,21,,,,30,,,,,78.42
land,29714325,2.32,Bagmati,Bhaktapur,Bhaktapur Municipality,22,,,,13,,,,,55.35
home,47450373,2.79,Bagmati,Chitwan,Bharatpur Metropolitan City,30,4,Semi,No,20,,,,,68.04
land,32469721,6.5,Lumbini,Rupandehi,Butwal Sub-Metropolitan City,15,,,,30,,,,,87.05
office,121876,2.7,Bagmati,Chitwan,Bharatpur Metropolitan City,3,,Fully,Yes,30,,,4,No,75.39
room,43771,1.13,Gandaki,Kaski,Pokhara Metropolitan City,16,,Fully,No,30,Double,No,,,64.49
office,59814,2.81,Bagmati,Chitwan,Bharatpur Metropolitan City,7,,No,No,13,,,8,Yes,68.93
room,26246,4.24,Gandaki,Kaski,Pokhara Metropolitan City,3,,No,No,30,Double,Yes,,,100.0
room,19738,3.46,Koshi,Jhapa,Birtamode Municipality,3,,Fully,Yes,20,Shared,No,,,71.44
land,26716327,7.58,Bagmati,Kathmandu,Kathmandu Metropolitan City,10,,,,10,,,,,74.92
office,37035,4.96,Sudurpashchim,Kailali,Dhangadhi Sub-Metropolitan City,30,,No,No,25,,,8,No,67.17
office,142020,6.52,Sudurpashchim,Kailali,Dhangadhi Sub-Metropolitan City,13,,Fully,Yes,13,,,3,No,79.23
room,14947,3.73,Koshi,Jhapa,Birtamode Municipality,15,,Semi,Yes,30,Single,No,,,90.63
office,61942,5.49,Koshi,Morang,Biratnagar Metropolitan City,1,,Fully,No,13,,,5,Yes,82.29
land,44670794,2.29,Sudurpashchim,Kailali,Dhangadhi Sub-Metropolitan City,29,,,,10,,,,,59.82
office,61126,9.76,Bagmati,Kathmandu,Kathmandu Metropolitan City,8,,Semi,Yes,10,,,2,No,79.44
room,31211,7.98,Gandaki,Kaski,Pokhara Metropolitan City,29,,Semi,No,16,Double,No,,,67.03
office,93963,7.22,Gandaki,Kaski,Pokhara Metropolitan City,1,,Fully,No,25,,,7,No,78.83
office,145842,9.01,Bagmati,Lalitpur,Lalitpur Metropolitan City,11,,Semi,No,13,,,7,Yes,68.22
room,23514,3.15,Sudurpashchim,Kailali,Dhangadhi Sub-Metropolitan City,9,,No,No,13,Shared,Yes,,,77.94
room,43317,8.61,Koshi,Jhapa,Birtamode Municipality,30,,No,No,25,Double,No,,,59.13
land,17262845,1.23,Bagmati,Bhaktapur,Bhaktapur Municipality,24,,,,20,,,,,60.19
room,27770,8.73,Bagmati,Lalitpur,Lalitpur Metropolitan City,19,,No,No,10,Shared,Yes,,,83.28
office,121453,7.67,Gandaki,Kaski,Pokhara Metropolitan City,20,,No,Yes,20,,,4,No,84.49
home,24401560,6.73,Sudurpashchim,Kailali,Dhangadhi Sub-Metropolitan City,15,2,Semi,No,25,,,,,100.0
room,17739,2.81,Koshi,Jhapa,Birtamode Municipality,3,,Fully,No,30,Shared,Yes,,,84.97
land,48861626,7.02,Bagmati,Chitwan,Bharatpur Metropolitan City,11,,,,20,,,,,56.67
room,15405,4.79,Koshi,Morang,Biratnagar Metropolitan City,20,,Fully,No,16,Shared,Yes,,,89.42
land,35232852,9.82,Bagmati,Kathmandu,Kathmandu Metropolitan City,27,,,,16,,,,,72.18
home,33411610,9.17,Gandaki,Kaski,Pokhara Metropolitan City,28,2,Semi,Yes,10,,,,,93.7
office,129354,7.39,Sudurpashchim,Kailali,Dhangadhi Sub-Metropolitan City,23,,Fully,Yes,16,,,8,Yes,86.05
land,25732326,1.96,Koshi,Jhapa,Birtamode Municipality,26,,,,10,,,,,49.2
land,29411023,2.8,Koshi,Morang,Biratnagar Metropolitan City,12,,,,30,,,,,54.12
home,32018232,2.34,Bagmati,Chitwan,Bharatpur Metropolitan City,20,2,Semi,No,25,,,,,55.64
office,81706,1.91,Bagmati,Chitwan,Bharatpur Metropolitan City,20,,No,Yes,10,,,8,Yes,50.93
land,34981909,7.84,Bagmati,Kathmandu,Kathmandu Metropolitan City,13,,,,20,,,,,100.0
room,25979,5.62,Bagmati,Kathmandu,Kathmandu Metropolitan City,20,,Fully,No,13,Single,No,,,92.7
home,44339085,7.77,Gandaki,Kaski,Pokhara Metropolitan City,26,1,Fully,No,25,,,,,98.39
land,37697375,6.47,Lumbini,Rupandehi,Butwal Sub-Metropolitan City,20,,,,25,,,,,79.16
room,10366,7.78,Sudurpashchim,Kailali,Dhangadhi Sub-Metropolitan City,30,,Fully,No,25,Shared,Yes,,,86.82
home,43450146,4.94,Bagmati,Bhaktapur,Bhaktapur Municipality,10,5,Fully,No,16,,,,,91.17
office,127097,2.33,Gandaki,Kaski,Pokhara Metropolitan City,8,,No,Yes,25,,,8,Yes,82.08
land,20814134,3.93,Koshi,Morang,Biratnagar Metropolitan City,20,,,,13,,,,,80.16
office,134522,9.08,Bagmati,Lalitpur,Lalitpur Metropolitan City,22,,Fully,No,10,,,3,No,78.26
room,10517,8.66,Bagmati,Lalitpur,Lalitpur Metropolitan City,30,,Semi,Yes,20,Shared,No,,,85.46
room,38233,5.79,Koshi,Morang,Biratnagar Metropolitan City,3,,Semi,No,13,Single,Yes,,,65.38
home,33431517,7.47,Bagmati,Lalitpur,Lalitpur Metropolitan City,8,2,Fully,Yes,25,,,,,96.86
room,40833,2.87,Bagmati,Bhaktapur,Bhaktapur Municipality,29,,Semi,Yes,25,Double,Yes,,,75.26
home,29601828,3.39,Koshi,Morang,Biratnagar Metropolitan City,18,1,Semi,Yes,20,,,,,66.05
room,45458,6.92,Gandaki,Kaski,Pokhara Metropolitan City,31,,Fully,No,13,Double,Yes,,,76.06
room,44708,5.36,Bagmati,Chitwan,Bharatpur Metropolitan City,21,,No,No,13,Shared,No,,,53.87
office,52779,8.75,Koshi,Morang,Biratnagar Metropolitan City,9,,No,No,16,,,4,No,85.97
home,38076582,9.89,Gandaki,Kaski,Pokhara Metropolitan City,11,3,Semi,Yes,10,,,,,87.26
home,38634605,5.16,Bagmati,Lalitpur,Lalitpur Metropolitan City,3,1,Fully,Yes,10,,,,,81.78
office,60237,6.97,Koshi,Morang,Biratnagar Metropolitan City,9,,No,Yes,16,,,4,Yes,84.74
office,133447,2.68,Bagmati,Lalitpur,Lalitpur Metropolitan City,25,,Fully,No,16,,,2,Yes,54.87
room,39720,4.59,Koshi,Morang,Biratnagar Metropolitan City,11,,Semi,No,10,Shared,No,,,40.89
room,14202,4.67,Bagmati,Kathmandu,Kathmandu Metropolitan City,11,,Fully,No,13,Single,No,,,87.07
office,33148,7.27,Bagmati,Chitwan,Bharatpur Metropolitan City,30,,Fully,No,16,,,7,No,72.78
home,15340392,5.95,Lumbini,Rupandehi,Butwal Sub-Metropolitan City,30,1,No,Yes,13,,,,,92.43
land,42385784,6.27,Bagmati,Lalitpur,Lalitpur Metropolitan City,3,,,,30,,,,,75.17
land,29984494,2.12,Gandaki,Kaski,Pokhara Metropolitan City,31,,,,10,,,,,46.15
office,131835,7.24,Bagmati,Bhaktapur,Bhaktapur Municipality,5,,Semi,Yes,16,,,5,Yes,96.87
land,48694178,3.53,Bagmati,Kathmandu,Kathmandu Metropolitan City,23,,,,20,,,,,67.2
office,93172,4.0,Gandaki,Kaski,Pokhara Metropolitan City,29,,Semi,Yes,10,,,1,Yes,80.86
home,5290672,5.86,Bagmati,Lalitpur,Lalitpur Metropolitan City,6,1,Semi,No,16,,,,,75.82
home,49594771,4.9,Bagmati,Chitwan,Bharatpur Metropolitan City,23,3,Fully,No,30,,,,,79.62
land,12930576,1.84,Koshi,Jhapa,Birtamode Municipality,6,,,,10,,,,,44.72
room,11261,5.51,Bagmati,Bhaktapur,Bhaktapur Municipality,11,,No,Yes,10,Shared,Yes,,,79.68
home,47557569,6.26,Bagmati,Lalitpur,Lalitpur Metropolitan City,9,1,No,Yes,30,,,,,100.0
home,10971866,2.31,Bagmati,Lalitpur,Lalitpur Metropolitan City,15,2,Semi,Yes,20,,,,,92.01
room,48680,4.53,Bagmati,Kathmandu,Kathmandu Metropolitan City,23,,Semi,Yes,30,Single,Yes,,,81.21
office,26826,4.58,Gandaki,Kaski,Pokhara Metropolitan City,1,,Fully,Yes,20,,,3,No,94.57
office,123045,1.64,Lumbini,Rupandehi,Butwal Sub-Metropolitan City,21,,Fully,Yes,10,,,8,No,43.66
home,9231758,8.84,Bagmati,Lalitpur,Lalitpur Metropolitan City,8,1,Semi,Yes,25,,,,,91.66
home,36107508,7.63,Koshi,Morang,Biratnagar Metropolitan City,30,5,Fully,Yes,13,,,,,89.94
office,67043,5.7,Koshi,Morang,Biratnagar Metropolitan City,25,,No,Yes,10,,,7,Yes,80.38
home,44424567,6.88,Bagmati,Bhaktapur,Bhaktapur Municipality,12,2,No,No,30,,,,,71.72
home,7314931,7.62,Koshi,Jhapa,Birtamode Municipality,24,5,No,No,10,,,,,63.12
home,5141749,2.28,Lumbini,Rupandehi,Butwal Sub-Metropolitan City,1,1,Semi,Yes,25,,,,,74.29
land,33884582,6.68,Sudurpashchim,Kailali,Dhangadhi Sub-Metropolitan City,29,,,,20,,,,,85.09
land,48754260,5.07,Lumbini,Rupandehi,Butwal Sub-Metropolitan City,25,,,,10,,,,,48.0
room,35117,3.38,Koshi,Jhapa,Birtamode Municipality,28,,Fully,Yes,13,Double,Yes,,,84.21
land,9117050,7.69,Koshi,Morang,Biratnagar Metropolitan City,21,,,,16,,,,,85.57
room,35050,9.52,Bagmati,Bhaktapur,Bhaktapur Municipality,10,,Fully,Yes,20,Single,No,,,66.56
office,82051,5.75,Lumbini,Rupandehi,Butwal Sub-Metropolitan City,23,,Fully,Yes,16,,,5,Yes,100.0
land,46305860,2.94,Koshi,Morang,Biratnagar Metropolitan City,12,,,,20,,,,,53.27
office,51596,1.72,Bagmati,Kathmandu,Kathmandu Metropolitan City,1,,No,Yes,25,,,2,Yes,93.82
room,27857,2.03,Bagmati,Chitwan,Bharatpur Metropolitan City,26,,Fully,No,16,Double,No,,,74.58
office,118294,2.83,Koshi,Morang,Biratnagar Metropolitan City,22,,No,Yes,16,,,2,No,67.51
land,35502399,5.35,Lumbini,Rupandehi,Butwal Sub-Metropolitan City,20,,,,13,,,,,66.09
room,39532,3.24,Bagmati,Chitwan,Bharatpur Metropolitan City,7,,Semi,Yes,16,Shared,Yes,,,82.43
home,40170201,1.89,Koshi,Morang,Biratnagar Metropolitan City,14,5,No,Yes,13,,,,,55.43
home,26750616,6.36,Gandaki,Kaski,Pokhara Metropolitan City,32,1,No,No,10,,,,,64.4
room,13643,3.48,Bagmati,Chitwan,Bharatpur Metropolitan City,20,,Fully,No,10,Single,No,,,69.99
room,47662,5.31,Bagmati,Chitwan,Bharatpur Metropolitan City,3,,No,No,10,Shared,Yes,,,63.36
office,66320,4.87,Koshi,Morang,Biratnagar Metropolitan City,13,,No,Yes,16,,,5,No,98.66
office,59458,1.54,Koshi,Morang,Biratnagar Metropolitan City,13,,Fully,Yes,20,,,5,Yes,78.05
office,116933,6.99,Bagmati,Kathmandu,Kathmandu Metropolitan City,3,,Semi,Yes,25,,,1,Yes,96.51
home,24034581,7.34,Bagmati,Bhaktapur,Bhaktapur Municipality,27,2,No,Yes,10,,,,,84.43
land,15770537,9.85,Bagmati,Bhaktapur,Bhaktapur Municipality,6,,,,25,,,,,83.17
room,15728,3.99,Bagmati,Chitwan,Bharatpur Metropolitan City,27,,Semi,No,20,Double,No,,,89.69
home,13989933,4.02,Koshi,Jhapa,Birtamode Municipality,5,1,Fully,No,30,,,,,87.24
room,35588,9.57,Bagmati,Kathmandu,Kathmandu Metropolitan City,8,,Semi,Yes,25,Double,No,,,67.21
office,123840,5.28,Bagmati,Kathmandu,Kathmandu Metropolitan City,23,,Fully,Yes,13,,,4,No,94.28
room,18685,3.34,Koshi,Morang,Biratnagar Metropolitan City,18,,Semi,No,25,Double,No,,,96.17
room,32293,5.21,Koshi,Morang,Biratnagar Metropolitan City,26,,Semi,Yes,30,Shared,No,,,52.09
land,3883453,8.94,Bagmati,Kathmandu,Kathmandu Metropolitan City,9,,,,25,,,,,87.87
land,6846807,6.35,Gandaki,Kaski,Pokhara Metropolitan City,17,,,,30,,,,,85.83
office,54519,7.33,Koshi,Morang,Biratnagar Metropolitan City,19,,Semi,No,10,,,4,Yes,70.87
home,10889887,8.74,Koshi,Jhapa,Birtamode Municipality,29,1,No,No,25,,,,,69.43
room,31903,2.98,Bagmati,Kathmandu,Kathmandu Metropolitan City,21,,Fully,Yes,20,Shared,No,,,68.85
room,40402,4.25,Gandaki,Kaski,Pokhara Metropolitan City,19,,Semi,No,25,Shared,Yes,,,73.37
home,17062268,5.02,Bagmati,Chitwan,Bharatpur Metropolitan City,31,1,No,No,10,,,,,71.88
room,32442,2.47,Sudurpashchim,Kailali,Dhangadhi Sub-Metropolitan City,5,,Fully,Yes,10,Shared,Yes,,,62.57
room,8007,3.23,Lumbini,Rupandehi,Butwal Sub-Metropolitan City,11,,Fully,No,30,Double,No,,,81.41
office,59119,2.18,Koshi,Morang,Biratnagar Metropolitan City,5,,Fully,No,20,,,3,Yes,78.64
land,15581952,9.8,Koshi,Jhapa,Birtamode Municipality,22,,,,10,,,,,68.14
home,13762785,1.14,Koshi,Jhapa,Birtamode Municipality,20,2,Semi,Yes,30,,,,,85.87
home,49094923,6.91,Sudurpashchim,Kailali,Dhangadhi Sub-Metropolitan City,10,4,No,No,25,,,,,84.52
room,12310,7.26,Bagmati,Lalitpur,Lalitpur Metropolitan City,2,,Semi,Yes,13,Shared,Yes,,,78.9
land,28589410,8.07,Bagmati,Bhaktapur,Bhaktapur Municipality,9,,,,13,,,,,72.1
office,85797,4.48,Lumbini,Rupandehi,Butwal Sub-Metropolitan City,14,,No,No,25,,,3,Yes,83.93
land,34559766,5.56,Sudurpashchim,Kailali,Dhangadhi Sub-Metropolitan City,27,,,,20,,,,,66.17
land,29976538,9.82,Lumbini,Rupandehi,Butwal Sub-Metropolitan City,21,,,,16,,,,,81.74
office,103475,8.28,Gandaki,Kaski,Pokhara Metropolitan City,5,,No,No,30,,,6,No,80.6
home,12995965,4.24,Bagmati,Lalitpur,Lalitpur Metropolitan City,27,2,Semi,No,13,,,,,88.87
home,17419734,3.69,Sudurpashchim,Kailali,Dhangadhi Sub-Metropolitan City,6,5,Semi,No,25,,,,,73.4
office,25328,3.34,Gandaki,Kaski,Pokhara Metropolitan City,5,,Fully,No,30,,,4,Yes,95.13
land,22428612,3.29,Lumbini,Rupandehi,Butwal Sub-Metropolitan City,25,,,,16,,,,,74.76
home,31627209,6.9,Lumbini,Rupandehi,Butwal Sub-Metropolitan City,23,5,Fully,No,25,,,,,87.04
home,11629004,7.95,Gandaki,Kaski,Pokhara Metropolitan City,10,1,Fully,Yes,13,,,,,97.74
land,24199082,6.14,Koshi,Morang,Biratnagar Metropolitan City,23,,,,30,,,,,84.81
land,14081313,6.97,Sudurpashchim,Kailali,Dhangadhi Sub-Metropolitan City,10,,,,25,,,,,90.6
office,116398,8.02,Bagmati,Kathmandu,Kathmandu Metropolitan City,2,,Fully,No,16,,,6,No,99.97
land,15036068,1.29,Bagmati,Bhaktapur,Bhaktapur Municipality,7,,,,20,,,,,63.78
room,14359,7.62,Bagmati,Kathmandu,Kathmandu Metropolitan City,4,,No,Yes,10,Double,Yes,,,80.48
office,143639,4.05,Sudurpashchim,Kailali,Dhangadhi Sub-Metropolitan City,7,,Fully,Yes,13,,,8,No,61.65
office,122615,1.4,Sudurpashchim,Kailali,Dhangadhi Sub-Metropolitan City,8,,Fully,No,16,,,5,Yes,66.54
room,23685,4.86,Sudurpashchim,Kailali,Dhangadhi Sub-Metropolitan City,16,,Semi,No,30,Shared,No,,,79.05
home,10221082,2.46,Lumbini,Rupandehi,Butwal Sub-Metropolitan City,32,5,No,Yes,16,,,,,94.17
land,36350227,2.36,Bagmati,Bhaktapur,Bhaktapur Municipality,22,,,,30,,,,,52.1
office,125958,6.18,Bagmati,Lalitpur,Lalitpur Metropolitan City,3,,Fully,No,16,,,7,No,94.07
home,43474066,6.17,Koshi,Jhapa,Birtamode Municipality,22,4,No,Yes,25,,,,,84.9
room,48946,5.3,Bagmati,Kathmandu,Kathmandu Metropolitan City,11,,Fully,No,13,Single,No,,,71.14
home,9529558,1.18,Gandaki,Kaski,Pokhara Metropolitan City,14,5,Semi,Yes,20,,,,,79.05
land,44426665,1.04,Bagmati,Bhaktapur,Bhaktapur Municipality,1,,,,13,,,,,54.68
office,114851,5.87,Lumbini,Rupandehi,Butwal Sub-Metropolitan City,3,,Semi,No,30,,,1,Yes,84.38
land,7191190,9.88,Bagmati,Lalitpur,Lalitpur Metropolitan City,9,,,,13,,,,,70.72
home,24861404,3.59,Gandaki,Kaski,Pokhara Metropolitan City,19,5,No,Yes,30,,,,,84.22
room,35442,6.31,Bagmati,Kathmandu,Kathmandu Metropolitan City,31,,Fully,No,20,Double,No,,,77.26
land,27374489,4.3,Koshi,Jhapa,Birtamode Municipality,16,,,,20,,,,,69.58
home,24712842,9.22,Koshi,Morang,Biratnagar Metropolitan City,20,4,No,No,16,,,,,80.65
land,34781740,1.93,Sudurpashchim,Kailali,Dhangadhi Sub-Metropolitan City,32,,,,13,,,,,60.04
office,69206,1.25,Bagmati,Bhaktapur,Bhaktapur Municipality,22,,Semi,Yes,30,,,1,No,55.14
land,45777652,9.15,Gandaki,Kaski,Pokhara Metropolitan City,20,,,,20,,,,,80.78
room,10154,9.04,Sudurpashchim,Kailali,Dhangadhi Sub-Metropolitan City,12,,Semi,Yes,13,Double,Yes,,,75.83
room,29565,8.69,Lumbini,Rupandehi,Butwal Sub-Metropolitan City,18,,No,No,25,Single,Yes,,,77.32
room,14077,9.66,Bagmati,Bhaktapur,Bhaktapur Municipality,26,,Semi,No,13,Single,Yes,,,92.47
office,117365,3.92,Lumbini,Rupandehi,Butwal Sub-Metropolitan City,9,,Fully,No,20,,,3,No,88.51
room,9789,7.53,Koshi,Jhapa,Birtamode Municipality,16,,Semi,Yes,30,Shared,No,,,68.42
room,32567,9.28,Gandaki,Kaski,Pokhara Metropolitan City,17,,Fully,No,20,Single,Yes,,,75.39
room,47749,4.96,Bagmati,Lalitpur,Lalitpur Metropolitan City,32,,Semi,Yes,25,Single,No,,,61.08
office,35869,2.83,Bagmati,Chitwan,Bharatpur Metropolitan City,12,,No,No,20,,,2,No,82.17
office,26537,8.73,Gandaki,Kaski,Pokhara Metropolitan City,16,,No,No,20,,,5,Yes,94.96
office,107338,1.5,Koshi,Morang,Biratnagar Metropolitan City,18,,Semi,No,13,,,7,Yes,65.93
home,45677834,1.66,Gandaki,Kaski,Pokhara Metropolitan City,28,2,No,Yes,30,,,,,71.68
land,15769319,6.17,Lumbini,Rupandehi,Butwal Sub-Metropolitan City,2,,,,10,,,,,81.92
home,42579253,1.87,Lumbini,Rupandehi,Butwal Sub-Metropolitan City,6,1,Fully,No,25,,,,,53.65
office,147680,8.38,Bagmati,Lalitpur,Lalitpur Metropolitan City,7,,Fully,No,10,,,5,Yes,83.62
land,44346777,1.8,Bagmati,Lalitpur,Lalitpur Metropolitan City,11,,,,25,,,,,75.79
home,10996233,8.19,Bagmati,Bhaktapur,Bhaktapur Municipality,25,3,Fully,Yes,30,,,,,99.02
office,42855,3.33,Gandaki,Kaski,Pokhara Metropolitan City,19,,Fully,No,30,,,2,Yes,84.73
room,44278,8.43,Koshi,Morang,Biratnagar Metropolitan City,17,,No,No,13,Shared,Yes,,,59.61
room,49201,9.18,Bagmati,Chitwan,Bharatpur Metropolitan City,9,,No,No,10,Single,No,,,47.03
land,47715099,1.5,Bagmati,Bhaktapur,Bhaktapur Municipality,26,,,,25,,,,,57.69
room,36475,6.36,Bagmati,Chitwan,Bharatpur Metropolitan City,23,,Fully,No,20,Single,Yes,,,86.87
room,17430,7.04,Koshi,Morang,Biratnagar Metropolitan City,25,,Fully,Yes,16,Shared,No,,,71.11
room,14363,4.51,Lumbini,Rupandehi,Butwal Sub-Metropolitan City,13,,No,Yes,20,Single,Yes,,,98.16
land,49461124,7.49,Bagmati,Lalitpur,Lalitpur Metropolitan City,10,,,,10,,,,,67.98
land,27352887,3.2,Gandaki,Kaski,Pokhara Metropolitan City,26,,,,20,,,,,70.11
room,22048,4.46,Bagmati,Lalitpur,Lalitpur Metropolitan City,6,,Semi,Yes,25,Single,Yes,,,100.0
home,16028115,3.37,Gandaki,Kaski,Pokhara Metropolitan City,2,5,No,No,30,,,,,80.78
office,95913,6.87,Bagmati,Lalitpur,Lalitpur Metropolitan City,7,,Fully,No,10,,,4,No,84.65
home,37776110,1.53,Koshi,Morang,Biratnagar Metropolitan City,31,1,Semi,No,10,,,,,38.88
land,33182549,8.29,Bagmati,Kathmandu,Kathmandu Metropolitan City,7,,,,20,,,,,85.65
land,49696292,4.69,Sudurpashchim,Kailali,Dhangadhi Sub-Metropolitan City,15,,,,16,,,,,64.87
office,84068,7.42,Gandaki,Kaski,Pokhara Metropolitan City,8,,Fully,No,30,,,5,Yes,91.12
office,94144,4.74,Bagmati,Chitwan,Bharatpur Metropolitan City,1,,Semi,Yes,20,,,6,No,81.04
office,134304,7.56,Bagmati,Bhaktapur,Bhaktapur Municipality,28,,Fully,No,10,,,7,No,48.6
room,29733,5.16,Bagmati,Chitwan,Bharatpur Metropolitan City,22,,Fully,No,20,Shared,Yes,,,84.4
office,44030,1.27,Bagmati,Lalitpur,Lalitpur Metropolitan City,3,,No,No,20,,,7,Yes,65.11
home,6658136,1.85,Sudurpashchim,Kailali,Dhangadhi Sub-Metropolitan City,13,3,Fully,Yes,30,,,,,100.0
room,17420,2.66,Sudurpashchim,Kailali,Dhangadhi Sub-Metropolitan City,28,,Semi,Yes,30,Double,No,,,78.17
land,27462507,2.88,Bagmati,Lalitpur,Lalitpur Metropolitan City,13,,,,13,,,,,55.07
room,47506,4.6,Koshi,Jhapa,Birtamode Municipality,15,,Semi,Yes,20,Shared,Yes,,,67.5
room,42417,7.33,Gandaki,Kaski,Pokhara Metropolitan City,25,,Fully,Yes,16,Shared,No,,,47.67
office,30950,7.04,Bagmati,Chitwan,Bharatpur Metropolitan City,28,,No,Yes,30,,,8,Yes,94.23
office,63712,4.36,Gandaki,Kaski,Pokhara Metropolitan City,1,,Fully,No,10,,,4,No,77.47
office,79439,1.62,Bagmati,Chitwan,Bharatpur Metropolitan City,18,,No,No,16,,,6,No,50.83
home,16703911,2.53,Bagmati,Lalitpur,Lalitpur Metropolitan City,23,5,Fully,No,16,,,,,77.04
land,7051801,3.63,Bagmati,Lalitpur,Lalitpur Metropolitan City,23,,,,20,,,,,89.3
room,9624,7.69,Sudurpashchim,Kailali,Dhangadhi Sub-Metropolitan City,31,,Semi,No,25,Double,Yes,,,88.38
home,14352226,5.67,Bagmati,Kathmandu,Kathmandu Metropolitan City,21,5,No,No,30,,,,,100.0
land,10099883,5.55,Gandaki,Kaski,Pokhara Metropolitan City,30,,,,25,,,,,71.1
room,15685,4.88,Bagmati,Bhaktapur,Bhaktapur Municipality,24,,Fully,No,30,Shared,Yes,,,77.1
land,24908672,6.34,Koshi,Jhapa,Birtamode Municipality,18,,,,13,,,,,80.93
room,28328,9.81,Sudurpashchim,Kailali,Dhangadhi Sub-Metropolitan City,16,,Fully,Yes,16,Double,Yes,,,78.33
home,11682833,3.99,Bagmati,Bhaktapur,Bhaktapur Municipality,23,2,Semi,No,13,,,,,83.89
home,21256923,4.31,Bagmati,Lalitpur,Lalitpur Metropolitan City,26,3,Semi,No,20,,,,,100.0
land,35841513,2.2,Sudurpashchim,Kailali,Dhangadhi Sub-Metropolitan City,5,,,,10,,,,,52.45
home,29027241,8.47,Bagmati,Chitwan,Bharatpur Metropolitan City,25,3,Fully,No,20,,,,,78.89
home,29895438,1.54,Koshi,Jhapa,Birtamode Municipality,9,2,Fully,No,25,,,,,74.72
room,8145,8.0,Sudurpashchim,Kailali,Dhangadhi Sub-Metropolitan City,7,,Semi,Yes,16,Single,No,,,85.31
land,37755894,3.55,Bagmati,Lalitpur,Lalitpur Metropolitan City,16,,,,13,,,,,63.15
land,30074389,5.63,Gandaki,Kaski,Pokhara Metropolitan City,8,,,,10,,,,,56.66
room,35956,6.37,Sudurpashchim,Kailali,Dhangadhi Sub-Metropolitan City,18,,Fully,No,20,Shared,Yes,,,73.03
room,9205,5.63,Bagmati,Kathmandu,Kathmandu Metropolitan City,31,,Semi,Yes,20,Single,No,,,94.21
office,64363,7.08,Bagmati,Kathmandu,Kathmandu Metropolitan City,8,,Semi,No,16,,,7,Yes,88.41
home,49705529,5.88,Sudurpashchim,Kailali,Dhangadhi Sub-Metropolitan City,8,5,No,Yes,10,,,,,64.9
home,46245893,4.19,Koshi,Morang,Biratnagar Metropolitan City,24,3,No,No,20,,,,,79.33
home,10393403,2.72,Bagmati,Chitwan,Bharatpur Metropolitan City,20,3,No,No,25,,,,,89.86
land,19986523,7.76,Bagmati,Chitwan,Bharatpur Metropolitan City,11,,,,10,,,,,73.14
office,94532,6.81,Koshi,Morang,Biratnagar Metropolitan City,30,,Fully,Yes,25,,,2,Yes,96.23
room,16110,9.36,Lumbini,Rupandehi,Butwal Sub-Metropolitan City,12,,Semi,Yes,20,Double,Yes,,,65.47
room,45460,4.92,Lumbini,Rupandehi,Butwal Sub-Metropolitan City,7,,Fully,Yes,20,Double,Yes,,,62.27
room,16457,5.68,Bagmati,Lalitpur,Lalitpur Metropolitan City,24,,No,No,30,Double,Yes,,,92.14
room,41604,3.08,Koshi,Jhapa,Birtamode Municipality,23,,Fully,No,20,Double,Yes,,,75.83
home,22720819,7.04,Gandaki,Kaski,Pokhara Metropolitan City,18,1,Fully,Yes,25,,,,,80.96
office,52484,3.11,Bagmati,Chitwan,Bharatpur Metropolitan City,23,,Semi,No,20,,,3,Yes,96.19
home,24571558,3.9,Koshi,Jhapa,Birtamode Municipality,23,4,Fully,No,13,,,,,80.82
home,14440873,2.6,Lumbini,Rupandehi,Butwal Sub-Metropolitan City,12,5,Fully,Yes,25,,,,,83.12
room,31520,3.91,Koshi,Jhapa,Birtamode Municipality,26,,Fully,No,20,Shared,No,,,68.3
room,23839,7.22,Sudurpashchim,Kailali,Dhangadhi Sub-Metropolitan City,19,,Fully,No,16,Single,No,,,69.18
home,5556063,5.46,Bagmati,Lalitpur,Lalitpur Metropolitan City,28,1,Semi,Yes,30,,,,,100.0
home,41119062,5.24,Koshi,Jhapa,Birtamode Municipality,19,4,Fully,No,20,,,,,80.46
land,28775285,9.09,Bagmati,Bhaktapur,Bhaktapur Municipality,13,,,,10,,,,,81.34
room,44300,7.76,Bagmati,Kathmandu,Kathmandu Metropolitan City,28,,Semi,No,10,Double,No,,,52.48
home,48739380,3.6,Bagmati,Kathmandu,Kathmandu Metropolitan City,3,4,Fully,Yes,25,,,,,91.75
office,71610,7.04,Bagmati,Lalitpur,Lalitpur Metropolitan City,18,,Fully,Yes,16,,,5,Yes,89.66
home,14552742,2.04,Sudurpashchim,Kailali,Dhangadhi Sub-Metropolitan City,11,1,No,No,20,,,,,86.06
home,27631763,3.72,Bagmati,Kathmandu,Kathmandu Metropolitan City,8,1,Semi,Yes,10,,,,,80.85
land,28211372,7.77,Gandaki,Kaski,Pokhara Metropolitan City,32,,,,20,,,,,94.3
home,14657022,2.41,Bagmati,Chitwan,Bharatpur Metropolitan City,11,3,Fully,Yes,13,,,,,80.95
office,43116,4.44,Bagmati,Chitwan,Bharatpur Metropolitan City,25,,No,Yes,13,,,7,Yes,97.52
room,30798,6.35,Bagmati,Kathmandu,Kathmandu Metropolitan City,17,,Semi,Yes,30,Single,No,,,86.4
home,5008172,4.8,Gandaki,Kaski,Pokhara Metropolitan City,17,3,Semi,No,25,,,,,94.96
office,91458,3.96,Sudurpashchim,Kailali,Dhangadhi Sub-Metropolitan City,8,,Semi,Yes,20,,,8,Yes,89.53
home,32372171,1.36,Bagmati,Lalitpur,Lalitpur Metropolitan City,6,5,Semi,Yes,25,,,,,65.41
land,11699557,2.58,Bagmati,Bhaktapur,Bhaktapur Municipality,24,,,,25,,,,,66.6
home,11494197,6.2,Bagmati,Bhaktapur,Bhaktapur Municipality,30,1,No,Yes,10,,,,,84.45
land,21125400,4.78,Gandaki,Kaski,Pokhara Metropolitan City,28,,,,20,,,,,76.11
office,42653,1.19,Gandaki,Kaski,Pokhara Metropolitan City,21,,Semi,Yes,16,,,5,No,66.34
land,5870145,1.8,Koshi,Morang,Biratnagar Metropolitan City,14,,,,20,,,,,61.02
office,63895,5.9,Koshi,Jhapa,Birtamode Municipality,13,,Fully,No,16,,,3,No,72.85
office,131534,2.79,Bagmati,Bhaktapur,Bhaktapur Municipality,26,,No,Yes,20,,,6,Yes,73.28
room,47871,1.42,Bagmati,Bhaktapur,Bhaktapur Municipality,12,,No,Yes,13,Single,No,,,60.27
home,44862625,7.96,Bagmati,Bhaktapur,Bhaktapur Municipality,13,5,No,Yes,25,,,,,80.36
home,22855707,3.03,Bagmati,Kathmandu,Kathmandu Metropolitan City,15,2,Semi,Yes,10,,,,,94.01
land,23708444,4.13,Bagmati,Chitwan,Bharatpur Metropolitan City,18,,,,16,,,,,74.07
land,35605063,2.41,Bagmati,Chitwan,Bharatpur Metropolitan City,27,,,,20,,,,,59.79
home,25383332,7.48,Bagmati,Chitwan,Bharatpur Metropolitan City,12,1,No,Yes,13,,,,,65.4
land,46160050,2.87,Koshi,Morang,Biratnagar Metropolitan City,31,,,,16,,,,,59.99
land,4104159,2.17,Koshi,Morang,Biratnagar Metropolitan City,20,,,,10,,,,,54.34
office,95395,1.8,Koshi,Morang,Biratnagar Metropolitan City,4,,No,Yes,20,,,3,Yes,82.29
land,43397057,6.57,Bagmati,Kathmandu,Kathmandu Metropolitan City,22,,,,30,,,,,61.35
room,41215,2.86,Bagmati,Lalitpur,Lalitpur Metropolitan City,20,,Fully,No,13,Double,Yes,,,65.86
home,32366383,8.01,Bagmati,Chitwan,Bharatpur Metropolitan City,9,4,No,Yes,30,,,,,95.66
room,28168,7.59,Bagmati,Bhaktapur,Bhaktapur Municipality,18,,Fully,Yes,16,Single,No,,,79.05
room,16205,2.42,Bagmati,Bhaktapur,Bhaktapur Municipality,20,,No,No,25,Double,No,,,82.79
home,34012106,8.05,Koshi,Morang,Biratnagar Metropolitan City,12,2,No,Yes,25,,,,,78.23
office,146260,1.4,Koshi,Morang,Biratnagar Metropolitan City,29,,No,No,16,,,8,Yes,65.69
home,35523625,4.05,Bagmati,Bhaktapur,Bhaktapur Municipality,12,4,No,No,13,,,,,87.1
land,12481344,1.49,Koshi,Morang,Biratnagar Metropolitan City,17,,,,13,,,,,50.54
office,23924,7.87,Sudurpashchim,Kailali,Dhangadhi Sub-Metropolitan City,1,,No,Yes,30,,,2,Yes,99.12
office,40957,8.24,Sudurpashchim,Kailali,Dhangadhi Sub-Metropolitan City,15,,Fully,No,16,,,2,Yes,88.85
home,30733017,4.39,Bagmati,Chitwan,Bharatpur Metropolitan City,16,3,No,No,30,,,,,92.82
