propertyType,price,area,province,district,municipality,wardNo,bhk,furnished,parking,roadAccess,roomType,wifi,floorNumber,meetingRoom,propertyAgeYears,popularityScore
land,12364231,1753.03,Bagmati,Lalitpur,Lalitpur Metropolitan City,18,0,,False,25,,False,0,False,0,64.75
land,9287781,836.67,Bagmati,Lalitpur,Lalitpur Metropolitan City,28,0,,False,10,,False,0,False,0,49.85
land,39570403,3778.88,Gandaki,Kaski,Pokhara Metropolitan City,13,0,,False,16,,False,0,False,0,58.95
office,20851,4104.32,Gandaki,Kaski,Pokhara Metropolitan City,18,0,fully-furnished,False,13,,False,5,True,13,64.52
land,27090698,2333.69,Koshi,Morang,Biratnagar Metropolitan City,6,0,,False,30,,False,0,False,0,55.89
room,43142,756.76,Koshi,Morang,Biratnagar Metropolitan City,3,0,semi-furnished,True,20,shared,False,5,False,6,46.39
land,8354748,4024.19,Bagmati,Lalitpur,Lalitpur Metropolitan City,15,0,,False,30,,False,0,False,0,73.97
land,45660060,1895.29,Gandaki,Kaski,Pokhara Metropolitan City,25,0,,False,30,,False,0,False,0,70.27
home,49974694,2292.14,Koshi,Morang,Biratnagar Metropolitan City,24,3,unfurnished,True,20,,False,2,False,34,52.29
home,47949656,2393.71,Gandaki,Kaski,Pokhara Metropolitan City,30,5,fully-furnished,False,30,,False,1,False,14,86.6
room,21826,340.97,Bagmati,Kathmandu,Kathmandu Metropolitan City,26,1,fully-furnished,False,16,2bhk,False,2,False,8,48.03
home,33751707,3937.46,Bagmati,Bhaktapur,Bhaktapur Municipality,17,5,semi-furnished,False,10,,False,2,False,32,53.49
land,13257007,4402.74,Lumbini,Rupandehi,Butwal Sub-Metropolitan City,4,0,,False,25,,False,0,False,0,55.64
office,98104,2108.41,Bagmati,Bhaktapur,Bhaktapur Municipality,5,0,semi-furnished,False,20,,False,1,True,34,29.75
room,18365,364.15,Bagmati,Chitwan,Bharatpur Metropolitan City,8,2,fully-furnished,False,20,double,True,3,False,26,31.71
home,15841372,2370.44,Sudurpashchim,Kailali,Dhangadhi Sub-Metropolitan City,10,5,unfurnished,True,20,,False,3,False,31,52.53
land,23636923,4478.5,Bagmati,Kathmandu,Kathmandu Metropolitan City,24,0,,False,10,,False,0,False,0,42.39
home,37614267,1159.74,Bagmati,Kathmandu,Kathmandu Metropolitan City,6,1,unfurnished,True,10,,False,4,False,35,56.57
room,43343,967.93,Bagmati,Bhaktapur,Bhaktapur Municipality,28,1,unfurnished,False,16,2bhk,False,4,False,28,30.29
office,28392,1465.16,Sudurpashchim,Kailali,Dhangadhi Sub-Metropolitan City,8,0,semi-furnished,True,20,,False,4,True,0,43.18
land,5108087,989.82,Bagmati,Lalitpur,Lalitpur Metropolitan City,15,0,,False,30,,False,0,False,0,75.02
land,35575615,1897.45,Koshi,Morang,Biratnagar Metropolitan City,16,0,,False,10,,False,0,False,0,45.61
home,36740676,1820.59,Sudurpashchim,Kailali,Dhangadhi Sub-Metropolitan City,31,4,fully-furnished,True,0,,False,4,False,22,57.91
office,27100,4360.03,Koshi,Jhapa,Birtamode Municipality,30,0,unfurnished,True,0,,False,7,False,6,15.29
home,14407474,3052.4,Gandaki,Kaski,Pokhara Metropolitan City,13,4,fully-furnished,False,16,,False,2,False,4,71.08
land,39278242,3504.22,Lumbini,Rupandehi,Butwal Sub-Metropolitan City,4,0,,False,30,,False,0,False,0,59.4
land,35590824,1415.14,Bagmati,Kathmandu,Kathmandu Metropolitan City,16,0,,False,16,,False,0,False,0,48.24
office,20282,1073.79,Gandaki,Kaski,Pokhara Metropolitan City,4,0,semi-furnished,False,30,,False,8,False,27,50.68
office,48534,1192.52,Sudurpashchim,Kailali,Dhangadhi Sub-Metropolitan City,10,0,fully-furnished,True,25,,False,6,True,3,54.83
home,10376189,4835.27,Lumbini,Rupandehi,Butwal Sub-Metropolitan City,4,2,fully-furnished,True,25,,False,2,False,25,63.22
home,33133707,3401.4,Bagmati,Lalitpur,Lalitpur Metropolitan City,3,5,unfurnished,False,13,,False,2,False,20,55.49
room,27660,217.79,Gandaki,Kaski,Pokhara Metropolitan City,26,2,semi-furnished,True,0,studio,True,1,False,17,49.64
room,12508,939.93,Gandaki,Kaski,Pokhara Metropolitan City,9,1,semi-furnished,False,10,studio,False,5,False,25,38.35
land,9951572,4706.55,Sudurpashchim,Kailali,Dhangadhi Sub-Metropolitan City,20,0,,False,10,,False,0,False,0,30.75
land,13431932,3892.39,Bagmati,Chitwan,Bharatpur Metropolitan City,7,0,,False,13,,False,0,False,0,53.8
home,47562988,1655.11,Bagmati,Chitwan,Bharatpur Metropolitan City,22,3,unfurnished,False,13,,False,1,False,5,48.5
room,16573,103.19,Koshi,Jhapa,Birtamode Municipality,3,1,fully-furnished,False,20,2bhk,False,5,False,0,33.62
land,27777665,3046.04,Bagmati,Lalitpur,Lalitpur Metropolitan City,10,0,,False,20,,False,0,False,0,39.71
home,25686867,1335.27,Sudurpashchim,Kailali,Dhangadhi Sub-Metropolitan City,28,3,fully-furnished,False,10,,False,2,False,6,52.62
office,51029,4651.09,Koshi,Morang,Biratnagar Metropolitan City,10,0,fully-furnished,True,16,,False,1,True,21,50.43
home,12254174,1468.63,Koshi,Jhapa,Birtamode Municipality,18,4,fully-furnished,False,10,,False,2,False,29,64.27
room,20656,300.63,Koshi,Morang,Biratnagar Metropolitan City,15,2,semi-furnished,False,0,shared,False,5,False,12,29.61
room,25118,203.81,Sudurpashchim,Kailali,Dhangadhi Sub-Metropolitan City,2,1,unfurnished,False,0,single,False,3,False,23,11.45
office,95574,2110.42,Koshi,Morang,Biratnagar Metropolitan City,8,0,fully-furnished,False,0,,False,7,True,33,32.35
home,49576236,2611.45,Sudurpashchim,Kailali,Dhangadhi Sub-Metropolitan City,24,3,unfurnished,False,25,,False,1,False,19,42.41
room,27376,393.56,Sudurpashchim,Kailali,Dhangadhi Sub-Metropolitan City,27,1,fully-furnished,False,16,2bhk,True,5,False,18,34.29
office,47549,1728.21,Bagmati,Chitwan,Bharatpur Metropolitan City,1,0,semi-furnished,False,16,,False,8,False,13,37.22
office,57196,3396.6,Sudurpashchim,Kailali,Dhangadhi Sub-Metropolitan City,11,0,unfurnished,False,0,,False,4,False,14,35.57
home,36885860,994.1,Gandaki,Kaski,Pokhara Metropolitan City,2,5,fully-furnished,False,16,,False,2,False,24,75.02
office,110128,993.59,Lumbini,Rupandehi,Butwal Sub-Metropolitan City,16,0,fully-furnished,True,30,,False,7,True,11,48.15
office,140254,2919.81,Sudurpashchim,Kailali,Dhangadhi Sub-Metropolitan City,4,0,fully-furnished,False,10,,False,8,False,28,37.46
office,117472,4516.88,Sudurpashchim,Kailali,Dhangadhi Sub-Metropolitan City,29,0,semi-furnished,False,13,,False,4,False,33,28.93
home,24174891,2647.46,Lumbini,Rupandehi,Butwal Sub-Metropolitan City,18,2,semi-furnished,False,13,,False,1,False,8,53.37
home,19358134,3714.59,Bagmati,Bhaktapur,Bhaktapur Municipality,25,1,semi-furnished,False,13,,False,4,False,26,57.31
home,44196905,2435.8,Bagmati,Kathmandu,Kathmandu Metropolitan City,27,1,unfurnished,False,16,,False,1,False,22,64.54
office,116289,2829.64,Bagmati,Chitwan,Bharatpur Metropolitan City,27,0,unfurnished,True,16,,False,4,False,27,47.78
land,48576440,2145.36,Lumbini,Rupandehi,Butwal Sub-Metropolitan City,25,0,,False,30,,False,0,False,0,52.89
home,46758957,4662.07,Koshi,Jhapa,Birtamode Municipality,30,5,fully-furnished,False,20,,False,1,False,5,68.3
home,22458794,1563.26,Koshi,Jhapa,Birtamode Municipality,30,4,semi-furnished,True,16,,False,3,False,21,65.06
room,13367,327.04,Koshi,Jhapa,Birtamode Municipality,27,2,fully-furnished,True,13,double,True,1,False,24,48.52
home,46697130,4324.76,Bagmati,Kathmandu,Kathmandu Metropolitan City,13,2,fully-furnished,True,16,,False,1,False,36,60.45
office,41992,3904.42,Gandaki,Kaski,Pokhara Metropolitan City,17,0,unfurnished,True,30,,False,3,False,6,55.31
room,20997,456.99,Bagmati,Kathmandu,Kathmandu Metropolitan City,25,0,unfurnished,True,0,2bhk,False,5,False,25,19.22
land,47393945,2990.8,Bagmati,Lalitpur,Lalitpur Metropolitan City,23,0,,False,13,,False,0,False,0,42.92
room,40125,864.62,Bagmati,Lalitpur,Lalitpur Metropolitan City,1,0,semi-furnished,False,16,2bhk,True,4,False,5,60.97
room,46828,518.39,Sudurpashchim,Kailali,Dhangadhi Sub-Metropolitan City,31,1,semi-furnished,True,0,shared,False,2,False,24,40.79
office,131536,434.89,Lumbini,Rupandehi,Butwal Sub-Metropolitan City,22,0,semi-furnished,True,16,,False,4,False,16,44.83
room,41857,600.21,Koshi,Morang,Biratnagar Metropolitan City,18,1,fully-furnished,True,16,studio,True,4,False,20,59.62
office,49045,737.35,Lumbini,Rupandehi,Butwal Sub-Metropolitan City,2,0,semi-furnished,True,13,,False,6,False,35,40.81
room,44070,996.97,Sudurpashchim,Kailali,Dhangadhi Sub-Metropolitan City,28,1,semi-furnished,False,13,shared,False,2,False,3,38.65
room,20133,768.59,Gandaki,Kaski,Pokhara Metropolitan City,8,1,fully-furnished,False,13,2bhk,False,1,False,26,48.26
room,27809,424.79,Gandaki,Kaski,Pokhara Metropolitan City,15,0,unfurnished,True,13,single,True,5,False,9,55.44
office,95243,4401.78,Bagmati,Bhaktapur,Bhaktapur Municipality,7,0,semi-furnished,False,16,,False,8,False,11,42.21
room,12282,202.68,Bagmati,Kathmandu,Kathmandu Metropolitan City,31,2,semi-furnished,True,20,2bhk,True,2,False,4,66.07
land,30928965,1209.34,Bagmati,Chitwan,Bharatpur Metropolitan City,16,0,,False,20,,False,0,False,0,31.15
office,58974,4569.97,Gandaki,Kaski,Pokhara Metropolitan City,29,0,unfurnished,False,13,,False,1,True,13,49.43
room,19391,241.35,Gandaki,Kaski,Pokhara Metropolitan City,6,0,fully-furnished,True,16,studio,False,3,False,1,51.48
room,37755,732.69,Gandaki,Kaski,Pokhara Metropolitan City,19,0,unfurnished,True,13,2bhk,True,4,False,3,47.38
home,14545315,4615.33,Sudurpashchim,Kailali,Dhangadhi Sub-Metropolitan City,10,1,fully-furnished,True,30,,False,3,False,38,60.67
office,59857,2502.88,Bagmati,Chitwan,Bharatpur Metropolitan City,8,0,unfurnished,False,13,,False,8,False,5,20.76
office,23390,3137.45,Bagmati,Kathmandu,Kathmandu Metropolitan City,21,0,fully-furnished,True,25,,False,1,False,36,53.46
home,34677512,2979.65,Bagmati,Kathmandu,Kathmandu Metropolitan City,31,3,fully-furnished,False,25,,False,4,False,5,85.11
room,14855,399.98,Lumbini,Rupandehi,Butwal Sub-Metropolitan City,27,1,semi-furnished,False,16,shared,False,5,False,1,57.06
land,10779366,1785.32,Lumbini,Rupandehi,Butwal Sub-Metropolitan City,21,0,,False,30,,False,0,False,0,54.61
land,15588451,2476.96,Koshi,Jhapa,Birtamode Municipality,30,0,,False,20,,False,0,False,0,42.26
office,46680,3871.96,Koshi,Morang,Biratnagar Metropolitan City,29,0,semi-furnished,True,13,,False,8,False,7,37.59
home,5917677,2105.15,Bagmati,Kathmandu,Kathmandu Metropolitan City,11,5,semi-furnished,True,10,,False,1,False,29,72.34
home,24586497,4717.14,Bagmati,Lalitpur,Lalitpur Metropolitan City,32,5,unfurnished,False,16,,False,4,False,30,61.04
office,140831,2102.85,Gandaki,Kaski,Pokhara Metropolitan City,10,0,unfurnished,True,30,,False,2,False,26,48.3
room,27566,354.56,Koshi,Morang,Biratnagar Metropolitan City,1,2,fully-furnished,False,20,studio,False,3,False,17,50.82
office,133980,4684.41,Sudurpashchim,Kailali,Dhangadhi Sub-Metropolitan City,30,0,fully-furnished,True,20,,False,7,True,26,45.93
room,32984,734.71,Bagmati,Kathmandu,Kathmandu Metropolitan City,31,2,unfurnished,True,16,single,True,5,False,30,56.0
land,33663924,1128.76,Koshi,Morang,Biratnagar Metropolitan City,29,0,,False,0,,False,0,False,0,36.07
office,122436,651.69,Bagmati,Bhaktapur,Bhaktapur Municipality,10,0,semi-furnished,False,20,,False,7,True,21,43.49
office,136318,3245.96,Sudurpashchim,Kailali,Dhangadhi Sub-Metropolitan City,21,0,semi-furnished,True,20,,False,2,True,40,38.82
home,11606406,2622.68,Bagmati,Chitwan,Bharatpur Metropolitan City,6,1,semi-furnished,True,25,,False,3,False,1,57.97
room,32565,364.03,Bagmati,Kathmandu,Kathmandu Metropolitan City,4,2,fully-furnished,True,20,studio,True,2,False,5,67.68
office,96435,2639.04,Bagmati,Lalitpur,Lalitpur Metropolitan City,16,0,fully-furnished,True,16,,False,5,False,16,58.43
office,40706,3484.77,Bagmati,Kathmandu,Kathmandu Metropolitan City,19,0,fully-furnished,False,13,,False,5,False,16,51.4
room,39667,999.44,Lumbini,Rupandehi,Butwal Sub-Metropolitan City,13,0,fully-furnished,False,20,shared,False,3,False,0,56.4
room,11214,609.34,Koshi,Jhapa,Birtamode Municipality,1,2,semi-furnished,True,20,shared,True,2,False,19,33.52
home,48375184,4594.3,Bagmati,Chitwan,Bharatpur Metropolitan City,7,1,semi-furnished,False,0,,False,3,False,8,45.72
room,19510,772.73,Bagmati,Lalitpur,Lalitpur Metropolitan City,21,1,fully-furnished,False,20,1bhk,False,2,False,8,54.74
room,38692,823.81,Lumbini,Rupandehi,Butwal Sub-Metropolitan City,22,0,fully-furnished,True,16,1bhk,False,1,False,25,38.94
land,33520173,3007.26,Koshi,Jhapa,Birtamode Municipality,17,0,,False,13,,False,0,False,0,44.22
office,50647,809.23,Bagmati,Chitwan,Bharatpur Metropolitan City,24,0,semi-furnished,True,20,,False,6,True,4,58.12
room,10971,205.01,Lumbini,Rupandehi,Butwal Sub-Metropolitan City,27,0,semi-furnished,False,0,single,True,5,False,4,43.3
office,117404,3451.29,Koshi,Jhapa,Birtamode Municipality,24,0,unfurnished,False,20,,False,3,False,6,44.5
office,68566,453.77,Lumbini,Rupandehi,Butwal Sub-Metropolitan City,18,0,fully-furnished,False,16,,False,4,False,6,53.83
room,20439,458.33,Koshi,Morang,Biratnagar Metropolitan City,4,0,semi-furnished,True,10,2bhk,True,1,False,25,33.96
home,18771113,4105.31,Koshi,Morang,Biratnagar Metropolitan City,9,1,unfurnished,True,20,,False,2,False,14,37.84
home,14709845,1964.55,Koshi,Morang,Biratnagar Metropolitan City,1,2,unfurnished,False,30,,False,2,False,7,64.41
home,20967319,2304.62,Bagmati,Kathmandu,Kathmandu Metropolitan City,1,5,semi-furnished,True,10,,False,3,False,3,77.49
office,82422,3804.63,Bagmati,Bhaktapur,Bhaktapur Municipality,8,0,semi-furnished,False,20,,False,2,False,32,64.55
land,5090484,2669.58,Gandaki,Kaski,Pokhara Metropolitan City,20,0,,False,0,,False,0,False,0,41.62
office,84260,3524.66,Lumbini,Rupandehi,Butwal Sub-Metropolitan City,28,0,unfurnished,False,0,,False,2,False,38,27.66
land,45485059,1882.57,Bagmati,Bhaktapur,Bhaktapur Municipality,9,0,,False,20,,False,0,False,0,56.06
room,42770,995.16,Sudurpashchim,Kailali,Dhangadhi Sub-Metropolitan City,25,1,semi-furnished,False,0,2bhk,True,5,False,23,20.4
office,74239,4474.03,Gandaki,Kaski,Pokhara Metropolitan City,29,0,semi-furnished,False,16,,False,7,True,20,53.91
room,18003,436.87,Koshi,Jhapa,Birtamode Municipality,17,2,fully-furnished,True,0,single,False,1,False,23,39.83
home,42687426,3263.15,Koshi,Morang,Biratnagar Metropolitan City,4,5,semi-furnished,True,16,,False,3,False,27,70.43
room,45874,416.48,Bagmati,Kathmandu,Kathmandu Metropolitan City,20,1,fully-furnished,False,10,single,False,5,False,11,40.93
room,44763,826.5,Bagmati,Lalitpur,Lalitpur Metropolitan City,15,0,unfurnished,False,0,double,False,3,False,29,41.5
room,17388,263.27,Koshi,Morang,Biratnagar Metropolitan City,1,2,fully-furnished,True,0,single,True,4,False,13,26.11
room,29258,433.05,Lumbini,Rupandehi,Butwal Sub-Metropolitan City,11,0,fully-furnished,True,10,1bhk,True,1,False,8,52.97
office,74287,3153.26,Lumbini,Rupandehi,Butwal Sub-Metropolitan City,32,0,semi-furnished,True,30,,False,2,False,27,70.82
room,28212,574.24,Bagmati,Lalitpur,Lalitpur Metropolitan City,32,0,fully-furnished,False,20,single,True,2,False,9,48.49
home,13052013,2015.68,Gandaki,Kaski,Pokhara Metropolitan City,17,1,semi-furnished,False,10,,False,2,False,24,48.97
home,7838856,1102.72,Sudurpashchim,Kailali,Dhangadhi Sub-Metropolitan City,23,4,fully-furnished,False,0,,False,3,False,36,50.88
office,73088,1660.72,Koshi,Jhapa,Birtamode Municipality,27,0,fully-furnished,False,10,,False,8,False,5,40.17
land,29873732,2573.41,Koshi,Jhapa,Birtamode Municipality,16,0,,False,20,,False,0,False,0,36.34
office,49041,3805.28,Bagmati,Lalitpur,Lalitpur Metropolitan City,20,0,semi-furnished,True,0,,False,2,True,22,42.27
home,22177736,1231.78,Koshi,Morang,Biratnagar Metropolitan City,16,2,fully-furnished,True,30,,False,1,False,11,65.99
office,135611,3501.33,Lumbini,Rupandehi,Butwal Sub-Metropolitan City,29,0,unfurnished,False,30,,False,6,True,28,48.97
office,124376,3267.51,Bagmati,Lalitpur,Lalitpur Metropolitan City,29,0,semi-furnished,True,13,,False,2,False,29,38.13
land,22265413,2285.57,Lumbini,Rupandehi,Butwal Sub-Metropolitan City,4,0,,False,0,,False,0,False,0,56.13
office,145073,3027.55,Bagmati,Lalitpur,Lalitpur Metropolitan City,30,0,unfurnished,True,16,,False,4,False,38,35.34
home,28047718,2692.2,Lumbini,Rupandehi,Butwal Sub-Metropolitan City,4,1,unfurnished,True,0,,False,2,False,28,39.99
home,23984666,2365.98,Lumbini,Rupandehi,Butwal Sub-Metropolitan City,24,4,semi-furnished,False,25,,False,1,False,40,68.31
land,48525267,1106.38,Koshi,Morang,Biratnagar Metropolitan City,22,0,,False,16,,False,0,False,0,40.5
room,46190,400.03,Bagmati,Chitwan,Bharatpur Metropolitan City,10,1,semi-furnished,False,16,double,True,3,False,17,44.33
room,42497,703.1,Koshi,Jhapa,Birtamode Municipality,9,0,unfurnished,False,20,shared,True,3,False,9,52.84
home,37633089,4780.21,Bagmati,Bhaktapur,Bhaktapur Municipality,22,2,fully-furnished,True,10,,False,1,False,18,47.2
land,44475389,4468.49,Bagmati,Lalitpur,Lalitpur Metropolitan City,22,0,,False,10,,False,0,False,0,51.62
home,46925623,1559.55,Koshi,Jhapa,Birtamode Municipality,11,2,unfurnished,False,0,,False,4,False,23,43.64
office,122734,3836.24,Gandaki,Kaski,Pokhara Metropolitan City,19,0,semi-furnished,True,20,,False,4,False,30,55.32
room,26466,515.51,Gandaki,Kaski,Pokhara Metropolitan City,29,2,unfurnished,False,10,double,True,3,False,1,37.92
room,41810,740.26,Lumbini,Rupandehi,Butwal Sub-Metropolitan City,7,0,semi-furnished,True,10,shared,False,5,False,4,33.8
land,26460257,4211.82,Koshi,Jhapa,Birtamode Municipality,15,0,,False,0,,False,0,False,0,41.45
land,18822798,2858.63,Koshi,Jhapa,Birtamode Municipality,26,0,,False,16,,False,0,False,0,49.46
room,14493,125.37,Bagmati,Lalitpur,Lalitpur Metropolitan City,15,1,fully-furnished,True,0,shared,False,2,False,24,27.15
office,22490,4557.53,Lumbini,Rupandehi,Butwal Sub-Metropolitan City,1,0,semi-furnished,True,30,,False,3,False,7,59.33
home,21001404,1311.76,Bagmati,Chitwan,Bharatpur Metropolitan City,20,4,unfurnished,False,0,,False,1,False,31,38.64
land,22546932,3789.74,Sudurpashchim,Kailali,Dhangadhi Sub-Metropolitan City,16,0,,False,16,,False,0,False,0,47.21
room,20275,613.6,Bagmati,Kathmandu,Kathmandu Metropolitan City,16,0,unfurnished,False,0,1bhk,True,4,False,27,34.07
land,20022180,4918.47,Lumbini,Rupandehi,Butwal Sub-Metropolitan City,25,0,,False,25,,False,0,False,0,47.24
room,49173,410.32,Bagmati,Kathmandu,Kathmandu Metropolitan City,5,0,unfurnished,False,10,single,False,5,False,10,53.63
office,126364,3269.16,Bagmati,Bhaktapur,Bhaktapur Municipality,31,0,fully-furnished,True,25,,False,8,True,18,61.72
land,24179276,4508.9,Gandaki,Kaski,Pokhara Metropolitan City,13,0,,False,13,,False,0,False,0,39.93
office,118735,1490.57,Sudurpashchim,Kailali,Dhangadhi Sub-Metropolitan City,31,0,unfurnished,True,13,,False,6,True,21,43.14
land,29845006,2578.89,Bagmati,Chitwan,Bharatpur Metropolitan City,24,0,,False,25,,False,0,False,0,47.2
office,85038,4876.5,Lumbini,Rupandehi,Butwal Sub-Metropolitan City,22,0,unfurnished,False,13,,False,5,True,27,41.79
office,62101,2863.73,Bagmati,Lalitpur,Lalitpur Metropolitan City,12,0,fully-furnished,True,13,,False,5,False,28,59.98
home,7842406,2276.5,Koshi,Jhapa,Birtamode Municipality,29,3,unfurnished,False,13,,False,1,False,4,47.05
room,17357,957.51,Koshi,Jhapa,Birtamode Municipality,11,2,fully-furnished,True,0,double,False,3,False,12,51.33
home,29965395,4785.06,Bagmati,Kathmandu,Kathmandu Metropolitan City,29,4,fully-furnished,True,20,,False,3,False,25,78.22
room,9698,964.47,Koshi,Morang,Biratnagar Metropolitan City,16,1,semi-furnished,False,20,single,False,3,False,22,48.78
home,37963887,3714.72,Lumbini,Rupandehi,Butwal Sub-Metropolitan City,19,2,fully-furnished,True,30,,False,1,False,28,85.67
office,146820,4109.41,Bagmati,Bhaktapur,Bhaktapur Municipality,6,0,semi-furnished,False,25,,False,2,False,19,47.63
home,13144496,2936.77,Bagmati,Bhaktapur,Bhaktapur Municipality,24,2,fully-furnished,True,30,,False,4,False,1,76.17
room,44152,823.3,Koshi,Morang,Biratnagar Metropolitan City,30,1,unfurnished,True,0,shared,False,4,False,16,24.4
office,61553,889.04,Koshi,Jhapa,Birtamode Municipality,5,0,unfurnished,True,16,,False,8,False,8,31.41
home,8718693,2617.0,Sudurpashchim,Kailali,Dhangadhi Sub-Metropolitan City,9,1,unfurnished,True,13,,False,2,False,10,49.57
home,39822641,4779.43,Koshi,Morang,Biratnagar Metropolitan City,23,3,fully-furnished,False,10,,False,3,False,8,66.43
land,41966527,3244.78,Bagmati,Chitwan,Bharatpur Metropolitan City,11,0,,False,10,,False,0,False,0,49.28
room,9859,842.71,Bagmati,Bhaktapur,Bhaktapur Municipality,3,0,fully-furnished,False,10,1bhk,False,5,False,20,48.05
office,59596,3316.96,Bagmati,Kathmandu,Kathmandu Metropolitan City,19,0,semi-furnished,True,30,,False,7,False,29,53.33
land,35497543,2590.3,Bagmati,Lalitpur,Lalitpur Metropolitan City,11,0,,False,16,,False,0,False,0,68.06
room,28926,381.32,Gandaki,Kaski,Pokhara Metropolitan City,10,1,semi-furnished,True,13,1bhk,True,3,False,7,48.2
land,12454138,2633.26,Lumbini,Rupandehi,Butwal Sub-Metropolitan City,18,0,,False,0,,False,0,False,0,65.3
room,35402,877.75,Bagmati,Kathmandu,Kathmandu Metropolitan City,25,1,fully-furnished,False,20,2bhk,False,2,False,24,60.44
office,60441,2644.17,Bagmati,Bhaktapur,Bhaktapur Municipality,30,0,semi-furnished,True,0,,False,7,False,15,29.24
room,40433,145.49,Gandaki,Kaski,Pokhara Metropolitan City,4,2,semi-furnished,True,0,studio,True,3,False,23,19.37
office,26705,512.64,Koshi,Morang,Biratnagar Metropolitan City,24,0,unfurnished,True,13,,False,5,True,24,39.83
office,101689,4178.96,Sudurpashchim,Kailali,Dhangadhi Sub-Metropolitan City,18,0,unfurnished,True,10,,False,2,False,23,29.77
room,41365,279.15,Koshi,Morang,Biratnagar Metropolitan City,10,2,unfurnished,True,0,single,True,3,False,25,33.47
office,87568,3149.42,Lumbini,Rupandehi,Butwal Sub-Metropolitan City,10,0,fully-furnished,False,20,,False,6,True,25,53.51
room,27647,737.87,Bagmati,Chitwan,Bharatpur Metropolitan City,32,2,fully-furnished,False,13,2bhk,True,4,False,18,49.55
land,46995965,1841.78,Bagmati,Chitwan,Bharatpur Metropolitan City,31,0,,False,30,,False,0,False,0,52.33
land,45213169,1433.2,Gandaki,Kaski,Pokhara Metropolitan City,31,0,,False,25,,False,0,False,0,47.73
home,12374963,932.6,Koshi,Jhapa,Birtamode Municipality,16,2,fully-furnished,False,13,,False,4,False,9,57.97
home,46035597,2907.64,Koshi,Jhapa,Birtamode Municipality,27,4,unfurnished,True,25,,False,2,False,33,65.84
room,28562,572.93,Gandaki,Kaski,Pokhara Metropolitan City,31,1,semi-furnished,False,20,shared,False,5,False,15,48.33
home,20090571,3143.96,Gandaki,Kaski,Pokhara Metropolitan City,18,3,semi-furnished,True,25,,False,4,False,20,58.95
room,45583,359.01,Lumbini,Rupandehi,Butwal Sub-Metropolitan City,18,2,semi-furnished,False,10,shared,True,3,False,30,38.7
room,39396,690.37,Bagmati,Lalitpur,Lalitpur Metropolitan City,29,1,fully-furnished,False,20,2bhk,False,2,False,3,64.34
home,40637591,3613.3,Gandaki,Kaski,Pokhara Metropolitan City,4,2,unfurnished,True,0,,False,1,False,26,38.53
office,38018,3501.6,Koshi,Morang,Biratnagar Metropolitan City,7,0,fully-furnished,True,16,,False,8,False,12,48.15
room,13862,681.31,Bagmati,Chitwan,Bharatpur Metropolitan City,19,1,unfurnished,True,10,studio,True,1,False,26,35.16
office,146108,4702.06,Koshi,Jhapa,Birtamode Municipality,12,0,semi-furnished,True,0,,False,5,True,21,23.75
office,37589,4479.52,Bagmati,Chitwan,Bharatpur Metropolitan City,32,0,unfurnished,False,13,,False,4,True,21,39.37
office,21846,3677.41,Bagmati,Bhaktapur,Bhaktapur Municipality,17,0,unfurnished,False,30,,False,5,True,11,55.56
office,107720,707.67,Koshi,Jhapa,Birtamode Municipality,21,0,fully-furnished,True,10,,False,8,False,15,51.69
room,25497,311.97,Bagmati,Kathmandu,Kathmandu Metropolitan City,25,1,semi-furnished,True,13,2bhk,False,2,False,1,60.25
office,109925,1050.67,Bagmati,Lalitpur,Lalitpur Metropolitan City,20,0,unfurnished,False,25,,False,2,False,23,36.68
home,35533101,2808.36,Gandaki,Kaski,Pokhara Metropolitan City,9,5,semi-furnished,False,25,,False,4,False,34,60.32
home,40445098,3007.13,Gandaki,Kaski,Pokhara Metropolitan City,6,3,fully-furnished,True,0,,False,2,False,36,62.08
home,39919529,2178.09,Sudurpashchim,Kailali,Dhangadhi Sub-Metropolitan City,11,4,fully-furnished,True,25,,False,4,False,5,82.2
office,87272,2431.13,Sudurpashchim,Kailali,Dhangadhi Sub-Metropolitan City,4,0,semi-furnished,False,20,,False,1,False,19,45.01
office,117754,4137.33,Bagmati,Kathmandu,Kathmandu Metropolitan City,17,0,fully-furnished,True,0,,False,7,False,4,84.28
land,34680162,4940.39,Sudurpashchim,Kailali,Dhangadhi Sub-Metropolitan City,5,0,,False,0,,False,0,False,0,40.73
office,120378,3914.17,Bagmati,Chitwan,Bharatpur Metropolitan City,12,0,unfurnished,False,13,,False,7,False,24,40.86
land,26338442,3510.2,Koshi,Jhapa,Birtamode Municipality,9,0,,False,0,,False,0,False,0,46.0
office,49188,3720.93,Bagmati,Bhaktapur,Bhaktapur Municipality,9,0,fully-furnished,True,13,,False,8,False,34,47.42
home,15410019,2734.63,Koshi,Jhapa,Birtamode Municipality,16,3,fully-furnished,True,0,,False,4,False,39,47.2
home,44858917,1082.62,Bagmati,Kathmandu,Kathmandu Metropolitan City,14,1,semi-furnished,True,10,,False,1,False,25,65.87
home,8787895,3968.42,Lumbini,Rupandehi,Butwal Sub-Metropolitan City,14,2,unfurnished,False,10,,False,3,False,36,36.87
home,49306105,4480.28,Koshi,Morang,Biratnagar Metropolitan City,20,5,fully-furnished,False,13,,False,3,False,3,70.4
home,8146338,3134.57,Sudurpashchim,Kailali,Dhangadhi Sub-Metropolitan City,28,3,unfurnished,False,30,,False,3,False,26,50.95
home,41099754,2381.13,Koshi,Jhapa,Birtamode Municipality,20,4,fully-furnished,True,13,,False,2,False,29,63.43
office,37575,2919.25,Bagmati,Kathmandu,Kathmandu Metropolitan City,27,0,semi-furnished,True,13,,False,4,False,5,75.87
room,20483,582.07,Lumbini,Rupandehi,Butwal Sub-Metropolitan City,6,0,semi-furnished,False,20,1bhk,True,1,False,6,31.28
home,27344856,1677.33,Sudurpashchim,Kailali,Dhangadhi Sub-Metropolitan City,31,3,fully-furnished,True,10,,False,1,False,30,63.15
home,42049414,4643.53,Gandaki,Kaski,Pokhara Metropolitan City,26,3,semi-furnished,False,16,,False,3,False,19,47.62
room,38768,519.4,Bagmati,Chitwan,Bharatpur Metropolitan City,32,1,fully-furnished,False,13,studio,True,5,False,27,38.63
home,44193717,1895.25,Gandaki,Kaski,Pokhara Metropolitan City,2,5,unfurnished,False,13,,False,2,False,12,74.39
home,21490662,3193.12,Koshi,Morang,Biratnagar Metropolitan City,25,4,unfurnished,False,13,,False,4,False,31,50.96
home,41678103,1510.92,Lumbini,Rupandehi,Butwal Sub-Metropolitan City,23,4,fully-furnished,True,20,,False,1,False,4,70.02
land,45325671,1291.21,Bagmati,Kathmandu,Kathmandu Metropolitan City,27,0,,False,10,,False,0,False,0,48.72
home,35602290,1718.62,Bagmati,Lalitpur,Lalitpur Metropolitan City,1,3,fully-furnished,False,25,,False,4,False,1,89.77
office,114659,378.61,Bagmati,Kathmandu,Kathmandu Metropolitan City,1,0,semi-furnished,False,0,,False,7,True,6,34.96
home,40329863,1606.11,Bagmati,Lalitpur,Lalitpur Metropolitan City,16,3,semi-furnished,False,30,,False,4,False,5,81.0
office,149791,2955.51,Koshi,Morang,Biratnagar Metropolitan City,30,0,unfurnished,True,13,,False,2,True,5,48.66
office,27355,2897.7,Koshi,Jhapa,Birtamode Municipality,25,0,unfurnished,True,25,,False,3,True,31,36.05
room,10788,905.31,Koshi,Jhapa,Birtamode Municipality,7,1,fully-furnished,False,13,single,True,3,False,28,60.49
land,24104710,4693.7,Sudurpashchim,Kailali,Dhangadhi Sub-Metropolitan City,12,0,,False,0,,False,0,False,0,41.13
home,25084132,4701.27,Gandaki,Kaski,Pokhara Metropolitan City,26,2,unfurnished,True,20,,False,4,False,34,37.79
office,110349,4015.34,Koshi,Morang,Biratnagar Metropolitan City,9,0,unfurnished,True,20,,False,6,True,6,49.03
home,46195798,2230.49,Koshi,Jhapa,Birtamode Municipality,5,5,semi-furnished,False,0,,False,3,False,28,44.86
home,30194479,3122.76,Lumbini,Rupandehi,Butwal Sub-Metropolitan City,23,4,fully-furnished,False,0,,False,3,False,15,67.33
land,45540368,1363.15,Bagmati,Lalitpur,Lalitpur Metropolitan City,18,0,,False,10,,False,0,False,0,46.24
room,8340,195.9,Koshi,Jhapa,Birtamode Municipality,24,1,semi-furnished,False,13,single,True,1,False,5,29.69
office,31746,785.48,Koshi,Jhapa,Birtamode Municipality,27,0,semi-furnished,True,20,,False,6,False,0,54.4
office,115006,3962.09,Bagmati,Chitwan,Bharatpur Metropolitan City,25,0,unfurnished,True,20,,False,3,False,10,54.23
room,17563,341.57,Bagmati,Bhaktapur,Bhaktapur Municipality,20,0,fully-furnished,False,13,studio,False,4,False,25,26.75
room,48962,949.8,Bagmati,Lalitpur,Lalitpur Metropolitan City,17,2,unfurnished,True,16,single,True,3,False,0,57.23
room,29596,823.67,Koshi,Jhapa,Birtamode Municipality,25,2,semi-furnished,False,20,double,False,3,False,19,39.26
office,72198,1134.9,Gandaki,Kaski,Pokhara Metropolitan City,21,0,semi-furnished,False,25,,False,8,True,20,45.66
room,44952,428.51,Koshi,Jhapa,Birtamode Municipality,26,1,unfurnished,True,20,single,False,2,False,14,53.43
land,12340152,3593.8,Bagmati,Chitwan,Bharatpur Metropolitan City,27,0,,False,25,,False,0,False,0,57.08
home,33395636,3566.38,Bagmati,Chitwan,Bharatpur Metropolitan City,17,4,fully-furnished,False,20,,False,4,False,37,52.29
office,67124,4016.39,Koshi,Jhapa,Birtamode Municipality,3,0,unfurnished,True,0,,False,4,False,10,39.2
office,76420,4838.87,Bagmati,Kathmandu,Kathmandu Metropolitan City,22,0,fully-furnished,True,0,,False,5,True,32,63.07
home,36075645,2371.3,Sudurpashchim,Kailali,Dhangadhi Sub-Metropolitan City,29,5,unfurnished,True,13,,False,1,False,30,62.01
room,13626,928.49,Bagmati,Lalitpur,Lalitpur Metropolitan City,27,0,unfurnished,True,13,shared,False,4,False,25,25.39
office,77431,2537.96,Gandaki,Kaski,Pokhara Metropolitan City,23,0,unfurnished,False,13,,False,2,False,2,44.1
land,48442051,3486.27,Bagmati,Lalitpur,Lalitpur Metropolitan City,22,0,,False,30,,False,0,False,0,73.62
home,27212339,3118.02,Bagmati,Bhaktapur,Bhaktapur Municipality,12,5,semi-furnished,False,10,,False,4,False,40,50.6
home,46212018,2461.45,Bagmati,Bhaktapur,Bhaktapur Municipality,28,2,semi-furnished,False,16,,False,1,False,13,64.98
room,43185,619.61,Gandaki,Kaski,Pokhara Metropolitan City,5,1,semi-furnished,False,10,studio,True,3,False,21,51.21
room,46469,650.18,Lumbini,Rupandehi,Butwal Sub-Metropolitan City,25,0,semi-furnished,False,16,1bhk,True,3,False,29,32.69
home,25493705,1295.02,Bagmati,Lalitpur,Lalitpur Metropolitan City,21,1,fully-furnished,False,25,,False,2,False,32,67.0
office,75448,3001.59,Koshi,Jhapa,Birtamode Municipality,9,0,fully-furnished,False,25,,False,3,True,31,21.3
home,35266162,2121.24,Bagmati,Chitwan,Bharatpur Metropolitan City,12,5,fully-furnished,False,0,,False,4,False,8,56.24
office,84451,2222.93,Gandaki,Kaski,Pokhara Metropolitan City,32,0,semi-furnished,False,16,,False,3,True,36,44.61
home,20088986,937.32,Bagmati,Kathmandu,Kathmandu Metropolitan City,19,5,semi-furnished,True,30,,False,4,False,36,66.2
land,39447238,1851.92,Lumbini,Rupandehi,Butwal Sub-Metropolitan City,8,0,,False,30,,False,0,False,0,74.65
land,31531648,3049.32,Koshi,Morang,Biratnagar Metropolitan City,29,0,,False,0,,False,0,False,0,28.03
room,30844,504.76,Gandaki,Kaski,Pokhara Metropolitan City,3,0,semi-furnished,True,10,double,False,5,False,20,35.3
home,18887690,4096.37,Koshi,Jhapa,Birtamode Municipality,9,1,unfurnished,False,20,,False,3,False,38,44.82
home,24638382,4911.8,Sudurpashchim,Kailali,Dhangadhi Sub-Metropolitan City,21,3,unfurnished,False,30,,False,1,False,8,71.7
land,11515320,4428.3,Koshi,Jhapa,Birtamode Municipality,18,0,,False,25,,False,0,False,0,36.86
home,21613117,3787.86,Bagmati,Bhaktapur,Bhaktapur Municipality,10,4,semi-furnished,True,20,,False,3,False,40,72.91
office,124149,654.93,Koshi,Jhapa,Birtamode Municipality,29,0,fully-furnished,False,20,,False,5,False,29,43.47
room,14104,882.02,Lumbini,Rupandehi,Butwal Sub-Metropolitan City,1,2,unfurnished,False,0,1bhk,False,2,False,30,18.83
home,24031609,1927.85,Koshi,Jhapa,Birtamode Municipality,32,3,unfurnished,True,20,,False,4,False,21,61.08
land,33842010,3392.57,Bagmati,Kathmandu,Kathmandu Metropolitan City,7,0,,False,0,,False,0,False,0,48.72
home,33709125,2717.38,Bagmati,Lalitpur,Lalitpur Metropolitan City,29,2,unfurnished,True,25,,False,3,False,10,64.0
land,27954012,1776.67,Bagmati,Chitwan,Bharatpur Metropolitan City,24,0,,False,25,,False,0,False,0,57.19
land,49938715,3390.1,Bagmati,Bhaktapur,Bhaktapur Municipality,26,0,,False,30,,False,0,False,0,56.96
office,20142,3607.38,Gandaki,Kaski,Pokhara Metropolitan City,6,0,fully-furnished,False,0,,False,3,True,33,40.9
land,11092911,3691.07,Lumbini,Rupandehi,Butwal Sub-Metropolitan City,1,0,,False,30,,False,0,False,0,62.67
home,30707387,1097.48,Koshi,Jhapa,Birtamode Municipality,31,1,unfurnished,True,0,,False,3,False,23,56.17
home,13935292,4048.53,Bagmati,Chitwan,Bharatpur Metropolitan City,25,2,fully-furnished,True,20,,False,2,False,28,51.7
home,46344161,4663.56,Koshi,Morang,Biratnagar Metropolitan City,10,4,fully-furnished,True,0,,False,2,False,7,81.82
room,17163,383.05,Koshi,Jhapa,Birtamode Municipality,28,1,semi-furnished,True,10,1bhk,False,1,False,27,12.14
home,24833491,3940.94,Bagmati,Chitwan,Bharatpur Metropolitan City,13,1,fully-furnished,False,16,,False,1,False,15,57.58
land,24238120,4943.59,Lumbini,Rupandehi,Butwal Sub-Metropolitan City,1,0,,False,10,,False,0,False,0,50.42
office,42645,2867.87,Koshi,Jhapa,Birtamode Municipality,24,0,semi-furnished,True,0,,False,2,True,16,39.35
land,29707651,4779.32,Gandaki,Kaski,Pokhara Metropolitan City,4,0,,False,20,,False,0,False,0,48.84
office,30803,3598.51,Bagmati,Chitwan,Bharatpur Metropolitan City,28,0,unfurnished,True,13,,False,2,False,5,41.38
home,31221547,3052.84,Sudurpashchim,Kailali,Dhangadhi Sub-Metropolitan City,10,5,unfurnished,True,13,,False,4,False,15,53.22
home,12783727,4683.44,Bagmati,Kathmandu,Kathmandu Metropolitan City,6,4,unfurnished,True,13,,False,2,False,7,61.01
home,28266987,1488.1,Bagmati,Kathmandu,Kathmandu Metropolitan City,1,5,unfurnished,False,10,,False,3,False,8,75.32
land,31811484,2140.55,Bagmati,Chitwan,Bharatpur Metropolitan City,2,0,,False,13,,False,0,False,0,52.75
land,41698438,3762.99,Sudurpashchim,Kailali,Dhangadhi Sub-Metropolitan City,17,0,,False,25,,False,0,False,0,44.7
office,27266,2700.67,Bagmati,Lalitpur,Lalitpur Metropolitan City,30,0,semi-furnished,True,13,,False,3,False,6,61.31
home,5824638,984.96,Bagmati,Lalitpur,Lalitpur Metropolitan City,1,2,fully-furnished,False,13,,False,4,False,9,71.25
land,19660660,1665.42,Bagmati,Bhaktapur,Bhaktapur Municipality,27,0,,False,16,,False,0,False,0,60.67
room,15825,614.38,Koshi,Morang,Biratnagar Metropolitan City,5,0,fully-furnished,True,20,single,False,1,False,28,48.63
room,44247,394.57,Lumbini,Rupandehi,Butwal Sub-Metropolitan City,20,2,fully-furnished,False,10,shared,False,5,False,7,39.35
room,20807,998.01,Lumbini,Rupandehi,Butwal Sub-Metropolitan City,32,1,fully-furnished,True,16,single,True,5,False,11,50.64
room,32659,783.04,Bagmati,Kathmandu,Kathmandu Metropolitan City,1,1,fully-furnished,True,20,double,False,4,False,30,62.35
home,20533861,1190.71,Bagmati,Kathmandu,Kathmandu Metropolitan City,18,5,semi-furnished,False,16,,False,1,False,37,70.43
home,43105804,1114.29,Bagmati,Lalitpur,Lalitpur Metropolitan City,26,1,semi-furnished,True,10,,False,3,False,16,61.83
office,55645,1794.87,Koshi,Morang,Biratnagar Metropolitan City,21,0,fully-furnished,True,10,,False,3,True,9,56.05
home,32280595,2757.43,Bagmati,Lalitpur,Lalitpur Metropolitan City,29,1,unfurnished,False,30,,False,2,False,28,71.83
office,31851,4306.67,Bagmati,Chitwan,Bharatpur Metropolitan City,17,0,fully-furnished,False,30,,False,1,True,20,49.25
land,29591515,4864.12,Bagmati,Bhaktapur,Bhaktapur Municipality,16,0,,False,20,,False,0,False,0,57.46
room,19394,838.08,Bagmati,Kathmandu,Kathmandu Metropolitan City,17,0,semi-furnished,False,20,2bhk,True,1,False,14,49.91
home,19917504,850.22,Bagmati,Lalitpur,Lalitpur Metropolitan City,8,2,fully-furnished,False,13,,False,1,False,37,57.73
land,16270800,4987.79,Bagmati,Chitwan,Bharatpur Metropolitan City,2,0,,False,25,,False,0,False,0,62.03
home,27249936,4601.33,Lumbini,Rupandehi,Butwal Sub-Metropolitan City,6,1,fully-furnished,False,0,,False,2,False,36,52.7
office,109550,438.57,Koshi,Jhapa,Birtamode Municipality,32,0,semi-furnished,True,13,,False,4,True,17,49.38
office,101156,462.85,Bagmati,Chitwan,Bharatpur Metropolitan City,10,0,unfurnished,True,25,,False,5,False,26,52.43
office,70202,712.29,Sudurpashchim,Kailali,Dhangadhi Sub-Metropolitan City,4,0,fully-furnished,False,10,,False,4,True,24,42.28
office,94141,1916.96,Koshi,Morang,Biratnagar Metropolitan City,32,0,unfurnished,False,16,,False,5,True,1,54.48
home,23853072,4562.21,Koshi,Morang,Biratnagar Metropolitan City,2,1,semi-furnished,False,30,,False,2,False,10,60.54
home,8751966,1919.41,Bagmati,Lalitpur,Lalitpur Metropolitan City,16,2,unfurnished,False,13,,False,2,False,11,60.95
room,9848,922.58,Gandaki,Kaski,Pokhara Metropolitan City,23,1,unfurnished,True,20,double,False,5,False,9,46.67
office,50490,724.21,Bagmati,Bhaktapur,Bhaktapur Municipality,3,0,unfurnished,True,0,,False,8,True,21,32.89
home,26715677,3811.14,Gandaki,Kaski,Pokhara Metropolitan City,22,1,fully-furnished,True,20,,False,2,False,7,78.09
room,33925,436.23,Sudurpashchim,Kailali,Dhangadhi Sub-Metropolitan City,5,0,semi-furnished,False,13,double,True,4,False,25,24.74
room,44829,736.46,Lumbini,Rupandehi,Butwal Sub-Metropolitan City,12,1,fully-furnished,True,16,shared,False,2,False,5,75.32
office,61709,1155.78,Bagmati,Kathmandu,Kathmandu Metropolitan City,3,0,unfurnished,True,25,,False,2,False,9,49.18
land,24442535,2191.28,Koshi,Morang,Biratnagar Metropolitan City,16,0,,False,10,,False,0,False,0,36.28
room,21741,110.26,Bagmati,Lalitpur,Lalitpur Metropolitan City,29,1,unfurnished,True,13,shared,True,1,False,1,42.65
office,135939,4854.78,Koshi,Jhapa,Birtamode Municipality,27,0,semi-furnished,False,16,,False,6,False,6,47.99
home,7242294,2695.41,Lumbini,Rupandehi,Butwal Sub-Metropolitan City,11,3,fully-furnished,False,13,,False,1,False,4,72.92
home,10033327,1475.8,Koshi,Morang,Biratnagar Metropolitan City,25,5,fully-furnished,False,20,,False,4,False,1,84.24
home,11795296,1459.84,Koshi,Jhapa,Birtamode Municipality,28,3,fully-furnished,True,16,,False,3,False,18,65.51
home,43370822,1008.47,Bagmati,Chitwan,Bharatpur Metropolitan City,7,5,semi-furnished,True,0,,False,3,False,0,60.14
land,44949143,4242.76,Koshi,Jhapa,Birtamode Municipality,19,0,,False,20,,False,0,False,0,49.01
home,16464354,908.09,Lumbini,Rupandehi,Butwal Sub-Metropolitan City,7,3,fully-furnished,False,30,,False,1,False,19,66.24
office,54734,4505.92,Koshi,Jhapa,Birtamode Municipality,32,0,fully-furnished,False,10,,False,6,False,23,43.94
office,80956,1537.49,Bagmati,Bhaktapur,Bhaktapur Municipality,3,0,semi-furnished,True,30,,False,5,True,9,61.77
land,30782173,4175.17,Bagmati,Lalitpur,Lalitpur Metropolitan City,23,0,,False,30,,False,0,False,0,54.17
land,31093922,4219.14,Gandaki,Kaski,Pokhara Metropolitan City,25,0,,False,20,,False,0,False,0,52.06
home,31494872,2055.18,Lumbini,Rupandehi,Butwal Sub-Metropolitan City,31,1,unfurnished,True,0,,False,4,False,11,52.73
home,33412208,1329.98,Bagmati,Bhaktapur,Bhaktapur Municipality,13,1,unfurnished,False,10,,False,2,False,38,41.43
room,44461,178.32,Bagmati,Chitwan,Bharatpur Metropolitan City,5,2,unfurnished,False,13,1bhk,False,1,False,25,15.38
office,39424,2247.88,Sudurpashchim,Kailali,Dhangadhi Sub-Metropolitan City,8,0,unfurnished,True,0,,False,2,False,34,26.67
office,83646,2100.3,Koshi,Morang,Biratnagar Metropolitan City,17,0,unfurnished,False,0,,False,3,False,25,30.59
office,135206,2160.23,Bagmati,Bhaktapur,Bhaktapur Municipality,3,0,semi-furnished,True,0,,False,8,False,23,30.73
room,40218,379.85,Bagmati,Kathmandu,Kathmandu Metropolitan City,20,0,fully-furnished,True,13,2bhk,False,3,False,8,49.47
land,30324740,2599.38,Koshi,Jhapa,Birtamode Municipality,13,0,,False,25,,False,0,False,0,54.66
room,18418,563.74,Lumbini,Rupandehi,Butwal Sub-Metropolitan City,4,0,semi-furnished,False,10,1bhk,True,2,False,6,30.22
land,6392975,842.21,Gandaki,Kaski,Pokhara Metropolitan City,16,0,,False,13,,False,0,False,0,39.31
room,41103,841.16,Gandaki,Kaski,Pokhara Metropolitan City,24,2,unfurnished,True,0,double,False,4,False,19,31.46
home,28471989,3264.9,Lumbini,Rupandehi,Butwal Sub-Metropolitan City,31,3,fully-furnished,False,25,,False,1,False,18,66.83
office,95007,1065.66,Bagmati,Kathmandu,Kathmandu Metropolitan City,4,0,fully-furnished,True,25,,False,4,True,17,70.72
land,11879448,2738.62,Koshi,Jhapa,Birtamode Municipality,1,0,,False,25,,False,0,False,0,64.33
land,23499053,1785.28,Bagmati,Bhaktapur,Bhaktapur Municipality,15,0,,False,25,,False,0,False,0,66.22
office,80161,4302.46,Bagmati,Chitwan,Bharatpur Metropolitan City,25,0,semi-furnished,True,16,,False,5,False,37,37.11
land,42847400,3114.27,Bagmati,Lalitpur,Lalitpur Metropolitan City,24,0,,False,20,,False,0,False,0,56.99
room,30038,533.56,Bagmati,Chitwan,Bharatpur Metropolitan City,7,1,unfurnished,False,13,shared,False,2,False,4,31.0
home,45267553,4182.81,Sudurpashchim,Kailali,Dhangadhi Sub-Metropolitan City,4,4,unfurnished,False,25,,False,2,False,1,64.51
room,34515,916.22,Lumbini,Rupandehi,Butwal Sub-Metropolitan City,17,2,unfurnished,True,20,2bhk,True,3,False,23,45.61
office,130810,2684.38,Gandaki,Kaski,Pokhara Metropolitan City,23,0,fully-furnished,True,13,,False,2,False,8,61.52
home,19915180,3548.63,Bagmati,Chitwan,Bharatpur Metropolitan City,22,3,fully-furnished,False,16,,False,3,False,23,55.07
room,38837,866.09,Bagmati,Chitwan,Bharatpur Metropolitan City,30,0,unfurnished,True,16,double,True,4,False,16,47.18
office,39762,4392.99,Bagmati,Chitwan,Bharatpur Metropolitan City,4,0,fully-furnished,True,13,,False,7,False,9,60.48
home,47347892,2847.84,Koshi,Morang,Biratnagar Metropolitan City,6,2,semi-furnished,True,0,,False,4,False,17,50.46
home,10908354,2856.22,Gandaki,Kaski,Pokhara Metropolitan City,11,2,unfurnished,False,25,,False,4,False,25,62.15
office,89963,321.94,Koshi,Jhapa,Birtamode Municipality,25,0,fully-furnished,False,0,,False,6,True,1,45.62
home,28108922,3712.8,Bagmati,Kathmandu,Kathmandu Metropolitan City,15,3,fully-furnished,True,16,,False,3,False,10,73.14
land,33596696,4778.39,Bagmati,Lalitpur,Lalitpur Metropolitan City,20,0,,False,25,,False,0,False,0,59.99
room,16768,899.18,Sudurpashchim,Kailali,Dhangadhi Sub-Metropolitan City,28,1,semi-furnished,False,10,double,False,1,False,7,37.7
home,44573616,3883.12,Gandaki,Kaski,Pokhara Metropolitan City,14,5,fully-furnished,True,13,,False,1,False,24,70.73
land,46860180,3546.47,Bagmati,Chitwan,Bharatpur Metropolitan City,4,0,,False,30,,False,0,False,0,50.99
land,28518398,2492.13,Bagmati,Kathmandu,Kathmandu Metropolitan City,8,0,,False,0,,False,0,False,0,48.12
room,21467,731.68,Sudurpashchim,Kailali,Dhangadhi Sub-Metropolitan City,31,0,semi-furnished,False,0,2bhk,False,5,False,19,29.18
office,100962,2704.45,Bagmati,Bhaktapur,Bhaktapur Municipality,7,0,fully-furnished,False,0,,False,2,False,12,57.35
room,34853,422.13,Gandaki,Kaski,Pokhara Metropolitan City,13,1,fully-furnished,True,20,studio,True,4,False,10,67.46
land,10410893,3588.02,Gandaki,Kaski,Pokhara Metropolitan City,1,0,,False,30,,False,0,False,0,78.93
home,10036400,4074.01,Lumbini,Rupandehi,Butwal Sub-Metropolitan City,6,1,semi-furnished,True,16,,False,3,False,16,50.81
land,5647076,4196.67,Lumbini,Rupandehi,Butwal Sub-Metropolitan City,7,0,,False,30,,False,0,False,0,63.15
room,15595,483.4,Bagmati,Chitwan,Bharatpur Metropolitan City,21,0,fully-furnished,True,10,2bhk,True,3,False,11,48.83
room,30460,435.36,Lumbini,Rupandehi,Butwal Sub-Metropolitan City,6,1,fully-furnished,False,16,studio,False,4,False,22,62.46
office,111248,831.37,Lumbini,Rupandehi,Butwal Sub-Metropolitan City,11,0,unfurnished,True,30,,False,3,True,26,45.41
office,122126,3173.22,Lumbini,Rupandehi,Butwal Sub-Metropolitan City,12,0,semi-furnished,True,30,,False,3,False,31,44.54
office,54290,516.07,Bagmati,Lalitpur,Lalitpur Metropolitan City,29,0,unfurnished,False,0,,False,4,False,33,22.83
land,19681719,3545.37,Sudurpashchim,Kailali,Dhangadhi Sub-Metropolitan City,28,0,,False,16,,False,0,False,0,26.74
office,93183,4243.46,Koshi,Morang,Biratnagar Metropolitan City,10,0,unfurnished,True,0,,False,3,False,31,23.04
land,25205976,2078.73,Bagmati,Bhaktapur,Bhaktapur Municipality,32,0,,False,13,,False,0,False,0,45.06
home,20770583,2493.76,Bagmati,Kathmandu,Kathmandu Metropolitan City,25,1,semi-furnished,False,30,,False,4,False,5,76.69
office,85191,857.92,Lumbini,Rupandehi,Butwal Sub-Metropolitan City,21,0,unfurnished,True,0,,False,7,False,2,40.6
land,44544826,4104.67,Sudurpashchim,Kailali,Dhangadhi Sub-Metropolitan City,6,0,,False,25,,False,0,False,0,66.86
home,29383500,4791.49,Bagmati,Chitwan,Bharatpur Metropolitan City,30,1,fully-furnished,False,13,,False,4,False,23,63.36
land,17881196,3965.08,Lumbini,Rupandehi,Butwal Sub-Metropolitan City,7,0,,False,0,,False,0,False,0,35.27
room,32503,592.92,Koshi,Morang,Biratnagar Metropolitan City,19,0,fully-furnished,True,16,double,False,1,False,8,41.13
home,31366837,4706.91,Gandaki,Kaski,Pokhara Metropolitan City,8,2,semi-furnished,True,25,,False,3,False,6,77.0
land,33232851,4020.22,Koshi,Jhapa,Birtamode Municipality,8,0,,False,16,,False,0,False,0,34.54
home,8259585,818.22,Sudurpashchim,Kailali,Dhangadhi Sub-Metropolitan City,32,5,semi-furnished,False,20,,False,2,False,37,72.73
home,45301961,2427.1,Bagmati,Bhaktapur,Bhaktapur Municipality,7,5,semi-furnished,False,16,,False,2,False,17,77.46
room,16740,507.56,Koshi,Jhapa,Birtamode Municipality,19,1,semi-furnished,False,20,shared,True,2,False,6,41.64
room,19653,983.2,Bagmati,Chitwan,Bharatpur Metropolitan City,9,1,unfurnished,True,13,1bhk,False,5,False,18,22.56
room,42257,827.47,Koshi,Jhapa,Birtamode Municipality,28,0,fully-furnished,False,10,single,True,2,False,8,58.31
room,12065,231.79,Bagmati,Bhaktapur,Bhaktapur Municipality,17,1,fully-furnished,True,13,studio,True,5,False,27,37.7
home,24303103,1797.9,Sudurpashchim,Kailali,Dhangadhi Sub-Metropolitan City,25,1,semi-furnished,False,16,,False,3,False,35,59.46
land,32733511,1573.28,Bagmati,Kathmandu,Kathmandu Metropolitan City,17,0,,False,30,,False,0,False,0,52.33
room,20681,798.53,Gandaki,Kaski,Pokhara Metropolitan City,13,1,semi-furnished,True,0,double,True,5,False,3,42.34
land,20732819,1900.18,Koshi,Jhapa,Birtamode Municipality,28,0,,False,10,,False,0,False,0,44.9
room,18145,397.51,Bagmati,Bhaktapur,Bhaktapur Municipality,1,0,fully-furnished,False,20,single,False,4,False,25,43.02
room,28831,805.63,Sudurpashchim,Kailali,Dhangadhi Sub-Metropolitan City,5,1,fully-furnished,True,20,double,False,5,False,17,43.58
land,17317931,1651.15,Koshi,Jhapa,Birtamode Municipality,23,0,,False,25,,False,0,False,0,58.57
room,48519,364.22,Koshi,Morang,Biratnagar Metropolitan City,24,2,unfurnished,True,0,2bhk,False,4,False,7,23.77
land,10608402,2339.9,Gandaki,Kaski,Pokhara Metropolitan City,21,0,,False,16,,False,0,False,0,52.44
room,32573,920.2,Bagmati,Chitwan,Bharatpur Metropolitan City,2,2,semi-furnished,True,13,2bhk,True,3,False,16,51.13
land,39102879,4878.0,Bagmati,Lalitpur,Lalitpur Metropolitan City,11,0,,False,20,,False,0,False,0,59.72
land,17305940,3582.44,Bagmati,Kathmandu,Kathmandu Metropolitan City,14,0,,False,30,,False,0,False,0,69.65
land,32208311,3012.34,Koshi,Jhapa,Birtamode Municipality,14,0,,False,25,,False,0,False,0,42.33
home,27261042,2728.75,Bagmati,Lalitpur,Lalitpur Metropolitan City,2,1,fully-furnished,True,0,,False,2,False,16,46.15
land,30355772,4617.24,Sudurpashchim,Kailali,Dhangadhi Sub-Metropolitan City,15,0,,False,16,,False,0,False,0,55.81
office,71052,1787.1,Lumbini,Rupandehi,Butwal Sub-Metropolitan City,28,0,unfurnished,True,20,,False,1,True,37,45.64
land,10122635,4690.61,Bagmati,Kathmandu,Kathmandu Metropolitan City,23,0,,False,13,,False,0,False,0,45.33
land,32371949,3990.68,Bagmati,Chitwan,Bharatpur Metropolitan City,19,0,,False,16,,False,0,False,0,62.68
land,17754939,1372.19,Koshi,Jhapa,Birtamode Municipality,31,0,,False,10,,False,0,False,0,46.08
room,32453,368.25,Koshi,Jhapa,Birtamode Municipality,10,0,unfurnished,True,0,single,True,5,False,19,33.39
land,26075493,1603.23,Koshi,Jhapa,Birtamode Municipality,20,0,,False,10,,False,0,False,0,45.94
home,46398446,1572.77,Koshi,Jhapa,Birtamode Municipality,11,3,fully-furnished,True,10,,False,1,False,35,75.32
land,19823361,3588.25,Lumbini,Rupandehi,Butwal Sub-Metropolitan City,19,0,,False,0,,False,0,False,0,56.2
office,107988,1978.55,Gandaki,Kaski,Pokhara Metropolitan City,22,0,unfurnished,True,0,,False,5,True,12,39.65
office,106431,1843.23,Koshi,Morang,Biratnagar Metropolitan City,29,0,semi-furnished,True,20,,False,6,False,27,52.36
land,17866338,1758.55,Bagmati,Bhaktapur,Bhaktapur Municipality,21,0,,False,25,,False,0,False,0,64.11
room,29729,220.88,Koshi,Jhapa,Birtamode Municipality,24,2,semi-furnished,False,13,shared,False,5,False,3,46.56
land,12395352,4392.47,Bagmati,Bhaktapur,Bhaktapur Municipality,18,0,,False,20,,False,0,False,0,43.76
room,9220,754.68,Gandaki,Kaski,Pokhara Metropolitan City,5,0,unfurnished,False,20,double,True,5,False,8,51.37
office,49269,2019.35,Sudurpashchim,Kailali,Dhangadhi Sub-Metropolitan City,10,0,unfurnished,False,10,,False,8,True,25,37.55
land,44207256,4346.32,Koshi,Morang,Biratnagar Metropolitan City,16,0,,False,25,,False,0,False,0,37.9
home,43007591,1468.73,Bagmati,Bhaktapur,Bhaktapur Municipality,29,5,unfurnished,True,25,,False,4,False,22,59.55
home,22740705,1773.35,Bagmati,Kathmandu,Kathmandu Metropolitan City,32,3,fully-furnished,True,25,,False,2,False,33,58.18
office,135546,4614.14,Koshi,Morang,Biratnagar Metropolitan City,31,0,fully-furnished,True,25,,False,6,True,33,48.19
room,32806,438.99,Bagmati,Chitwan,Bharatpur Metropolitan City,12,1,unfurnished,True,20,shared,False,2,False,16,46.4
room,39595,538.18,Koshi,Jhapa,Birtamode Municipality,23,0,unfurnished,True,16,double,True,1,False,16,49.2
home,29308370,1585.0,Bagmati,Chitwan,Bharatpur Metropolitan City,10,5,unfurnished,True,25,,False,2,False,26,66.81
land,35146566,3603.49,Koshi,Morang,Biratnagar Metropolitan City,31,0,,False,10,,False,0,False,0,59.78
office,36762,1445.25,Bagmati,Bhaktapur,Bhaktapur Municipality,2,0,unfurnished,True,10,,False,1,True,3,36.97
room,34571,564.98,Bagmati,Bhaktapur,Bhaktapur Municipality,12,0,unfurnished,False,0,double,False,5,False,15,12.26
home,45321603,4287.53,Lumbini,Rupandehi,Butwal Sub-Metropolitan City,15,2,unfurnished,True,20,,False,3,False,10,60.59
office,70523,1380.12,Koshi,Morang,Biratnagar Metropolitan City,5,0,fully-furnished,True,0,,False,4,False,9,49.97
home,45252822,4586.75,Bagmati,Lalitpur,Lalitpur Metropolitan City,31,1,unfurnished,True,0,,False,4,False,8,51.16
land,27855609,2944.79,Sudurpashchim,Kailali,Dhangadhi Sub-Metropolitan City,28,0,,False,30,,False,0,False,0,35.98
office,83192,4710.58,Bagmati,Kathmandu,Kathmandu Metropolitan City,15,0,semi-furnished,False,20,,False,2,False,8,53.64
office,30986,4577.4,Bagmati,Chitwan,Bharatpur Metropolitan City,15,0,semi-furnished,False,13,,False,4,True,0,38.33
land,16785415,2312.63,Sudurpashchim,Kailali,Dhangadhi Sub-Metropolitan City,1,0,,False,25,,False,0,False,0,57.45
office,75846,800.94,Koshi,Morang,Biratnagar Metropolitan City,24,0,unfurnished,False,13,,False,7,False,39,31.22
office,122732,2242.17,Bagmati,Chitwan,Bharatpur Metropolitan City,14,0,unfurnished,False,10,,False,6,False,16,26.58
room,15804,762.2,Bagmati,Chitwan,Bharatpur Metropolitan City,26,1,semi-furnished,True,0,double,False,3,False,25,28.77
land,45672957,2373.15,Sudurpashchim,Kailali,Dhangadhi Sub-Metropolitan City,11,0,,False,0,,False,0,False,0,29.6
home,34217685,4688.62,Bagmati,Lalitpur,Lalitpur Metropolitan City,31,1,fully-furnished,False,10,,False,3,False,5,65.37
office,88289,3185.64,Bagmati,Kathmandu,Kathmandu Metropolitan City,26,0,semi-furnished,True,30,,False,3,False,28,66.68
home,45232764,1617.94,Bagmati,Kathmandu,Kathmandu Metropolitan City,19,5,unfurnished,True,20,,False,2,False,2,70.81
home,10827922,4897.71,Koshi,Morang,Biratnagar Metropolitan City,1,3,semi-furnished,False,25,,False,4,False,25,62.63
land,39882538,4652.46,Gandaki,Kaski,Pokhara Metropolitan City,5,0,,False,13,,False,0,False,0,46.06
room,26121,966.96,Sudurpashchim,Kailali,Dhangadhi Sub-Metropolitan City,23,1,unfurnished,True,16,studio,True,3,False,5,38.73
land,25814724,2863.63,Koshi,Jhapa,Birtamode Municipality,5,0,,False,0,,False,0,False,0,37.49
room,32712,724.77,Sudurpashchim,Kailali,Dhangadhi Sub-Metropolitan City,17,2,fully-furnished,False,16,2bhk,False,5,False,27,32.15
office,70157,1511.75,Bagmati,Kathmandu,Kathmandu Metropolitan City,8,0,unfurnished,True,25,,False,4,False,26,47.58
land,9241757,1767.51,Koshi,Morang,Biratnagar Metropolitan City,17,0,,False,16,,False,0,False,0,39.15
land,26725528,2749.19,Koshi,Morang,Biratnagar Metropolitan City,12,0,,False,10,,False,0,False,0,63.49
home,18399394,2895.8,Bagmati,Chitwan,Bharatpur Metropolitan City,13,2,unfurnished,True,30,,False,3,False,13,65.65
home,28892592,4312.61,Gandaki,Kaski,Pokhara Metropolitan City,16,2,fully-furnished,True,0,,False,4,False,39,47.03
land,24167270,2296.15,Bagmati,Kathmandu,Kathmandu Metropolitan City,31,0,,False,16,,False,0,False,0,59.1
office,140062,4926.66,Bagmati,Chitwan,Bharatpur Metropolitan City,12,0,unfurnished,False,16,,False,4,True,3,45.7
office,24268,4716.38,Sudurpashchim,Kailali,Dhangadhi Sub-Metropolitan City,31,0,unfurnished,False,16,,False,3,False,7,34.11
office,21549,3539.29,Sudurpashchim,Kailali,Dhangadhi Sub-Metropolitan City,21,0,unfurnished,True,16,,False,2,False,23,38.9
home,36631451,1795.98,Bagmati,Chitwan,Bharatpur Metropolitan City,17,5,semi-furnished,False,10,,False,4,False,27,65.71
office,72506,2015.87,Gandaki,Kaski,Pokhara Metropolitan City,24,0,semi-furnished,False,10,,False,3,True,6,48.41
home,18157579,4396.5,Bagmati,Chitwan,Bharatpur Metropolitan City,28,2,unfurnished,True,16,,False,1,False,11,49.85
office,131331,4979.14,Koshi,Jhapa,Birtamode Municipality,9,0,unfurnished,False,30,,False,8,False,16,35.64
land,13961688,1125.59,Sudurpashchim,Kailali,Dhangadhi Sub-Metropolitan City,26,0,,False,0,,False,0,False,0,18.4
room,14311,855.07,Gandaki,Kaski,Pokhara Metropolitan City,31,2,unfurnished,False,13,shared,False,5,False,17,26.92
room,31009,470.58,Bagmati,Chitwan,Bharatpur Metropolitan City,2,1,unfurnished,True,13,shared,False,5,False,15,47.74
land,34121875,3338.75,Lumbini,Rupandehi,Butwal Sub-Metropolitan City,25,0,,False,25,,False,0,False,0,70.08
home,46091437,2571.63,Bagmati,Bhaktapur,Bhaktapur Municipality,22,5,semi-furnished,True,0,,False,2,False,21,57.37
room,25529,687.71,Gandaki,Kaski,Pokhara Metropolitan City,21,2,semi-furnished,False,13,2bhk,False,4,False,5,56.13
land,47427581,3829.42,Bagmati,Bhaktapur,Bhaktapur Municipality,9,0,,False,13,,False,0,False,0,52.92
home,11412501,2467.59,Bagmati,Lalitpur,Lalitpur Metropolitan City,11,1,semi-furnished,True,0,,False,4,False,33,75.94
land,8658033,3357.84,Bagmati,Lalitpur,Lalitpur Metropolitan City,17,0,,False,25,,False,0,False,0,67.89
room,26623,322.66,Koshi,Jhapa,Birtamode Municipality,15,2,unfurnished,True,10,1bhk,True,1,False,1,37.99
room,43427,520.47,Koshi,Morang,Biratnagar Metropolitan City,31,1,unfurnished,False,10,2bhk,True,5,False,19,24.83
office,83131,4571.94,Lumbini,Rupandehi,Butwal Sub-Metropolitan City,20,0,unfurnished,True,30,,False,2,False,19,34.1
office,21383,1031.87,Koshi,Morang,Biratnagar Metropolitan City,17,0,fully-furnished,True,13,,False,5,False,34,44.29
office,120384,1708.17,Bagmati,Kathmandu,Kathmandu Metropolitan City,31,0,semi-furnished,False,20,,False,4,True,35,45.96
home,34333711,4505.08,Koshi,Morang,Biratnagar Metropolitan City,27,4,fully-furnished,True,25,,False,4,False,24,57.87
room,23699,480.02,Gandaki,Kaski,Pokhara Metropolitan City,6,1,semi-furnished,False,16,double,True,2,False,4,46.23
land,21262612,3356.24,Bagmati,Chitwan,Bharatpur Metropolitan City,30,0,,False,25,,False,0,False,0,44.96
home,8330751,881.46,Lumbini,Rupandehi,Butwal Sub-Metropolitan City,21,5,fully-furnished,True,0,,False,3,False,17,78.86
office,39750,1394.21,Bagmati,Bhaktapur,Bhaktapur Municipality,1,0,fully-furnished,False,10,,False,6,False,19,52.58
room,10079,727.24,Lumbini,Rupandehi,Butwal Sub-Metropolitan City,30,1,fully-furnished,True,0,shared,False,1,False,17,39.08
home,21782548,4561.94,Lumbini,Rupandehi,Butwal Sub-Metropolitan City,13,4,fully-furnished,True,30,,False,2,False,24,87.09
home,11305569,1636.56,Lumbini,Rupandehi,Butwal Sub-Metropolitan City,3,5,unfurnished,True,16,,False,4,False,19,63.56
home,41881685,3927.84,Koshi,Morang,Biratnagar Metropolitan City,3,5,fully-furnished,False,16,,False,3,False,12,62.51
land,18835399,4885.08,Koshi,Morang,Biratnagar Metropolitan City,14,0,,False,25,,False,0,False,0,65.22
room,26094,250.62,Koshi,Jhapa,Birtamode Municipality,1,0,semi-furnished,True,0,single,False,5,False,4,31.56
land,9133854,1378.1,Koshi,Morang,Biratnagar Metropolitan City,16,0,,False,25,,False,0,False,0,45.78
land,13329291,2228.73,Koshi,Morang,Biratnagar Metropolitan City,4,0,,False,25,,False,0,False,0,52.87
land,24256031,2797.72,Sudurpashchim,Kailali,Dhangadhi Sub-Metropolitan City,9,0,,False,20,,False,0,False,0,40.99
office,69514,400.36,Koshi,Morang,Biratnagar Metropolitan City,13,0,semi-furnished,True,13,,False,1,False,28,23.65
room,20230,270.8,Sudurpashchim,Kailali,Dhangadhi Sub-Metropolitan City,32,1,semi-furnished,False,13,1bhk,True,1,False,16,38.44
office,90989,4151.27,Bagmati,Bhaktapur,Bhaktapur Municipality,19,0,semi-furnished,False,0,,False,7,True,1,59.03
home,49177054,3828.21,Koshi,Morang,Biratnagar Metropolitan City,21,5,semi-furnished,True,20,,False,4,False,35,50.7
room,29104,468.82,Bagmati,Bhaktapur,Bhaktapur Municipality,21,0,fully-furnished,True,0,double,True,1,False,6,50.28
office,94843,764.14,Bagmati,Lalitpur,Lalitpur Metropolitan City,13,0,unfurnished,False,25,,False,8,False,3,45.6
home,19008176,854.96,Koshi,Morang,Biratnagar Metropolitan City,5,4,fully-furnished,False,30,,False,1,False,23,67.15
office,27641,4032.97,Sudurpashchim,Kailali,Dhangadhi Sub-Metropolitan City,24,0,unfurnished,False,20,,False,1,True,19,30.31
home,20503355,1225.15,Bagmati,Lalitpur,Lalitpur Metropolitan City,7,5,semi-furnished,True,10,,False,2,False,36,56.58
office,95571,3901.53,Bagmati,Bhaktapur,Bhaktapur Municipality,7,0,semi-furnished,False,25,,False,7,True,10,52.52
office,89979,3390.4,Bagmati,Bhaktapur,Bhaktapur Municipality,22,0,unfurnished,False,13,,False,6,False,23,27.55
office,93812,3159.54,Koshi,Jhapa,Birtamode Municipality,21,0,unfurnished,True,16,,False,5,False,28,36.65
office,148838,3713.67,Lumbini,Rupandehi,Butwal Sub-Metropolitan City,1,0,semi-furnished,True,20,,False,3,False,0,57.51
home,6456354,4394.03,Bagmati,Chitwan,Bharatpur Metropolitan City,14,3,unfurnished,True,0,,False,1,False,29,39.11
home,44067808,1912.95,Koshi,Morang,Biratnagar Metropolitan City,9,2,fully-furnished,False,30,,False,3,False,5,69.36
home,37382253,3839.04,Koshi,Jhapa,Birtamode Municipality,5,2,semi-furnished,True,20,,False,3,False,2,61.17
land,25440509,4664.05,Koshi,Jhapa,Birtamode Municipality,4,0,,False,13,,False,0,False,0,50.12
office,49716,4388.0,Koshi,Jhapa,Birtamode Municipality,8,0,unfurnished,True,25,,False,7,True,19,44.33
land,13038145,3021.7,Sudurpashchim,Kailali,Dhangadhi Sub-Metropolitan City,21,0,,False,13,,False,0,False,0,35.29
home,31365911,1012.18,Sudurpashchim,Kailali,Dhangadhi Sub-Metropolitan City,10,4,unfurnished,True,10,,False,4,False,18,55.13
home,36934065,2211.91,Koshi,Jhapa,Birtamode Municipality,9,5,unfurnished,True,20,,False,4,False,16,69.53
office,37088,3936.98,Bagmati,Lalitpur,Lalitpur Metropolitan City,28,0,fully-furnished,False,20,,False,4,False,25,36.48
home,33861222,1100.9,Gandaki,Kaski,Pokhara Metropolitan City,16,3,unfurnished,True,0,,False,4,False,27,56.13
room,46920,388.66,Koshi,Morang,Biratnagar Metropolitan City,13,0,semi-furnished,True,13,1bhk,False,5,False,4,35.78
land,28086688,1558.65,Lumbini,Rupandehi,Butwal Sub-Metropolitan City,15,0,,False,10,,False,0,False,0,54.11
land,44674768,1745.11,Bagmati,Lalitpur,Lalitpur Metropolitan City,4,0,,False,10,,False,0,False,0,46.34
land,10467739,3683.32,Bagmati,Chitwan,Bharatpur Metropolitan City,22,0,,False,13,,False,0,False,0,30.76
office,116994,1859.82,Lumbini,Rupandehi,Butwal Sub-Metropolitan City,2,0,unfurnished,True,10,,False,5,False,39,20.29
land,47528633,3206.92,Bagmati,Bhaktapur,Bhaktapur Municipality,25,0,,False,20,,False,0,False,0,55.28
room,21152,154.1,Bagmati,Kathmandu,Kathmandu Metropolitan City,11,1,fully-furnished,False,0,single,False,3,False,21,31.17
land,46581244,1957.73,Koshi,Morang,Biratnagar Metropolitan City,2,0,,False,16,,False,0,False,0,43.16
office,83525,4548.2,Gandaki,Kaski,Pokhara Metropolitan City,7,0,unfurnished,True,10,,False,4,False,35,41.73
land,23463339,4665.76,Bagmati,Kathmandu,Kathmandu Metropolitan City,16,0,,False,13,,False,0,False,0,38.26
office,109694,386.35,Lumbini,Rupandehi,Butwal Sub-Metropolitan City,11,0,semi-furnished,False,25,,False,5,True,32,42.94
land,4977422,4478.31,Bagmati,Chitwan,Bharatpur Metropolitan City,17,0,,False,20,,False,0,False,0,38.11
home,31363488,2235.5,Bagmati,Chitwan,Bharatpur Metropolitan City,10,2,fully-furnished,False,20,,False,2,False,26,57.46
home,45625618,4876.26,Gandaki,Kaski,Pokhara Metropolitan City,28,3,semi-furnished,True,10,,False,2,False,37,56.54
home,40151990,2097.79,Sudurpashchim,Kailali,Dhangadhi Sub-Metropolitan City,9,2,semi-furnished,True,25,,False,2,False,20,54.46
land,12765871,2065.67,Bagmati,Lalitpur,Lalitpur Metropolitan City,12,0,,False,25,,False,0,False,0,56.75
room,27880,965.08,Bagmati,Kathmandu,Kathmandu Metropolitan City,27,2,unfurnished,False,10,double,True,2,False,5,60.51
room,23133,636.72,Bagmati,Kathmandu,Kathmandu Metropolitan City,15,0,semi-furnished,True,16,double,False,3,False,5,49.2
office,45330,946.31,Koshi,Jhapa,Birtamode Municipality,31,0,fully-furnished,True,16,,False,1,False,26,51.95
home,34479930,1077.77,Gandaki,Kaski,Pokhara Metropolitan City,14,5,semi-furnished,False,30,,False,4,False,15,67.97
office,128046,3157.27,Koshi,Jhapa,Birtamode Municipality,3,0,semi-furnished,False,16,,False,1,True,28,43.77
land,29549017,2930.42,Lumbini,Rupandehi,Butwal Sub-Metropolitan City,16,0,,False,25,,False,0,False,0,68.66
office,77613,1192.3,Bagmati,Kathmandu,Kathmandu Metropolitan City,4,0,semi-furnished,False,30,,False,5,False,10,39.59
room,17321,720.96,Koshi,Jhapa,Birtamode Municipality,4,2,unfurnished,False,0,2bhk,True,2,False,24,20.61
home,35258437,2536.95,Sudurpashchim,Kailali,Dhangadhi Sub-Metropolitan City,26,1,fully-furnished,False,20,,False,2,False,29,61.29
room,18747,722.55,Bagmati,Lalitpur,Lalitpur Metropolitan City,21,0,fully-furnished,True,16,2bhk,False,1,False,16,49.48
home,7946487,3111.45,Koshi,Jhapa,Birtamode Municipality,25,2,semi-furnished,True,10,,False,2,False,11,58.09
office,120745,1754.74,Bagmati,Kathmandu,Kathmandu Metropolitan City,20,0,semi-furnished,False,25,,False,3,True,8,59.12
land,36395223,752.49,Gandaki,Kaski,Pokhara Metropolitan City,17,0,,False,30,,False,0,False,0,63.23
land,42517881,1722.88,Lumbini,Rupandehi,Butwal Sub-Metropolitan City,32,0,,False,25,,False,0,False,0,56.38
office,98802,2376.81,Lumbini,Rupandehi,Butwal Sub-Metropolitan City,27,0,unfurnished,True,10,,False,5,True,3,58.31
home,7464308,3543.76,Bagmati,Bhaktapur,Bhaktapur Municipality,4,2,fully-furnished,False,13,,False,1,False,3,68.66
office,57274,1058.28,Bagmati,Lalitpur,Lalitpur Metropolitan City,12,0,unfurnished,True,16,,False,6,True,5,55.74
room,12434,907.78,Bagmati,Chitwan,Bharatpur Metropolitan City,24,2,unfurnished,True,13,studio,True,1,False,22,36.84
room,21700,572.18,Bagmati,Chitwan,Bharatpur Metropolitan City,27,0,fully-furnished,True,16,2bhk,False,4,False,19,41.39
room,48258,934.39,Koshi,Morang,Biratnagar Metropolitan City,23,2,unfurnished,False,16,double,True,3,False,6,44.58
land,10913861,2699.01,Bagmati,Kathmandu,Kathmandu Metropolitan City,2,0,,False,25,,False,0,False,0,64.57
office,65829,513.81,Gandaki,Kaski,Pokhara Metropolitan City,27,0,unfurnished,True,0,,False,4,False,16,31.42
room,29228,556.02,Bagmati,Lalitpur,Lalitpur Metropolitan City,20,0,fully-furnished,False,13,studio,True,2,False,6,57.05
room,10330,924.55,Koshi,Morang,Biratnagar Metropolitan City,31,1,semi-furnished,True,16,1bhk,False,4,False,25,59.07
land,48513072,3129.25,Koshi,Jhapa,Birtamode Municipality,20,0,,False,13,,False,0,False,0,53.45
land,25261304,3182.81,Sudurpashchim,Kailali,Dhangadhi Sub-Metropolitan City,14,0,,False,30,,False,0,False,0,50.81
land,5091995,1905.98,Koshi,Morang,Biratnagar Metropolitan City,10,0,,False,13,,False,0,False,0,57.6
home,12841310,1586.99,Koshi,Jhapa,Birtamode Municipality,25,3,unfurnished,False,25,,False,1,False,17,52.98
land,27936551,4471.31,Koshi,Jhapa,Birtamode Municipality,32,0,,False,16,,False,0,False,0,27.62
home,30113189,1535.05,Bagmati,Chitwan,Bharatpur Metropolitan City,20,1,fully-furnished,True,16,,False,1,False,30,51.32
home,37445252,2228.49,Sudurpashchim,Kailali,Dhangadhi Sub-Metropolitan City,13,5,semi-furnished,False,10,,False,1,False,33,36.0
home,40053971,2729.35,Bagmati,Bhaktapur,Bhaktapur Municipality,3,1,fully-furnished,False,0,,False,1,False,21,48.82
land,47223686,2938.48,Lumbini,Rupandehi,Butwal Sub-Metropolitan City,7,0,,False,25,,False,0,False,0,56.62
land,17082505,3447.06,Bagmati,Chitwan,Bharatpur Metropolitan City,20,0,,False,13,,False,0,False,0,62.05
home,26417779,1961.93,Gandaki,Kaski,Pokhara Metropolitan City,19,4,unfurnished,True,13,,False,2,False,10,68.88
land,40555849,4820.68,Bagmati,Chitwan,Bharatpur Metropolitan City,1,0,,False,20,,False,0,False,0,48.82
home,23189998,3107.34,Bagmati,Lalitpur,Lalitpur Metropolitan City,23,2,unfurnished,False,20,,False,2,False,10,69.4
room,11324,586.52,Bagmati,Lalitpur,Lalitpur Metropolitan City,22,1,fully-furnished,False,0,single,False,1,False,2,26.84
office,136821,3611.98,Koshi,Jhapa,Birtamode Municipality,12,0,unfurnished,False,20,,False,6,False,21,36.12
land,9235498,3141.49,Gandaki,Kaski,Pokhara Metropolitan City,30,0,,False,30,,False,0,False,0,67.24
land,46246200,2034.68,Lumbini,Rupandehi,Butwal Sub-Metropolitan City,30,0,,False,25,,False,0,False,0,44.58
office,38837,4753.01,Lumbini,Rupandehi,Butwal Sub-Metropolitan City,15,0,unfurnished,False,13,,False,7,True,21,43.15
office,82303,442.24,Koshi,Morang,Biratnagar Metropolitan City,32,0,fully-furnished,False,16,,False,8,True,18,46.47
home,12179393,2503.88,Koshi,Morang,Biratnagar Metropolitan City,7,3,unfurnished,True,30,,False,3,False,34,57.15
office,51941,1421.3,Lumbini,Rupandehi,Butwal Sub-Metropolitan City,27,0,unfurnished,True,16,,False,7,True,21,47.03
office,64852,2965.89,Gandaki,Kaski,Pokhara Metropolitan City,28,0,unfurnished,True,10,,False,2,False,7,66.05
room,19545,839.82,Lumbini,Rupandehi,Butwal Sub-Metropolitan City,7,1,semi-furnished,True,20,single,False,3,False,15,50.69
land,41974673,4213.24,Bagmati,Kathmandu,Kathmandu Metropolitan City,14,0,,False,30,,False,0,False,0,65.77
home,24562452,2702.49,Bagmati,Kathmandu,Kathmandu Metropolitan City,10,4,unfurnished,False,10,,False,2,False,20,55.34
room,30561,746.01,Bagmati,Chitwan,Bharatpur Metropolitan City,28,0,unfurnished,True,20,1bhk,False,2,False,27,30.36
land,6565313,4574.63,Bagmati,Chitwan,Bharatpur Metropolitan City,24,0,,False,0,,False,0,False,0,45.06
room,10043,875.12,Sudurpashchim,Kailali,Dhangadhi Sub-Metropolitan City,8,1,semi-furnished,False,13,2bhk,False,4,False,12,29.85
home,17631689,2794.46,Koshi,Jhapa,Birtamode Municipality,12,5,semi-furnished,False,30,,False,4,False,9,72.05
home,48512665,848.73,Bagmati,Chitwan,Bharatpur Metropolitan City,9,1,fully-furnished,False,25,,False,4,False,8,66.42
home,45562577,4412.64,Bagmati,Lalitpur,Lalitpur Metropolitan City,27,4,unfurnished,True,16,,False,4,False,35,63.02
office,75675,1360.98,Lumbini,Rupandehi,Butwal Sub-Metropolitan City,23,0,unfurnished,True,20,,False,8,True,32,43.82
office,24963,457.27,Bagmati,Chitwan,Bharatpur Metropolitan City,24,0,unfurnished,False,25,,False,6,True,37,44.08
land,38326646,3839.8,Lumbini,Rupandehi,Butwal Sub-Metropolitan City,10,0,,False,30,,False,0,False,0,53.56
office,99963,2759.78,Bagmati,Chitwan,Bharatpur Metropolitan City,6,0,fully-furnished,True,16,,False,2,False,39,44.12
room,41597,521.98,Bagmati,Kathmandu,Kathmandu Metropolitan City,1,2,unfurnished,False,16,shared,False,3,False,5,42.02
room,39009,155.28,Bagmati,Kathmandu,Kathmandu Metropolitan City,17,1,unfurnished,True,13,2bhk,True,3,False,15,31.8
home,23646117,4376.07,Bagmati,Lalitpur,Lalitpur Metropolitan City,5,3,fully-furnished,False,13,,False,3,False,0,78.02
home,29814631,3568.45,Bagmati,Lalitpur,Lalitpur Metropolitan City,10,2,semi-furnished,True,16,,False,2,False,33,66.53
room,47029,970.61,Bagmati,Kathmandu,Kathmandu Metropolitan City,6,1,semi-furnished,False,16,double,False,2,False,6,46.98
land,10784250,3948.58,Koshi,Morang,Biratnagar Metropolitan City,17,0,,False,0,,False,0,False,0,45.92
office,82425,2538.29,Bagmati,Bhaktapur,Bhaktapur Municipality,26,0,unfurnished,True,16,,False,7,False,16,53.31
office,124504,1657.32,Bagmati,Bhaktapur,Bhaktapur Municipality,1,0,semi-furnished,False,25,,False,6,True,6,61.55
room,25864,649.44,Sudurpashchim,Kailali,Dhangadhi Sub-Metropolitan City,28,1,semi-furnished,False,0,shared,False,4,False,24,42.79
home,17074002,3646.42,Gandaki,Kaski,Pokhara Metropolitan City,22,3,unfurnished,True,25,,False,1,False,4,63.16
office,109849,2768.74,Bagmati,Kathmandu,Kathmandu Metropolitan City,7,0,semi-furnished,False,10,,False,5,False,12,37.19
land,42871965,944.59,Bagmati,Kathmandu,Kathmandu Metropolitan City,6,0,,False,25,,False,0,False,0,47.56
land,43579776,1071.46,Gandaki,Kaski,Pokhara Metropolitan City,8,0,,False,10,,False,0,False,0,65.29
home,22001073,3721.75,Koshi,Jhapa,Birtamode Municipality,8,3,semi-furnished,True,25,,False,4,False,17,69.01
room,12849,245.77,Koshi,Jhapa,Birtamode Municipality,17,1,fully-furnished,False,16,shared,True,3,False,30,33.23
home,18466676,1091.47,Bagmati,Chitwan,Bharatpur Metropolitan City,29,5,semi-furnished,True,25,,False,4,False,6,79.99
office,33926,3185.64,Bagmati,Bhaktapur,Bhaktapur Municipality,14,0,semi-furnished,False,0,,False,1,True,4,32.93
office,39510,4513.61,Bagmati,Chitwan,Bharatpur Metropolitan City,2,0,unfurnished,True,0,,False,7,False,9,51.16
office,143196,2722.3,Koshi,Morang,Biratnagar Metropolitan City,1,0,semi-furnished,False,16,,False,7,True,34,39.55
land,35350924,4802.87,Gandaki,Kaski,Pokhara Metropolitan City,25,0,,False,0,,False,0,False,0,44.01
room,34254,713.65,Sudurpashchim,Kailali,Dhangadhi Sub-Metropolitan City,22,0,unfurnished,True,13,1bhk,False,1,False,26,35.33
room,10577,258.96,Lumbini,Rupandehi,Butwal Sub-Metropolitan City,13,2,unfurnished,True,13,2bhk,False,1,False,20,33.95
office,77407,4460.51,Koshi,Morang,Biratnagar Metropolitan City,6,0,unfurnished,True,10,,False,1,True,1,46.94
office,90851,596.07,Gandaki,Kaski,Pokhara Metropolitan City,25,0,unfurnished,False,16,,False,8,True,2,40.69
land,5873234,4087.45,Koshi,Morang,Biratnagar Metropolitan City,22,0,,False,16,,False,0,False,0,50.44
home,41008025,4748.38,Bagmati,Lalitpur,Lalitpur Metropolitan City,30,2,unfurnished,True,0,,False,1,False,9,68.09
land,44498248,4600.87,Lumbini,Rupandehi,Butwal Sub-Metropolitan City,31,0,,False,0,,False,0,False,0,52.36
home,8352624,1523.45,Gandaki,Kaski,Pokhara Metropolitan City,1,3,fully-furnished,False,20,,False,2,False,37,79.82
land,44314131,2837.72,Bagmati,Lalitpur,Lalitpur Metropolitan City,8,0,,False,10,,False,0,False,0,47.33
home,31978341,2216.84,Bagmati,Lalitpur,Lalitpur Metropolitan City,28,3,fully-furnished,True,13,,False,2,False,2,70.02
room,17256,208.67,Bagmati,Bhaktapur,Bhaktapur Municipality,5,2,fully-furnished,False,20,double,False,2,False,29,37.89
home,47425862,4122.42,Bagmati,Kathmandu,Kathmandu Metropolitan City,7,5,semi-furnished,True,0,,False,4,False,5,68.72
land,46738590,4682.39,Bagmati,Kathmandu,Kathmandu Metropolitan City,12,0,,False,20,,False,0,False,0,67.03
office,47021,3554.08,Bagmati,Chitwan,Bharatpur Metropolitan City,31,0,fully-furnished,False,20,,False,8,False,15,31.12
land,44073967,3783.95,Bagmati,Bhaktapur,Bhaktapur Municipality,12,0,,False,0,,False,0,False,0,56.23
room,23442,104.11,Bagmati,Chitwan,Bharatpur Metropolitan City,27,1,fully-furnished,True,20,shared,True,4,False,24,30.91
room,17779,274.35,Gandaki,Kaski,Pokhara Metropolitan City,4,2,semi-furnished,True,10,2bhk,True,1,False,20,36.28
room,29908,491.2,Koshi,Morang,Biratnagar Metropolitan City,14,2,fully-furnished,True,0,1bhk,True,2,False,25,31.9
office,50841,633.04,Bagmati,Kathmandu,Kathmandu Metropolitan City,8,0,unfurnished,False,20,,False,6,False,12,31.63
home,11580972,2169.76,Koshi,Morang,Biratnagar Metropolitan City,8,2,unfurnished,False,30,,False,2,False,24,65.13
land,6646652,3215.9,Gandaki,Kaski,Pokhara Metropolitan City,31,0,,False,16,,False,0,False,0,52.69
home,30064159,1547.86,Bagmati,Bhaktapur,Bhaktapur Municipality,30,2,semi-furnished,True,25,,False,3,False,17,58.59
room,45268,128.89,Gandaki,Kaski,Pokhara Metropolitan City,9,0,semi-furnished,True,0,studio,False,4,False,5,15.41
home,47815402,3335.27,Koshi,Morang,Biratnagar Metropolitan City,19,5,fully-furnished,True,0,,False,4,False,33,54.93
home,23734840,4315.35,Lumbini,Rupandehi,Butwal Sub-Metropolitan City,31,1,unfurnished,False,25,,False,2,False,15,70.3
office,97564,4491.57,Koshi,Morang,Biratnagar Metropolitan City,15,0,fully-furnished,True,16,,False,1,True,30,44.99
land,35163220,2983.82,Sudurpashchim,Kailali,Dhangadhi Sub-Metropolitan City,28,0,,False,30,,False,0,False,0,41.1
office,93202,1430.4,Bagmati,Lalitpur,Lalitpur Metropolitan City,32,0,fully-furnished,False,10,,False,3,False,18,49.73
land,23457238,2763.07,Gandaki,Kaski,Pokhara Metropolitan City,2,0,,False,10,,False,0,False,0,48.2
land,12302893,2694.17,Lumbini,Rupandehi,Butwal Sub-Metropolitan City,30,0,,False,30,,False,0,False,0,34.62
home,47506909,3432.61,Koshi,Jhapa,Birtamode Municipality,24,1,unfurnished,True,16,,False,3,False,33,46.54
room,48140,777.6,Bagmati,Kathmandu,Kathmandu Metropolitan City,28,1,unfurnished,True,20,shared,True,5,False,30,46.5
land,34229302,2346.71,Koshi,Morang,Biratnagar Metropolitan City,8,0,,False,20,,False,0,False,0,58.68
room,44620,257.74,Bagmati,Kathmandu,Kathmandu Metropolitan City,24,0,unfurnished,True,10,shared,True,5,False,3,58.1
home,22942081,2145.95,Lumbini,Rupandehi,Butwal Sub-Metropolitan City,15,5,unfurnished,False,13,,False,1,False,4,73.39
room,42516,537.6,Koshi,Morang,Biratnagar Metropolitan City,29,0,semi-furnished,False,16,1bhk,False,1,False,6,39.17
land,14999858,2379.93,Lumbini,Rupandehi,Butwal Sub-Metropolitan City,6,0,,False,13,,False,0,False,0,39.64
land,49780388,1886.55,Bagmati,Lalitpur,Lalitpur Metropolitan City,11,0,,False,10,,False,0,False,0,75.48
home,47095793,2986.89,Lumbini,Rupandehi,Butwal Sub-Metropolitan City,14,1,semi-furnished,False,25,,False,2,False,30,58.44
office,22815,3767.23,Koshi,Morang,Biratnagar Metropolitan City,29,0,semi-furnished,True,0,,False,1,True,33,31.5
office,123130,3382.07,Koshi,Morang,Biratnagar Metropolitan City,22,0,semi-furnished,False,20,,False,8,False,19,39.77
room,22862,810.34,Bagmati,Bhaktapur,Bhaktapur Municipality,11,2,semi-furnished,False,0,double,False,3,False,14,40.83
home,16768166,1565.58,Bagmati,Bhaktapur,Bhaktapur Municipality,19,2,fully-furnished,True,0,,False,1,False,20,56.41
office,46890,2037.46,Bagmati,Bhaktapur,Bhaktapur Municipality,17,0,unfurnished,True,25,,False,6,False,9,45.15
office,35923,2808.12,Koshi,Morang,Biratnagar Metropolitan City,11,0,fully-furnished,False,16,,False,3,False,20,41.63
land,22834485,3483.15,Bagmati,Bhaktapur,Bhaktapur Municipality,22,0,,False,16,,False,0,False,0,51.3
home,12537373,2222.47,Bagmati,Chitwan,Bharatpur Metropolitan City,29,4,fully-furnished,True,25,,False,1,False,19,68.27
office,32121,2396.07,Bagmati,Kathmandu,Kathmandu Metropolitan City,15,0,semi-furnished,True,20,,False,4,True,17,51.53
land,32894185,3015.17,Gandaki,Kaski,Pokhara Metropolitan City,6,0,,False,25,,False,0,False,0,60.06
office,99058,2605.19,Bagmati,Lalitpur,Lalitpur Metropolitan City,13,0,unfurnished,True,25,,False,6,False,9,50.78
room,26654,435.55,Koshi,Jhapa,Birtamode Municipality,25,1,semi-furnished,False,16,1bhk,True,2,False,23,49.74
office,125601,1656.58,Lumbini,Rupandehi,Butwal Sub-Metropolitan City,29,0,unfurnished,False,25,,False,7,True,37,17.89
home,40252356,2073.57,Bagmati,Lalitpur,Lalitpur Metropolitan City,14,3,fully-furnished,False,0,,False,1,False,26,67.09
office,113093,2912.33,Bagmati,Chitwan,Bharatpur Metropolitan City,12,0,unfurnished,True,10,,False,3,False,18,50.12
office,59582,4167.16,Sudurpashchim,Kailali,Dhangadhi Sub-Metropolitan City,3,0,unfurnished,False,16,,False,8,True,1,20.9
home,47986932,2060.71,Bagmati,Kathmandu,Kathmandu Metropolitan City,17,4,fully-furnished,False,16,,False,2,False,31,67.78
land,36088040,3988.29,Gandaki,Kaski,Pokhara Metropolitan City,8,0,,False,0,,False,0,False,0,40.62
office,102312,4381.23,Koshi,Morang,Biratnagar Metropolitan City,28,0,unfurnished,False,25,,False,2,False,32,25.57
room,17577,623.49,Bagmati,Kathmandu,Kathmandu Metropolitan City,11,1,semi-furnished,True,13,double,True,3,False,11,47.35
room,42708,360.87,Koshi,Jhapa,Birtamode Municipality,4,0,unfurnished,True,10,single,True,5,False,10,22.47
room,31758,716.9,Koshi,Morang,Biratnagar Metropolitan City,18,0,unfurnished,False,10,single,True,5,False,9,51.48
office,139378,1899.47,Koshi,Morang,Biratnagar Metropolitan City,27,0,fully-furnished,True,10,,False,3,True,12,63.09
land,8127139,2680.11,Sudurpashchim,Kailali,Dhangadhi Sub-Metropolitan City,27,0,,False,0,,False,0,False,0,47.74
land,49375627,2197.3,Bagmati,Bhaktapur,Bhaktapur Municipality,31,0,,False,13,,False,0,False,0,58.45
office,59935,1109.37,Bagmati,Bhaktapur,Bhaktapur Municipality,22,0,fully-furnished,True,10,,False,3,True,14,46.25
home,10275089,1346.92,Bagmati,Chitwan,Bharatpur Metropolitan City,14,4,unfurnished,True,0,,False,1,False,30,42.37
land,47277679,1163.61,Koshi,Jhapa,Birtamode Municipality,13,0,,False,20,,False,0,False,0,55.58
office,25672,4570.09,Bagmati,Kathmandu,Kathmandu Metropolitan City,8,0,fully-furnished,False,25,,False,1,True,7,52.81
home,6963546,3616.52,Gandaki,Kaski,Pokhara Metropolitan City,12,1,fully-furnished,False,20,,False,3,False,22,69.46
home,43797894,1216.24,Bagmati,Bhaktapur,Bhaktapur Municipality,5,1,unfurnished,True,25,,False,2,False,18,60.61
land,36835971,4674.2,Bagmati,Bhaktapur,Bhaktapur Municipality,7,0,,False,30,,False,0,False,0,55.43
room,15033,495.7,Lumbini,Rupandehi,Butwal Sub-Metropolitan City,12,1,semi-furnished,False,16,double,True,4,False,3,55.01
land,12120924,1174.36,Koshi,Morang,Biratnagar Metropolitan City,30,0,,False,16,,False,0,False,0,54.04
room,40355,174.02,Koshi,Morang,Biratnagar Metropolitan City,3,0,semi-furnished,False,16,1bhk,False,4,False,7,27.95
office,76093,4929.32,Sudurpashchim,Kailali,Dhangadhi Sub-Metropolitan City,19,0,fully-furnished,True,30,,False,8,False,11,61.37
office,88506,2162.94,Bagmati,Kathmandu,Kathmandu Metropolitan City,7,0,unfurnished,True,0,,False,3,False,25,29.08
home,18360461,2327.58,Bagmati,Lalitpur,Lalitpur Metropolitan City,5,3,fully-furnished,False,0,,False,2,False,27,62.88
room,34229,780.67,Lumbini,Rupandehi,Butwal Sub-Metropolitan City,18,1,semi-furnished,False,16,1bhk,False,2,False,24,46.29
land,36371478,1777.97,Lumbini,Rupandehi,Butwal Sub-Metropolitan City,8,0,,False,10,,False,0,False,0,46.47
land,7578748,3872.53,Bagmati,Bhaktapur,Bhaktapur Municipality,7,0,,False,16,,False,0,False,0,52.77
home,26941638,3339.25,Bagmati,Kathmandu,Kathmandu Metropolitan City,25,2,semi-furnished,True,30,,False,1,False,33,57.86
office,85260,1679.75,Lumbini,Rupandehi,Butwal Sub-Metropolitan City,13,0,semi-furnished,False,20,,False,6,True,2,63.21
land,28255519,2635.5,Koshi,Jhapa,Birtamode Municipality,25,0,,False,16,,False,0,False,0,45.96
land,47252324,1460.54,Lumbini,Rupandehi,Butwal Sub-Metropolitan City,3,0,,False,30,,False,0,False,0,56.17
home,25968813,2608.86,Bagmati,Chitwan,Bharatpur Metropolitan City,32,4,semi-furnished,True,20,,False,4,False,35,71.63
office,40487,2942.6,Sudurpashchim,Kailali,Dhangadhi Sub-Metropolitan City,31,0,unfurnished,True,16,,False,5,False,37,24.54
room,9844,388.43,Koshi,Jhapa,Birtamode Municipality,19,0,fully-furnished,False,13,2bhk,True,3,False,12,27.61
office,73992,4962.14,Bagmati,Lalitpur,Lalitpur Metropolitan City,23,0,semi-furnished,True,25,,False,4,True,15,44.13
land,10682038,4436.44,Bagmati,Chitwan,Bharatpur Metropolitan City,5,0,,False,13,,False,0,False,0,51.07
land,47142048,860.72,Bagmati,Bhaktapur,Bhaktapur Municipality,21,0,,False,30,,False,0,False,0,50.26
office,81564,395.89,Koshi,Jhapa,Birtamode Municipality,18,0,unfurnished,True,13,,False,7,False,20,44.25
office,46988,3547.06,Bagmati,Lalitpur,Lalitpur Metropolitan City,7,0,semi-furnished,False,20,,False,6,True,39,25.7
room,49644,281.58,Bagmati,Chitwan,Bharatpur Metropolitan City,28,0,unfurnished,True,13,shared,True,3,False,18,48.31
home,43801892,3814.37,Koshi,Jhapa,Birtamode Municipality,6,1,unfurnished,False,13,,False,1,False,36,41.48
office,124287,1285.77,Sudurpashchim,Kailali,Dhangadhi Sub-Metropolitan City,28,0,fully-furnished,False,20,,False,5,False,34,42.32
home,46940615,2489.66,Koshi,Morang,Biratnagar Metropolitan City,27,5,semi-furnished,True,0,,False,2,False,36,48.42
home,47810513,1925.33,Lumbini,Rupandehi,Butwal Sub-Metropolitan City,30,5,unfurnished,False,20,,False,1,False,33,62.01
room,17861,232.97,Gandaki,Kaski,Pokhara Metropolitan City,30,1,semi-furnished,False,13,single,True,4,False,8,40.5
home,20846404,3684.79,Bagmati,Chitwan,Bharatpur Metropolitan City,17,4,fully-furnished,True,10,,False,2,False,1,82.7
room,36582,536.84,Gandaki,Kaski,Pokhara Metropolitan City,30,2,unfurnished,True,10,double,False,2,False,0,50.59
room,10767,679.86,Bagmati,Chitwan,Bharatpur Metropolitan City,12,2,fully-furnished,True,0,shared,False,1,False,28,38.24
room,17211,457.21,Koshi,Jhapa,Birtamode Municipality,6,1,fully-furnished,True,20,2bhk,False,4,False,28,39.07
home,26032611,4047.4,Bagmati,Lalitpur,Lalitpur Metropolitan City,8,3,unfurnished,False,30,,False,2,False,27,62.89
home,23424559,1535.65,Gandaki,Kaski,Pokhara Metropolitan City,7,4,semi-furnished,False,30,,False,1,False,31,72.34
room,35772,384.84,Sudurpashchim,Kailali,Dhangadhi Sub-Metropolitan City,8,2,unfurnished,True,13,double,False,4,False,22,16.6
room,47702,680.86,Koshi,Morang,Biratnagar Metropolitan City,2,0,unfurnished,True,10,shared,False,3,False,20,22.37
land,29069848,4387.88,Koshi,Morang,Biratnagar Metropolitan City,16,0,,False,0,,False,0,False,0,45.45
room,23431,181.23,Koshi,Jhapa,Birtamode Municipality,20,1,fully-furnished,True,16,2bhk,False,4,False,25,33.36
room,40223,840.88,Bagmati,Kathmandu,Kathmandu Metropolitan City,6,2,unfurnished,False,13,2bhk,False,1,False,26,40.1
room,47460,416.67,Bagmati,Bhaktapur,Bhaktapur Municipality,5,1,semi-furnished,True,0,2bhk,True,4,False,25,36.14
land,23504948,1560.32,Bagmati,Bhaktapur,Bhaktapur Municipality,26,0,,False,13,,False,0,False,0,55.15
land,46565770,1773.3,Bagmati,Lalitpur,Lalitpur Metropolitan City,11,0,,False,30,,False,0,False,0,59.73
office,134492,2422.0,Bagmati,Bhaktapur,Bhaktapur Municipality,21,0,unfurnished,True,13,,False,3,False,18,37.28
land,29406947,2280.68,Gandaki,Kaski,Pokhara Metropolitan City,27,0,,False,16,,False,0,False,0,56.52
land,46426594,4669.38,Gandaki,Kaski,Pokhara Metropolitan City,2,0,,False,20,,False,0,False,0,46.25
land,14325020,1552.54,Gandaki,Kaski,Pokhara Metropolitan City,30,0,,False,0,,False,0,False,0,49.28
office,145571,1001.48,Koshi,Jhapa,Birtamode Municipality,17,0,semi-furnished,True,20,,False,2,True,33,31.2
office,113528,857.01,Koshi,Jhapa,Birtamode Municipality,32,0,fully-furnished,True,30,,False,5,False,31,61.22
home,45270874,4396.62,Koshi,Jhapa,Birtamode Municipality,28,2,semi-furnished,True,16,,False,2,False,26,57.66
land,18803172,4897.35,Bagmati,Bhaktapur,Bhaktapur Municipality,19,0,,False,20,,False,0,False,0,54.41
home,48435243,3248.19,Lumbini,Rupandehi,Butwal Sub-Metropolitan City,24,4,fully-furnished,True,16,,False,2,False,20,78.33
home,45077141,3775.5,Koshi,Jhapa,Birtamode Municipality,25,3,fully-furnished,True,20,,False,1,False,3,86.29
home,45693101,4614.55,Koshi,Morang,Biratnagar Metropolitan City,31,5,unfurnished,True,0,,False,3,False,32,56.57
room,16666,704.14,Koshi,Jhapa,Birtamode Municipality,26,0,unfurnished,True,13,double,False,3,False,28,13.72
home,40596138,2132.73,Lumbini,Rupandehi,Butwal Sub-Metropolitan City,6,4,fully-furnished,False,0,,False,3,False,2,56.49
office,141403,3814.77,Bagmati,Bhaktapur,Bhaktapur Municipality,18,0,semi-furnished,False,13,,False,5,False,27,34.25
room,17913,787.31,Bagmati,Bhaktapur,Bhaktapur Municipality,32,2,fully-furnished,True,10,single,True,2,False,1,61.66
room,36601,735.37,Lumbini,Rupandehi,Butwal Sub-Metropolitan City,11,0,semi-furnished,True,16,shared,False,4,False,15,49.24
home,18672337,2268.34,Bagmati,Lalitpur,Lalitpur Metropolitan City,8,3,fully-furnished,True,25,,False,3,False,36,66.91
land,8156340,2490.6,Gandaki,Kaski,Pokhara Metropolitan City,12,0,,False,10,,False,0,False,0,51.41
land,48722097,811.64,Lumbini,Rupandehi,Butwal Sub-Metropolitan City,22,0,,False,25,,False,0,False,0,50.24
office,144678,3074.59,Bagmati,Lalitpur,Lalitpur Metropolitan City,24,0,fully-furnished,False,10,,False,1,True,29,43.44
office,20760,3092.76,Lumbini,Rupandehi,Butwal Sub-Metropolitan City,18,0,semi-furnished,True,25,,False,8,False,36,28.61
home,23988722,4166.54,Bagmati,Bhaktapur,Bhaktapur Municipality,4,3,fully-furnished,True,20,,False,4,False,5,68.04
room,34143,316.07,Koshi,Jhapa,Birtamode Municipality,12,0,fully-furnished,True,10,studio,False,3,False,20,23.58
land,32015082,2810.63,Bagmati,Bhaktapur,Bhaktapur Municipality,20,0,,False,25,,False,0,False,0,49.28
home,29659610,3595.19,Bagmati,Chitwan,Bharatpur Metropolitan City,23,5,fully-furnished,False,16,,False,4,False,30,73.73
office,126298,3855.51,Bagmati,Chitwan,Bharatpur Metropolitan City,6,0,semi-furnished,True,16,,False,7,True,2,43.75
room,18162,708.8,Sudurpashchim,Kailali,Dhangadhi Sub-Metropolitan City,30,2,unfurnished,True,13,studio,False,1,False,29,54.46
room,27687,985.77,Lumbini,Rupandehi,Butwal Sub-Metropolitan City,10,1,unfurnished,False,13,1bhk,True,5,False,2,50.16
land,34182569,2475.98,Bagmati,Kathmandu,Kathmandu Metropolitan City,28,0,,False,25,,False,0,False,0,64.14
room,40993,627.01,Bagmati,Chitwan,Bharatpur Metropolitan City,17,0,fully-furnished,False,10,double,False,1,False,2,39.94
room,37818,628.49,Koshi,Jhapa,Birtamode Municipality,21,2,unfurnished,False,13,double,True,2,False,2,50.19
land,3392390,2997.82,Bagmati,Chitwan,Bharatpur Metropolitan City,28,0,,False,16,,False,0,False,0,42.63
land,33881017,3519.94,Bagmati,Lalitpur,Lalitpur Metropolitan City,11,0,,False,25,,False,0,False,0,60.4
office,147653,3206.95,Koshi,Jhapa,Birtamode Municipality,20,0,unfurnished,False,25,,False,7,False,5,65.04
home,6066040,1601.37,Bagmati,Bhaktapur,Bhaktapur Municipality,1,2,fully-furnished,True,16,,False,2,False,15,67.71
home,36099962,2063.86,Koshi,Jhapa,Birtamode Municipality,6,2,semi-furnished,False,0,,False,1,False,10,58.68
office,132695,2516.0,Bagmati,Bhaktapur,Bhaktapur Municipality,32,0,semi-furnished,True,10,,False,5,False,3,45.5
land,31976798,3410.76,Koshi,Morang,Biratnagar Metropolitan City,7,0,,False,16,,False,0,False,0,48.69
room,39857,538.75,Lumbini,Rupandehi,Butwal Sub-Metropolitan City,3,2,fully-furnished,True,20,single,False,5,False,10,71.29
land,30993620,4539.37,Sudurpashchim,Kailali,Dhangadhi Sub-Metropolitan City,18,0,,False,16,,False,0,False,0,39.25
office,77177,2407.13,Bagmati,Lalitpur,Lalitpur Metropolitan City,23,0,fully-furnished,True,13,,False,4,False,22,69.44
home,27760172,3268.17,Lumbini,Rupandehi,Butwal Sub-Metropolitan City,15,5,unfurnished,False,10,,False,3,False,24,60.87
room,18618,819.78,Koshi,Jhapa,Birtamode Municipality,31,1,semi-furnished,True,16,double,True,2,False,5,44.69
land,36133329,4755.14,Lumbini,Rupandehi,Butwal Sub-Metropolitan City,27,0,,False,13,,False,0,False,0,53.06
home,29077771,4996.9,Gandaki,Kaski,Pokhara Metropolitan City,4,3,semi-furnished,True,10,,False,1,False,4,73.75
office,35818,3202.55,Koshi,Morang,Biratnagar Metropolitan City,8,0,unfurnished,True,16,,False,5,False,22,42.29
room,41776,868.07,Bagmati,Kathmandu,Kathmandu Metropolitan City,10,0,unfurnished,True,16,studio,True,1,False,25,31.76
land,10922828,1418.3,Bagmati,Lalitpur,Lalitpur Metropolitan City,7,0,,False,30,,False,0,False,0,56.97
room,36935,755.51,Gandaki,Kaski,Pokhara Metropolitan City,11,2,unfurnished,True,10,2bhk,False,3,False,26,39.23
land,30900499,2588.17,Bagmati,Bhaktapur,Bhaktapur Municipality,13,0,,False,30,,False,0,False,0,60.23
home,38891501,2233.54,Bagmati,Kathmandu,Kathmandu Metropolitan City,31,2,fully-furnished,False,13,,False,4,False,23,72.03
home,14260642,4106.31,Gandaki,Kaski,Pokhara Metropolitan City,27,4,semi-furnished,False,16,,False,3,False,1,72.95
home,39718683,3814.03,Lumbini,Rupandehi,Butwal Sub-Metropolitan City,1,1,fully-furnished,False,13,,False,4,False,10,50.25
land,47303672,3964.53,Koshi,Jhapa,Birtamode Municipality,26,0,,False,25,,False,0,False,0,54.75
land,48692456,2503.01,Bagmati,Bhaktapur,Bhaktapur Municipality,19,0,,False,25,,False,0,False,0,63.89
room,8517,918.31,Sudurpashchim,Kailali,Dhangadhi Sub-Metropolitan City,21,1,unfurnished,True,16,studio,True,5,False,19,41.3
room,27761,797.86,Lumbini,Rupandehi,Butwal Sub-Metropolitan City,26,0,fully-furnished,False,16,2bhk,True,5,False,17,57.35
home,25954904,2949.02,Bagmati,Chitwan,Bharatpur Metropolitan City,6,5,semi-furnished,True,0,,False,1,False,34,59.23
home,38908403,3851.34,Bagmati,Chitwan,Bharatpur Metropolitan City,20,1,unfurnished,True,30,,False,3,False,16,65.77
room,16175,142.96,Sudurpashchim,Kailali,Dhangadhi Sub-Metropolitan City,8,2,semi-furnished,True,16,shared,True,5,False,18,27.41
home,49756402,2056.65,Sudurpashchim,Kailali,Dhangadhi Sub-Metropolitan City,23,5,unfurnished,True,25,,False,4,False,33,46.23
land,15922164,2920.74,Gandaki,Kaski,Pokhara Metropolitan City,21,0,,False,30,,False,0,False,0,65.13
office,75796,988.8,Koshi,Morang,Biratnagar Metropolitan City,7,0,semi-furnished,True,0,,False,1,False,8,42.1
home,40316415,1127.91,Lumbini,Rupandehi,Butwal Sub-Metropolitan City,29,4,unfurnished,False,30,,False,3,False,37,65.46
office,144232,3538.38,Lumbini,Rupandehi,Butwal Sub-Metropolitan City,29,0,semi-furnished,False,30,,False,3,True,32,40.31
office,112343,908.11,Bagmati,Bhaktapur,Bhaktapur Municipality,30,0,unfurnished,True,25,,False,4,False,30,37.74
home,12970255,4671.13,Bagmati,Kathmandu,Kathmandu Metropolitan City,24,5,semi-furnished,True,0,,False,3,False,36,65.97
land,23463142,1206.29,Bagmati,Chitwan,Bharatpur Metropolitan City,10,0,,False,13,,False,0,False,0,49.58
room,17363,125.18,Bagmati,Chitwan,Bharatpur Metropolitan City,32,1,unfurnished,False,0,shared,False,2,False,5,21.4
land,7534179,3054.41,Lumbini,Rupandehi,Butwal Sub-Metropolitan City,8,0,,False,30,,False,0,False,0,57.43
office,94155,2993.38,Bagmati,Kathmandu,Kathmandu Metropolitan City,31,0,semi-furnished,False,30,,False,7,False,38,49.71
home,49776426,3999.05,Bagmati,Bhaktapur,Bhaktapur Municipality,30,4,fully-furnished,False,0,,False,4,False,24,65.44
office,145577,2842.67,Gandaki,Kaski,Pokhara Metropolitan City,22,0,unfurnished,False,25,,False,5,True,10,48.88
room,13580,679.52,Bagmati,Kathmandu,Kathmandu Metropolitan City,8,1,unfurnished,True,20,1bhk,True,4,False,16,52.12
land,21452422,4838.22,Bagmati,Kathmandu,Kathmandu Metropolitan City,12,0,,False,30,,False,0,False,0,58.32
home,40805522,1155.52,Gandaki,Kaski,Pokhara Metropolitan City,29,5,semi-furnished,False,20,,False,1,False,31,62.64
room,9576,262.46,Bagmati,Kathmandu,Kathmandu Metropolitan City,28,1,semi-furnished,False,0,single,True,5,False,5,33.98
home,11014871,1873.33,Bagmati,Chitwan,Bharatpur Metropolitan City,12,2,semi-furnished,False,25,,False,2,False,3,71.08
home,25000074,3795.86,Koshi,Morang,Biratnagar Metropolitan City,2,4,fully-furnished,False,10,,False,4,False,20,56.54
office,51407,543.83,Bagmati,Chitwan,Bharatpur Metropolitan City,8,0,unfurnished,True,16,,False,7,True,17,50.13
room,12289,597.81,Bagmati,Kathmandu,Kathmandu Metropolitan City,30,2,fully-furnished,False,10,single,False,5,False,30,37.44
home,32296256,2079.37,Bagmati,Lalitpur,Lalitpur Metropolitan City,9,4,fully-furnished,True,30,,False,2,False,23,79.96
home,33437545,3057.65,Sudurpashchim,Kailali,Dhangadhi Sub-Metropolitan City,16,5,semi-furnished,True,0,,False,4,False,39,44.95
home,37358972,1052.74,Bagmati,Chitwan,Bharatpur Metropolitan City,1,3,unfurnished,False,30,,False,4,False,22,75.64
room,43002,245.27,Gandaki,Kaski,Pokhara Metropolitan City,3,0,semi-furnished,True,16,2bhk,True,2,False,23,41.47
room,41083,289.77,Sudurpashchim,Kailali,Dhangadhi Sub-Metropolitan City,28,1,unfurnished,False,13,2bhk,False,3,False,7,39.28
room,47289,513.82,Koshi,Morang,Biratnagar Metropolitan City,14,1,fully-furnished,True,0,1bhk,False,1,False,28,21.75
home,37814671,3134.32,Bagmati,Kathmandu,Kathmandu Metropolitan City,27,4,unfurnished,True,30,,False,1,False,34,71.32
office,126532,1959.08,Bagmati,Kathmandu,Kathmandu Metropolitan City,8,0,semi-furnished,False,16,,False,3,True,7,67.35
room,22517,500.12,Lumbini,Rupandehi,Butwal Sub-Metropolitan City,13,0,semi-furnished,False,10,single,False,2,False,7,39.72
room,47716,352.68,Lumbini,Rupandehi,Butwal Sub-Metropolitan City,3,1,fully-furnished,True,16,single,False,5,False,16,55.29
home,42963957,3571.32,Lumbini,Rupandehi,Butwal Sub-Metropolitan City,13,5,unfurnished,True,0,,False,2,False,4,54.74
room,25978,892.9,Bagmati,Bhaktapur,Bhaktapur Municipality,15,1,unfurnished,True,20,1bhk,False,5,False,28,53.54
land,46622778,3456.16,Lumbini,Rupandehi,Butwal Sub-Metropolitan City,28,0,,False,0,,False,0,False,0,61.95
office,109151,1587.97,Koshi,Morang,Biratnagar Metropolitan City,27,0,unfurnished,False,16,,False,6,True,14,38.28
room,28725,579.17,Bagmati,Kathmandu,Kathmandu Metropolitan City,27,0,semi-furnished,True,13,single,True,2,False,22,44.0
land,25093891,1546.57,Koshi,Jhapa,Birtamode Municipality,16,0,,False,13,,False,0,False,0,59.71
land,4612191,2763.86,Bagmati,Lalitpur,Lalitpur Metropolitan City,2,0,,False,20,,False,0,False,0,69.04
room,23621,197.06,Koshi,Morang,Biratnagar Metropolitan City,16,1,fully-furnished,False,20,double,True,5,False,19,33.55
land,8740136,3189.42,Lumbini,Rupandehi,Butwal Sub-Metropolitan City,29,0,,False,0,,False,0,False,0,36.73
office,110880,4483.39,Bagmati,Kathmandu,Kathmandu Metropolitan City,21,0,fully-furnished,True,0,,False,8,True,19,43.35
land,40531172,3613.53,Koshi,Jhapa,Birtamode Municipality,7,0,,False,0,,False,0,False,0,26.21
office,118561,750.4,Bagmati,Chitwan,Bharatpur Metropolitan City,26,0,semi-furnished,True,30,,False,1,False,24,43.67
office,142891,1896.2,Lumbini,Rupandehi,Butwal Sub-Metropolitan City,7,0,unfurnished,True,16,,False,6,True,6,40.78
land,15993251,3249.41,Bagmati,Lalitpur,Lalitpur Metropolitan City,5,0,,False,20,,False,0,False,0,49.33
room,48688,478.91,Bagmati,Bhaktapur,Bhaktapur Municipality,23,2,fully-furnished,True,10,single,True,2,False,9,55.57
room,43464,625.3,Koshi,Jhapa,Birtamode Municipality,20,1,fully-furnished,False,13,1bhk,False,3,False,11,47.29
home,42544048,1797.03,Bagmati,Kathmandu,Kathmandu Metropolitan City,4,1,semi-furnished,False,10,,False,2,False,40,67.91
land,34925368,1514.23,Gandaki,Kaski,Pokhara Metropolitan City,22,0,,False,25,,False,0,False,0,52.05
room,35439,654.49,Lumbini,Rupandehi,Butwal Sub-Metropolitan City,22,1,fully-furnished,True,16,single,False,2,False,29,55.75
home,19303483,2759.45,Bagmati,Kathmandu,Kathmandu Metropolitan City,15,2,semi-furnished,False,30,,False,4,False,13,71.51
home,9948014,2323.83,Koshi,Jhapa,Birtamode Municipality,1,3,fully-furnished,True,10,,False,3,False,28,57.84
room,21049,977.78,Gandaki,Kaski,Pokhara Metropolitan City,3,1,semi-furnished,True,10,shared,True,3,False,27,52.26
home,16816355,1623.15,Sudurpashchim,Kailali,Dhangadhi Sub-Metropolitan City,12,3,fully-furnished,True,30,,False,2,False,24,60.58
room,23738,374.57,Bagmati,Lalitpur,Lalitpur Metropolitan City,14,1,semi-furnished,True,20,1bhk,False,1,False,3,55.64
home,30380272,1605.06,Bagmati,Bhaktapur,Bhaktapur Municipality,13,3,semi-furnished,False,25,,False,2,False,2,76.85
room,11490,394.91,Gandaki,Kaski,Pokhara Metropolitan City,10,1,fully-furnished,False,10,2bhk,True,4,False,25,47.08
home,48290019,3955.49,Bagmati,Lalitpur,Lalitpur Metropolitan City,25,5,semi-furnished,False,20,,False,4,False,11,74.82
room,40426,744.08,Koshi,Morang,Biratnagar Metropolitan City,31,2,semi-furnished,False,20,2bhk,True,2,False,7,74.68
office,60107,2160.73,Gandaki,Kaski,Pokhara Metropolitan City,16,0,semi-furnished,False,20,,False,3,False,16,45.51
land,22800337,3931.98,Sudurpashchim,Kailali,Dhangadhi Sub-Metropolitan City,9,0,,False,16,,False,0,False,0,40.39
room,38490,625.57,Sudurpashchim,Kailali,Dhangadhi Sub-Metropolitan City,15,1,semi-furnished,False,16,studio,False,3,False,25,30.32
room,19768,444.13,Lumbini,Rupandehi,Butwal Sub-Metropolitan City,18,2,fully-furnished,False,0,shared,True,3,False,26,33.32
land,9604123,4684.41,Sudurpashchim,Kailali,Dhangadhi Sub-Metropolitan City,18,0,,False,0,,False,0,False,0,28.95
room,29873,591.42,Bagmati,Lalitpur,Lalitpur Metropolitan City,3,1,unfurnished,False,13,shared,False,2,False,22,48.34
room,26471,793.07,Bagmati,Bhaktapur,Bhaktapur Municipality,1,1,semi-furnished,False,20,2bhk,True,4,False,20,61.15
home,19084474,1755.83,Sudurpashchim,Kailali,Dhangadhi Sub-Metropolitan City,26,4,fully-furnished,False,25,,False,4,False,21,62.79
room,35373,485.91,Bagmati,Lalitpur,Lalitpur Metropolitan City,13,1,semi-furnished,False,20,single,False,2,False,18,39.38
room,31243,549.82,Bagmati,Bhaktapur,Bhaktapur Municipality,1,1,fully-furnished,False,16,2bhk,False,5,False,9,54.47
land,13314044,4665.22,Koshi,Morang,Biratnagar Metropolitan City,3,0,,False,13,,False,0,False,0,40.21
office,28350,4758.86,Koshi,Jhapa,Birtamode Municipality,14,0,unfurnished,False,10,,False,8,True,21,32.01
room,44235,254.28,Lumbini,Rupandehi,Butwal Sub-Metropolitan City,6,1,fully-furnished,False,0,double,True,1,False,29,31.4
room,42366,309.74,Koshi,Jhapa,Birtamode Municipality,14,0,semi-furnished,True,13,1bhk,True,2,False,10,24.93
office,36926,4951.1,Koshi,Jhapa,Birtamode Municipality,11,0,unfurnished,False,16,,False,2,False,13,47.63
home,49613479,2615.24,Bagmati,Bhaktapur,Bhaktapur Municipality,20,4,fully-furnished,False,20,,False,2,False,32,83.81
room,17351,106.7,Lumbini,Rupandehi,Butwal Sub-Metropolitan City,13,2,fully-furnished,False,20,double,False,5,False,28,21.62
office,116638,3007.82,Lumbini,Rupandehi,Butwal Sub-Metropolitan City,30,0,fully-furnished,False,25,,False,8,False,19,46.58
home,46455595,1846.37,Koshi,Jhapa,Birtamode Municipality,27,4,semi-furnished,False,25,,False,2,False,36,62.96
office,134103,1426.57,Bagmati,Lalitpur,Lalitpur Metropolitan City,3,0,fully-furnished,False,25,,False,5,True,13,67.0
office,30031,4977.99,Lumbini,Rupandehi,Butwal Sub-Metropolitan City,8,0,fully-furnished,False,16,,False,8,True,16,50.83
land,45873613,814.89,Gandaki,Kaski,Pokhara Metropolitan City,30,0,,False,25,,False,0,False,0,77.53
office,132167,3806.0,Lumbini,Rupandehi,Butwal Sub-Metropolitan City,22,0,fully-furnished,False,0,,False,1,False,7,41.8
room,12471,536.28,Bagmati,Bhaktapur,Bhaktapur Municipality,30,0,unfurnished,True,16,double,False,3,False,26,28.6
home,16894147,3349.35,Bagmati,Bhaktapur,Bhaktapur Municipality,2,3,fully-furnished,False,10,,False,1,False,0,57.76
home,19540640,2303.97,Bagmati,Chitwan,Bharatpur Metropolitan City,29,1,unfurnished,True,16,,False,1,False,40,41.16
land,32795442,3668.49,Sudurpashchim,Kailali,Dhangadhi Sub-Metropolitan City,25,0,,False,0,,False,0,False,0,36.69
land,19757068,3998.59,Bagmati,Kathmandu,Kathmandu Metropolitan City,25,0,,False,13,,False,0,False,0,68.99
home,6875301,867.36,Gandaki,Kaski,Pokhara Metropolitan City,6,1,semi-furnished,True,25,,False,1,False,14,62.13
home,39393299,984.85,Bagmati,Lalitpur,Lalitpur Metropolitan City,11,1,semi-furnished,False,20,,False,2,False,39,60.14
office,48020,867.78,Gandaki,Kaski,Pokhara Metropolitan City,28,0,fully-furnished,False,13,,False,3,True,25,51.76
land,17770405,1614.9,Koshi,Morang,Biratnagar Metropolitan City,25,0,,False,0,,False,0,False,0,52.0
room,22323,160.6,Bagmati,Chitwan,Bharatpur Metropolitan City,3,2,semi-furnished,False,0,2bhk,True,3,False,30,42.72
room,16711,710.11,Bagmati,Lalitpur,Lalitpur Metropolitan City,25,1,fully-furnished,False,16,single,False,1,False,19,44.47
office,112357,2666.07,Lumbini,Rupandehi,Butwal Sub-Metropolitan City,15,0,fully-furnished,True,0,,False,2,False,15,40.75
home,30133855,1051.68,Koshi,Jhapa,Birtamode Municipality,6,4,semi-furnished,True,10,,False,4,False,13,70.5
home,27058002,3904.87,Bagmati,Kathmandu,Kathmandu Metropolitan City,29,2,semi-furnished,False,25,,False,1,False,33,68.34
room,29710,306.11,Koshi,Jhapa,Birtamode Municipality,2,1,fully-furnished,True,20,single,True,2,False,19,61.34
room,8396,498.12,Koshi,Jhapa,Birtamode Municipality,12,0,semi-furnished,True,10,single,True,2,False,4,46.02
home,10245531,1792.5,Bagmati,Lalitpur,Lalitpur Metropolitan City,14,4,unfurnished,False,13,,False,2,False,12,59.07
office,59728,3147.5,Gandaki,Kaski,Pokhara Metropolitan City,12,0,semi-furnished,False,25,,False,4,False,30,53.37
room,38848,439.95,Bagmati,Lalitpur,Lalitpur Metropolitan City,26,2,semi-furnished,False,10,studio,True,4,False,13,56.92
room,19514,597.57,Bagmati,Lalitpur,Lalitpur Metropolitan City,10,1,semi-furnished,False,13,studio,False,4,False,17,50.61
land,34491403,1287.62,Lumbini,Rupandehi,Butwal Sub-Metropolitan City,22,0,,False,10,,False,0,False,0,53.78
home,38601395,853.9,Bagmati,Bhaktapur,Bhaktapur Municipality,1,3,semi-furnished,False,16,,False,4,False,23,70.38
office,97110,3312.93,Koshi,Jhapa,Birtamode Municipality,20,0,fully-furnished,False,0,,False,2,False,36,41.7
home,28392719,4819.81,Bagmati,Bhaktapur,Bhaktapur Municipality,28,5,unfurnished,False,25,,False,3,False,3,83.34
office,24522,1439.06,Koshi,Jhapa,Birtamode Municipality,16,0,semi-furnished,True,25,,False,3,False,38,48.75
home,43811860,1839.14,Lumbini,Rupandehi,Butwal Sub-Metropolitan City,17,2,fully-furnished,True,30,,False,1,False,24,71.0
land,14128233,4466.83,Koshi,Jhapa,Birtamode Municipality,13,0,,False,30,,False,0,False,0,53.65
room,42943,550.58,Koshi,Jhapa,Birtamode Municipality,20,2,unfurnished,False,16,2bhk,True,1,False,20,46.84
home,31707329,3944.67,Koshi,Morang,Biratnagar Metropolitan City,18,3,fully-furnished,True,30,,False,4,False,0,74.94
land,46924173,2957.34,Bagmati,Lalitpur,Lalitpur Metropolitan City,27,0,,False,13,,False,0,False,0,56.64
home,14014872,2373.54,Koshi,Jhapa,Birtamode Municipality,12,2,semi-furnished,True,20,,False,1,False,28,51.69
home,17262762,1047.72,Gandaki,Kaski,Pokhara Metropolitan City,13,2,semi-furnished,False,16,,False,1,False,40,55.6
land,11367239,1068.54,Bagmati,Bhaktapur,Bhaktapur Municipality,19,0,,False,13,,False,0,False,0,62.48
room,39319,627.08,Bagmati,Lalitpur,Lalitpur Metropolitan City,2,2,unfurnished,True,0,single,False,1,False,21,37.0
land,3487341,2946.04,Bagmati,Kathmandu,Kathmandu Metropolitan City,14,0,,False,16,,False,0,False,0,54.69
room,30087,525.91,Sudurpashchim,Kailali,Dhangadhi Sub-Metropolitan City,32,2,semi-furnished,False,13,shared,True,3,False,21,26.99
office,134436,4883.93,Koshi,Jhapa,Birtamode Municipality,4,0,semi-furnished,True,0,,False,8,False,8,39.01
land,19679078,4789.57,Bagmati,Kathmandu,Kathmandu Metropolitan City,18,0,,False,13,,False,0,False,0,58.15
office,20410,3403.07,Lumbini,Rupandehi,Butwal Sub-Metropolitan City,27,0,unfurnished,False,0,,False,6,True,20,46.67
home,46110376,2480.69,Lumbini,Rupandehi,Butwal Sub-Metropolitan City,32,1,semi-furnished,False,16,,False,1,False,24,51.08
home,43379064,4453.41,Bagmati,Chitwan,Bharatpur Metropolitan City,10,5,fully-furnished,True,16,,False,1,False,19,70.7
office,145180,4513.12,Sudurpashchim,Kailali,Dhangadhi Sub-Metropolitan City,11,0,fully-furnished,False,25,,False,4,True,13,55.43
land,4961040,2570.04,Bagmati,Bhaktapur,Bhaktapur Municipality,7,0,,False,10,,False,0,False,0,61.39
office,53767,1335.77,Koshi,Morang,Biratnagar Metropolitan City,18,0,unfurnished,False,25,,False,2,True,34,41.73
land,41652832,4449.34,Lumbini,Rupandehi,Butwal Sub-Metropolitan City,22,0,,False,30,,False,0,False,0,59.91
room,33011,919.15,Bagmati,Lalitpur,Lalitpur Metropolitan City,25,2,fully-furnished,True,13,single,False,1,False,3,66.86
room,15609,770.16,Bagmati,Lalitpur,Lalitpur Metropolitan City,13,1,fully-furnished,False,16,1bhk,True,3,False,1,64.04
home,26450877,4915.37,Sudurpashchim,Kailali,Dhangadhi Sub-Metropolitan City,25,3,unfurnished,True,20,,False,2,False,6,54.9
land,22919491,2058.48,Koshi,Jhapa,Birtamode Municipality,30,0,,False,30,,False,0,False,0,57.45
office,57144,992.9,Gandaki,Kaski,Pokhara Metropolitan City,30,0,fully-furnished,True,20,,False,6,False,32,61.02
room,22136,667.97,Bagmati,Lalitpur,Lalitpur Metropolitan City,31,2,semi-furnished,False,0,shared,True,2,False,27,29.83
land,29293780,4384.15,Gandaki,Kaski,Pokhara Metropolitan City,12,0,,False,13,,False,0,False,0,51.83
land,48493010,2150.86,Bagmati,Bhaktapur,Bhaktapur Municipality,26,0,,False,16,,False,0,False,0,47.75
office,115257,637.57,Koshi,Morang,Biratnagar Metropolitan City,26,0,semi-furnished,False,25,,False,4,False,6,63.0
room,27927,864.83,Bagmati,Bhaktapur,Bhaktapur Municipality,4,2,unfurnished,True,20,double,False,4,False,9,37.52
home,18130189,4178.31,Bagmati,Bhaktapur,Bhaktapur Municipality,14,1,semi-furnished,True,25,,False,2,False,24,56.73
home,36801263,1203.4,Koshi,Jhapa,Birtamode Municipality,4,2,fully-furnished,True,20,,False,3,False,37,65.18
home,12972703,1829.0,Koshi,Jhapa,Birtamode Municipality,26,2,semi-furnished,False,13,,False,2,False,24,64.89
office,105615,1593.52,Bagmati,Lalitpur,Lalitpur Metropolitan City,25,0,semi-furnished,False,0,,False,2,True,5,48.44
office,95101,408.23,Bagmati,Lalitpur,Lalitpur Metropolitan City,15,0,unfurnished,False,13,,False,2,True,24,34.79
office,33033,2985.69,Lumbini,Rupandehi,Butwal Sub-Metropolitan City,20,0,semi-furnished,True,25,,False,3,False,1,75.34
office,96640,2738.84,Koshi,Jhapa,Birtamode Municipality,5,0,unfurnished,True,30,,False,4,True,11,39.42
land,11257430,4142.21,Bagmati,Bhaktapur,Bhaktapur Municipality,29,0,,False,0,,False,0,False,0,21.82
home,22230904,1168.85,Bagmati,Bhaktapur,Bhaktapur Municipality,11,1,fully-furnished,True,20,,False,3,False,23,71.8
home,49168327,4903.83,Sudurpashchim,Kailali,Dhangadhi Sub-Metropolitan City,28,1,fully-furnished,False,0,,False,3,False,34,37.99
home,40075538,3719.43,Lumbini,Rupandehi,Butwal Sub-Metropolitan City,32,3,unfurnished,True,25,,False,1,False,2,59.76
land,17442695,1309.17,Gandaki,Kaski,Pokhara Metropolitan City,13,0,,False,10,,False,0,False,0,57.87
home,46762701,1965.06,Sudurpashchim,Kailali,Dhangadhi Sub-Metropolitan City,23,4,fully-furnished,False,13,,False,4,False,10,68.24
office,108673,4740.28,Koshi,Jhapa,Birtamode Municipality,6,0,semi-furnished,True,20,,False,4,True,40,36.22
home,48471183,3167.3,Bagmati,Chitwan,Bharatpur Metropolitan City,24,5,unfurnished,True,16,,False,2,False,20,50.3
office,52440,4830.88,Koshi,Jhapa,Birtamode Municipality,2,0,fully-furnished,False,0,,False,2,False,4,47.73
land,21337698,4609.76,Koshi,Morang,Biratnagar Metropolitan City,24,0,,False,10,,False,0,False,0,49.65
room,22563,188.15,Gandaki,Kaski,Pokhara Metropolitan City,1,2,fully-furnished,True,10,1bhk,False,5,False,26,35.64
land,21924479,3711.96,Lumbini,Rupandehi,Butwal Sub-Metropolitan City,23,0,,False,20,,False,0,False,0,68.17
land,29143152,1434.21,Bagmati,Chitwan,Bharatpur Metropolitan City,4,0,,False,10,,False,0,False,0,39.11
office,53955,3083.86,Koshi,Morang,Biratnagar Metropolitan City,31,0,fully-furnished,True,25,,False,3,True,24,42.9
land,19717598,3742.26,Bagmati,Chitwan,Bharatpur Metropolitan City,24,0,,False,25,,False,0,False,0,47.83
office,66399,2363.11,Koshi,Jhapa,Birtamode Municipality,12,0,semi-furnished,False,13,,False,7,True,19,37.21
room,13907,793.52,Bagmati,Lalitpur,Lalitpur Metropolitan City,27,0,fully-furnished,True,0,double,True,1,False,23,44.75
office,75572,4822.18,Bagmati,Chitwan,Bharatpur Metropolitan City,1,0,unfurnished,True,16,,False,8,True,25,33.9
home,40857931,3799.47,Bagmati,Kathmandu,Kathmandu Metropolitan City,1,3,fully-furnished,True,20,,False,4,False,10,81.79
home,13946873,1115.51,Sudurpashchim,Kailali,Dhangadhi Sub-Metropolitan City,12,5,semi-furnished,True,16,,False,4,False,24,50.67
room,24368,404.16,Bagmati,Bhaktapur,Bhaktapur Municipality,8,0,semi-furnished,False,16,shared,False,2,False,0,58.95
home,48149230,4702.26,Koshi,Jhapa,Birtamode Municipality,20,5,fully-furnished,False,20,,False,4,False,3,72.63
land,26749340,2112.77,Koshi,Morang,Biratnagar Metropolitan City,30,0,,False,0,,False,0,False,0,51.31
room,8580,461.86,Bagmati,Kathmandu,Kathmandu Metropolitan City,12,0,semi-furnished,False,10,single,True,4,False,3,50.83
land,19786259,4008.62,Lumbini,Rupandehi,Butwal Sub-Metropolitan City,10,0,,False,10,,False,0,False,0,49.97
office,76143,1706.64,Lumbini,Rupandehi,Butwal Sub-Metropolitan City,24,0,fully-furnished,False,0,,False,8,False,10,45.37
room,21006,105.23,Bagmati,Bhaktapur,Bhaktapur Municipality,28,0,fully-furnished,False,0,double,False,4,False,23,19.67
land,35164941,3564.68,Koshi,Morang,Biratnagar Metropolitan City,11,0,,False,25,,False,0,False,0,59.53
land,36256978,2802.99,Bagmati,Chitwan,Bharatpur Metropolitan City,27,0,,False,30,,False,0,False,0,70.04
room,33483,551.67,Bagmati,Bhaktapur,Bhaktapur Municipality,26,1,fully-furnished,True,0,double,True,3,False,16,47.75
home,27960693,3648.9,Bagmati,Kathmandu,Kathmandu Metropolitan City,4,4,unfurnished,True,16,,False,4,False,18,71.57
office,52472,3876.23,Bagmati,Chitwan,Bharatpur Metropolitan City,6,0,unfurnished,True,25,,False,3,True,17,47.89
room,36125,699.7,Bagmati,Lalitpur,Lalitpur Metropolitan City,16,1,semi-furnished,True,20,1bhk,True,2,False,27,64.6
home,7574727,1355.64,Bagmati,Bhaktapur,Bhaktapur Municipality,8,3,fully-furnished,True,16,,False,1,False,39,57.45
land,38230219,2335.52,Gandaki,Kaski,Pokhara Metropolitan City,4,0,,False,13,,False,0,False,0,69.02
home,9117110,2589.52,Gandaki,Kaski,Pokhara Metropolitan City,22,5,semi-furnished,True,13,,False,1,False,17,66.47
room,24185,740.43,Koshi,Morang,Biratnagar Metropolitan City,23,1,fully-furnished,True,0,single,True,3,False,6,35.99
office,33207,4569.87,Bagmati,Chitwan,Bharatpur Metropolitan City,18,0,semi-furnished,True,13,,False,8,False,21,37.26
land,48832771,3576.47,Bagmati,Chitwan,Bharatpur Metropolitan City,7,0,,False,20,,False,0,False,0,46.22
room,31683,767.16,Bagmati,Bhaktapur,Bhaktapur Municipality,24,1,fully-furnished,False,10,1bhk,False,1,False,28,49.33
home,48913031,972.36,Bagmati,Lalitpur,Lalitpur Metropolitan City,8,2,fully-furnished,False,0,,False,1,False,34,47.94
room,21238,990.68,Koshi,Morang,Biratnagar Metropolitan City,31,1,fully-furnished,True,10,studio,False,5,False,11,43.81
office,28874,4580.99,Koshi,Morang,Biratnagar Metropolitan City,8,0,semi-furnished,False,20,,False,1,True,38,21.59
home,42995345,990.87,Bagmati,Chitwan,Bharatpur Metropolitan City,19,1,unfurnished,True,25,,False,4,False,31,52.65
land,37177092,2582.3,Sudurpashchim,Kailali,Dhangadhi Sub-Metropolitan City,11,0,,False,16,,False,0,False,0,25.96
office,47122,3153.93,Sudurpashchim,Kailali,Dhangadhi Sub-Metropolitan City,26,0,fully-furnished,True,10,,False,4,True,32,28.13
room,27422,867.23,Lumbini,Rupandehi,Butwal Sub-Metropolitan City,20,1,unfurnished,True,10,double,True,5,False,7,50.79
land,21639923,4750.8,Bagmati,Chitwan,Bharatpur Metropolitan City,10,0,,False,10,,False,0,False,0,51.46
land,17091008,4955.01,Bagmati,Chitwan,Bharatpur Metropolitan City,16,0,,False,20,,False,0,False,0,53.43
land,27770563,3420.54,Bagmati,Lalitpur,Lalitpur Metropolitan City,23,0,,False,13,,False,0,False,0,43.94
room,48074,467.51,Bagmati,Lalitpur,Lalitpur Metropolitan City,9,1,semi-furnished,True,0,shared,True,3,False,5,46.88
land,49178642,3807.19,Bagmati,Chitwan,Bharatpur Metropolitan City,7,0,,False,16,,False,0,False,0,49.67
home,23038426,1726.68,Bagmati,Chitwan,Bharatpur Metropolitan City,29,2,unfurnished,False,10,,False,4,False,14,41.87
room,14140,911.95,Koshi,Jhapa,Birtamode Municipality,10,2,fully-furnished,False,10,double,True,5,False,15,58.14
room,19647,379.14,Bagmati,Bhaktapur,Bhaktapur Municipality,2,2,unfurnished,True,0,double,True,4,False,7,45.62
office,37995,3704.24,Lumbini,Rupandehi,Butwal Sub-Metropolitan City,7,0,unfurnished,True,20,,False,2,False,24,38.95
land,46250462,3982.82,Bagmati,Kathmandu,Kathmandu Metropolitan City,1,0,,False,0,,False,0,False,0,46.83
home,47103052,1924.16,Bagmati,Bhaktapur,Bhaktapur Municipality,6,5,fully-furnished,True,30,,False,1,False,34,79.66
land,40772306,1298.69,Koshi,Morang,Biratnagar Metropolitan City,13,0,,False,16,,False,0,False,0,33.47
room,23978,531.02,Bagmati,Bhaktapur,Bhaktapur Municipality,22,0,unfurnished,False,20,single,True,1,False,3,43.66
room,35216,560.39,Sudurpashchim,Kailali,Dhangadhi Sub-Metropolitan City,7,1,fully-furnished,True,0,double,False,4,False,4,36.37
room,33214,929.52,Koshi,Morang,Biratnagar Metropolitan City,15,0,semi-furnished,True,0,double,True,3,False,11,31.15
room,13557,424.44,Bagmati,Lalitpur,Lalitpur Metropolitan City,8,0,unfurnished,True,10,studio,False,5,False,5,36.48
home,24260616,3423.98,Koshi,Jhapa,Birtamode Municipality,20,3,fully-furnished,False,16,,False,3,False,16,77.73
land,12837427,4044.47,Bagmati,Lalitpur,Lalitpur Metropolitan City,10,0,,False,13,,False,0,False,0,56.51
office,122963,3690.31,Bagmati,Bhaktapur,Bhaktapur Municipality,29,0,semi-furnished,True,0,,False,7,False,9,34.01
room,33232,263.69,Bagmati,Lalitpur,Lalitpur Metropolitan City,9,1,semi-furnished,False,16,studio,False,5,False,25,40.4
home,41865533,2409.38,Koshi,Morang,Biratnagar Metropolitan City,16,4,unfurnished,False,20,,False,2,False,24,69.84
office,50827,3604.54,Bagmati,Lalitpur,Lalitpur Metropolitan City,15,0,semi-furnished,True,10,,False,1,False,35,48.44
home,28444316,1050.23,Lumbini,Rupandehi,Butwal Sub-Metropolitan City,8,3,fully-furnished,False,16,,False,2,False,35,62.64
home,8749081,4276.85,Koshi,Jhapa,Birtamode Municipality,14,2,fully-furnished,True,16,,False,1,False,27,49.83
land,7950640,3549.81,Koshi,Morang,Biratnagar Metropolitan City,7,0,,False,16,,False,0,False,0,53.4
land,8301150,2270.55,Bagmati,Bhaktapur,Bhaktapur Municipality,10,0,,False,10,,False,0,False,0,52.03
land,15242301,1343.78,Bagmati,Lalitpur,Lalitpur Metropolitan City,27,0,,False,16,,False,0,False,0,63.53
room,30107,470.37,Bagmati,Bhaktapur,Bhaktapur Municipality,31,2,unfurnished,True,13,single,True,1,False,28,44.79
home,33428708,845.64,Bagmati,Kathmandu,Kathmandu Metropolitan City,11,4,unfurnished,False,20,,False,3,False,14,77.63
home,39997342,4887.11,Koshi,Jhapa,Birtamode Municipality,18,4,fully-furnished,True,16,,False,1,False,14,60.36
home,36436214,4229.55,Koshi,Jhapa,Birtamode Municipality,5,4,semi-furnished,False,30,,False,4,False,10,79.48
room,15104,275.26,Bagmati,Kathmandu,Kathmandu Metropolitan City,28,0,fully-furnished,False,20,shared,True,2,False,9,53.72
land,3736654,1611.21,Bagmati,Bhaktapur,Bhaktapur Municipality,5,0,,False,30,,False,0,False,0,77.74
home,7172098,3481.23,Bagmati,Chitwan,Bharatpur Metropolitan City,13,2,semi-furnished,True,20,,False,1,False,36,48.28
land,23710121,2052.7,Lumbini,Rupandehi,Butwal Sub-Metropolitan City,4,0,,False,0,,False,0,False,0,58.1
room,28609,550.19,Koshi,Morang,Biratnagar Metropolitan City,26,2,unfurnished,False,10,2bhk,True,3,False,13,40.58
land,28643084,801.85,Sudurpashchim,Kailali,Dhangadhi Sub-Metropolitan City,10,0,,False,16,,False,0,False,0,41.53
room,38350,236.38,Bagmati,Kathmandu,Kathmandu Metropolitan City,11,0,unfurnished,True,10,double,True,2,False,30,27.99
room,30218,806.82,Sudurpashchim,Kailali,Dhangadhi Sub-Metropolitan City,29,1,semi-furnished,False,0,2bhk,False,2,False,6,31.62
home,6002724,1209.11,Bagmati,Lalitpur,Lalitpur Metropolitan City,32,2,semi-furnished,True,16,,False,1,False,29,63.89
home,23798355,1478.18,Koshi,Morang,Biratnagar Metropolitan City,19,5,semi-furnished,False,0,,False,1,False,11,61.31
room,36969,980.64,Lumbini,Rupandehi,Butwal Sub-Metropolitan City,31,1,fully-furnished,False,0,shared,False,4,False,13,36.92
office,101871,2708.65,Bagmati,Bhaktapur,Bhaktapur Municipality,24,0,semi-furnished,False,0,,False,7,False,16,33.89
land,40634678,3708.9,Bagmati,Kathmandu,Kathmandu Metropolitan City,16,0,,False,0,,False,0,False,0,65.52
land,41261026,2316.03,Bagmati,Bhaktapur,Bhaktapur Municipality,19,0,,False,16,,False,0,False,0,68.67
home,49905934,4471.47,Bagmati,Lalitpur,Lalitpur Metropolitan City,25,1,semi-furnished,False,16,,False,4,False,6,67.27
home,31638519,4653.33,Bagmati,Lalitpur,Lalitpur Metropolitan City,7,4,fully-furnished,False,13,,False,1,False,20,66.08
office,82419,3600.77,Koshi,Morang,Biratnagar Metropolitan City,14,0,fully-furnished,False,16,,False,1,True,30,46.09
home,45337622,3186.47,Bagmati,Bhaktapur,Bhaktapur Municipality,21,4,fully-furnished,False,30,,False,4,False,30,78.8
land,48880413,4432.49,Gandaki,Kaski,Pokhara Metropolitan City,14,0,,False,16,,False,0,False,0,43.85
room,12538,175.23,Bagmati,Chitwan,Bharatpur Metropolitan City,12,1,semi-furnished,True,13,2bhk,False,4,False,16,27.24
room,14058,847.49,Gandaki,Kaski,Pokhara Metropolitan City,12,2,semi-furnished,False,10,double,False,4,False,15,30.27
home,43273317,2289.71,Lumbini,Rupandehi,Butwal Sub-Metropolitan City,28,4,fully-furnished,True,0,,False,2,False,20,65.34
land,12897657,4554.95,Koshi,Morang,Biratnagar Metropolitan City,10,0,,False,16,,False,0,False,0,52.44
land,3246751,1830.05,Koshi,Morang,Biratnagar Metropolitan City,27,0,,False,16,,False,0,False,0,44.04
office,117741,471.48,Bagmati,Bhaktapur,Bhaktapur Municipality,7,0,fully-furnished,False,25,,False,3,False,13,70.33
home,43710837,4881.33,Koshi,Morang,Biratnagar Metropolitan City,13,1,semi-furnished,False,0,,False,3,False,19,33.22
land,33601473,3490.32,Sudurpashchim,Kailali,Dhangadhi Sub-Metropolitan City,32,0,,False,16,,False,0,False,0,33.14
room,35908,845.37,Koshi,Jhapa,Birtamode Municipality,23,1,fully-furnished,True,16,studio,False,2,False,17,49.82
office,106455,1639.63,Bagmati,Bhaktapur,Bhaktapur Municipality,25,0,unfurnished,False,25,,False,5,True,5,64.14
land,30600511,3349.92,Bagmati,Lalitpur,Lalitpur Metropolitan City,2,0,,False,0,,False,0,False,0,59.88
land,5190133,2864.45,Lumbini,Rupandehi,Butwal Sub-Metropolitan City,29,0,,False,25,,False,0,False,0,50.16
office,79589,1347.53,Bagmati,Chitwan,Bharatpur Metropolitan City,14,0,unfurnished,False,0,,False,4,False,7,45.05
office,104523,4567.57,Koshi,Morang,Biratnagar Metropolitan City,27,0,unfurnished,False,0,,False,6,True,32,23.82
room,35178,376.66,Bagmati,Chitwan,Bharatpur Metropolitan City,17,1,fully-furnished,False,0,single,True,2,False,25,33.15
room,45498,253.37,Koshi,Morang,Biratnagar Metropolitan City,22,2,fully-furnished,False,10,1bhk,False,1,False,25,41.65
home,16657968,4904.89,Koshi,Jhapa,Birtamode Municipality,25,4,semi-furnished,True,16,,False,2,False,6,69.31
land,45098623,4325.03,Bagmati,Bhaktapur,Bhaktapur Municipality,26,0,,False,13,,False,0,False,0,35.85
home,11258935,1655.8,Sudurpashchim,Kailali,Dhangadhi Sub-Metropolitan City,21,1,semi-furnished,True,25,,False,2,False,1,80.38
land,11760928,808.75,Sudurpashchim,Kailali,Dhangadhi Sub-Metropolitan City,25,0,,False,16,,False,0,False,0,58.48
home,19881741,3540.6,Koshi,Morang,Biratnagar Metropolitan City,16,3,fully-furnished,True,25,,False,4,False,16,65.85
room,49119,941.48,Bagmati,Kathmandu,Kathmandu Metropolitan City,6,0,unfurnished,True,0,studio,True,1,False,4,48.15
room,40390,183.5,Bagmati,Chitwan,Bharatpur Metropolitan City,12,1,fully-furnished,False,0,studio,True,4,False,2,41.12
land,28182894,3655.55,Lumbini,Rupandehi,Butwal Sub-Metropolitan City,14,0,,False,13,,False,0,False,0,50.7
home,16990815,2054.77,Lumbini,Rupandehi,Butwal Sub-Metropolitan City,12,5,unfurnished,True,0,,False,3,False,22,48.73
land,20079274,2943.52,Lumbini,Rupandehi,Butwal Sub-Metropolitan City,11,0,,False,0,,False,0,False,0,35.77
land,13223768,2927.38,Gandaki,Kaski,Pokhara Metropolitan City,2,0,,False,10,,False,0,False,0,49.55
land,12298941,826.84,Koshi,Morang,Biratnagar Metropolitan City,14,0,,False,10,,False,0,False,0,56.45
home,18370604,1949.4,Bagmati,Lalitpur,Lalitpur Metropolitan City,18,1,semi-furnished,False,16,,False,4,False,27,62.48
office,45936,1475.44,Sudurpashchim,Kailali,Dhangadhi Sub-Metropolitan City,13,0,unfurnished,False,16,,False,2,False,10,35.14
office,75540,4449.43,Gandaki,Kaski,Pokhara Metropolitan City,28,0,unfurnished,False,30,,False,6,True,38,51.08
office,69015,2965.57,Koshi,Jhapa,Birtamode Municipality,13,0,unfurnished,True,16,,False,3,True,32,12.92
office,134983,3138.25,Bagmati,Chitwan,Bharatpur Metropolitan City,19,0,unfurnished,False,16,,False,1,True,11,53.48
office,29521,1981.4,Koshi,Morang,Biratnagar Metropolitan City,12,0,fully-furnished,False,13,,False,3,False,7,35.54
room,22009,745.12,Bagmati,Kathmandu,Kathmandu Metropolitan City,1,2,unfurnished,False,10,1bhk,True,4,False,9,45.43
home,45795771,3156.03,Gandaki,Kaski,Pokhara Metropolitan City,7,1,unfurnished,False,25,,False,4,False,20,49.23
home,38147367,1008.57,Koshi,Morang,Biratnagar Metropolitan City,13,4,fully-furnished,False,16,,False,1,False,7,59.55
home,20866006,3282.92,Lumbini,Rupandehi,Butwal Sub-Metropolitan City,21,5,fully-furnished,False,0,,False,1,False,29,65.48
home,40800364,955.43,Bagmati,Chitwan,Bharatpur Metropolitan City,26,5,fully-furnished,False,25,,False,1,False,4,76.15
land,21433029,3809.99,Lumbini,Rupandehi,Butwal Sub-Metropolitan City,27,0,,False,13,,False,0,False,0,50.99
office,61048,2915.32,Koshi,Morang,Biratnagar Metropolitan City,6,0,semi-furnished,True,16,,False,5,False,31,39.65
room,11134,126.36,Bagmati,Lalitpur,Lalitpur Metropolitan City,7,0,fully-furnished,True,13,2bhk,False,2,False,5,41.76
home,41074931,4227.82,Bagmati,Lalitpur,Lalitpur Metropolitan City,24,1,unfurnished,True,13,,False,1,False,7,59.05
room,48157,337.35,Bagmati,Kathmandu,Kathmandu Metropolitan City,5,2,semi-furnished,True,10,1bhk,False,1,False,4,38.97
home,49844508,3475.0,Koshi,Morang,Biratnagar Metropolitan City,27,1,unfurnished,True,20,,False,4,False,31,60.1
room,25289,303.25,Bagmati,Chitwan,Bharatpur Metropolitan City,31,1,unfurnished,True,13,1bhk,True,2,False,22,29.18
land,3881012,959.15,Bagmati,Lalitpur,Lalitpur Metropolitan City,32,0,,False,25,,False,0,False,0,45.32
office,33701,1183.21,Gandaki,Kaski,Pokhara Metropolitan City,25,0,semi-furnished,True,30,,False,6,False,29,48.64
land,27403721,1640.77,Bagmati,Bhaktapur,Bhaktapur Municipality,9,0,,False,16,,False,0,False,0,67.02
home,23645421,1589.4,Lumbini,Rupandehi,Butwal Sub-Metropolitan City,26,4,fully-furnished,False,30,,False,1,False,9,86.47
land,33926906,1734.42,Lumbini,Rupandehi,Butwal Sub-Metropolitan City,8,0,,False,10,,False,0,False,0,46.11
land,33376217,3546.11,Bagmati,Chitwan,Bharatpur Metropolitan City,31,0,,False,13,,False,0,False,0,44.91
land,17231510,2224.04,Bagmati,Chitwan,Bharatpur Metropolitan City,6,0,,False,10,,False,0,False,0,44.43
office,55728,549.84,Koshi,Jhapa,Birtamode Municipality,22,0,semi-furnished,True,0,,False,7,False,12,49.09
home,23517060,1541.91,Bagmati,Chitwan,Bharatpur Metropolitan City,26,5,unfurnished,False,20,,False,4,False,6,70.84
home,8566015,1722.24,Bagmati,Kathmandu,Kathmandu Metropolitan City,8,1,unfurnished,False,10,,False,1,False,34,52.14
room,34513,894.34,Bagmati,Lalitpur,Lalitpur Metropolitan City,15,2,semi-furnished,True,10,2bhk,False,4,False,6,63.0
home,45017914,3474.98,Bagmati,Bhaktapur,Bhaktapur Municipality,23,3,unfurnished,True,0,,False,2,False,32,49.12
room,12551,253.21,Lumbini,Rupandehi,Butwal Sub-Metropolitan City,16,1,fully-furnished,False,16,double,True,4,False,13,40.59
land,8165843,4889.79,Koshi,Morang,Biratnagar Metropolitan City,12,0,,False,10,,False,0,False,0,40.87
room,40001,624.84,Bagmati,Kathmandu,Kathmandu Metropolitan City,31,1,semi-furnished,True,0,single,False,2,False,16,41.85
home,11710380,4056.08,Sudurpashchim,Kailali,Dhangadhi Sub-Metropolitan City,10,3,unfurnished,False,16,,False,4,False,22,47.18
room,38064,328.18,Sudurpashchim,Kailali,Dhangadhi Sub-Metropolitan City,32,0,semi-furnished,False,13,1bhk,False,1,False,8,38.02
land,17781103,4908.14,Sudurpashchim,Kailali,Dhangadhi Sub-Metropolitan City,10,0,,False,25,,False,0,False,0,49.14
room,45852,127.81,Bagmati,Bhaktapur,Bhaktapur Municipality,32,2,semi-furnished,True,0,double,False,1,False,30,25.62
office,109006,1546.95,Bagmati,Chitwan,Bharatpur Metropolitan City,12,0,semi-furnished,False,16,,False,7,False,19,40.3
land,11251790,4286.94,Gandaki,Kaski,Pokhara Metropolitan City,22,0,,False,16,,False,0,False,0,52.15
room,8546,199.17,Lumbini,Rupandehi,Butwal Sub-Metropolitan City,19,2,unfurnished,True,16,2bhk,True,5,False,30,10.78
home,9336339,2844.66,Bagmati,Chitwan,Bharatpur Metropolitan City,20,3,fully-furnished,False,0,,False,2,False,18,62.53
land,31878476,2015.03,Bagmati,Lalitpur,Lalitpur Metropolitan City,32,0,,False,13,,False,0,False,0,57.25
land,22009628,1292.19,Bagmati,Kathmandu,Kathmandu Metropolitan City,17,0,,False,30,,False,0,False,0,74.73
home,14572693,3795.43,Sudurpashchim,Kailali,Dhangadhi Sub-Metropolitan City,6,2,semi-furnished,True,13,,False,2,False,2,34.83
room,49749,830.54,Lumbini,Rupandehi,Butwal Sub-Metropolitan City,16,2,semi-furnished,False,0,shared,False,5,False,9,57.49
office,38242,4080.59,Bagmati,Bhaktapur,Bhaktapur Municipality,21,0,unfurnished,True,13,,False,3,False,35,34.96
room,45136,177.04,Gandaki,Kaski,Pokhara Metropolitan City,20,2,unfurnished,True,16,studio,True,2,False,16,47.58
room,36027,521.54,Lumbini,Rupandehi,Butwal Sub-Metropolitan City,23,2,semi-furnished,False,16,single,True,4,False,2,44.07
room,32452,622.29,Bagmati,Bhaktapur,Bhaktapur Municipality,16,1,unfurnished,False,0,studio,True,4,False,21,37.23
office,31096,4244.23,Bagmati,Kathmandu,Kathmandu Metropolitan City,30,0,fully-furnished,False,30,,False,2,False,38,46.2
room,11988,721.53,Bagmati,Lalitpur,Lalitpur Metropolitan City,31,0,unfurnished,True,10,1bhk,True,5,False,23,32.65
home,47927401,4559.22,Lumbini,Rupandehi,Butwal Sub-Metropolitan City,15,2,semi-furnished,False,25,,False,1,False,31,73.61
land,43519705,700.15,Gandaki,Kaski,Pokhara Metropolitan City,5,0,,False,0,,False,0,False,0,43.31
land,34792314,1578.46,Sudurpashchim,Kailali,Dhangadhi Sub-Metropolitan City,16,0,,False,0,,False,0,False,0,41.34
office,35966,561.57,Sudurpashchim,Kailali,Dhangadhi Sub-Metropolitan City,26,0,semi-furnished,False,16,,False,3,True,34,43.65
office,103387,2332.06,Bagmati,Chitwan,Bharatpur Metropolitan City,8,0,fully-furnished,True,10,,False,4,True,32,52.33
home,24424595,2817.96,Sudurpashchim,Kailali,Dhangadhi Sub-Metropolitan City,31,1,unfurnished,False,13,,False,3,False,25,44.96
land,31510057,2492.65,Koshi,Jhapa,Birtamode Municipality,30,0,,False,10,,False,0,False,0,47.77
room,33521,208.11,Bagmati,Kathmandu,Kathmandu Metropolitan City,30,0,unfurnished,False,0,2bhk,False,1,False,29,38.93
home,35759359,4506.18,Koshi,Morang,Biratnagar Metropolitan City,30,3,fully-furnished,True,13,,False,2,False,22,61.69
office,39844,1120.14,Sudurpashchim,Kailali,Dhangadhi Sub-Metropolitan City,5,0,semi-furnished,False,16,,False,3,False,19,41.43
land,34658761,2319.05,Koshi,Jhapa,Birtamode Municipality,31,0,,False,20,,False,0,False,0,59.55
room,46591,727.99,Bagmati,Bhaktapur,Bhaktapur Municipality,9,1,unfurnished,False,0,single,True,2,False,7,48.19
land,34971535,4717.21,Bagmati,Lalitpur,Lalitpur Metropolitan City,32,0,,False,13,,False,0,False,0,61.65
home,16676805,4579.14,Gandaki,Kaski,Pokhara Metropolitan City,7,4,semi-furnished,True,0,,False,3,False,7,67.22
land,43703760,3982.41,Bagmati,Kathmandu,Kathmandu Metropolitan City,29,0,,False,25,,False,0,False,0,50.98
home,35166080,1252.18,Bagmati,Kathmandu,Kathmandu Metropolitan City,21,4,fully-furnished,True,10,,False,3,False,31,85.24
room,18622,281.07,Lumbini,Rupandehi,Butwal Sub-Metropolitan City,15,2,unfurnished,True,0,1bhk,True,1,False,6,22.69
home,32382253,2310.16,Bagmati,Kathmandu,Kathmandu Metropolitan City,1,5,unfurnished,True,13,,False,2,False,33,66.21
home,36791674,3195.55,Lumbini,Rupandehi,Butwal Sub-Metropolitan City,14,5,semi-furnished,False,20,,False,2,False,4,65.91
office,94599,4407.69,Lumbini,Rupandehi,Butwal Sub-Metropolitan City,25,0,fully-furnished,True,30,,False,5,True,7,64.33
home,27207651,3326.26,Lumbini,Rupandehi,Butwal Sub-Metropolitan City,4,1,fully-furnished,False,30,,False,3,False,24,69.87
land,8018207,4862.89,Koshi,Morang,Biratnagar Metropolitan City,11,0,,False,20,,False,0,False,0,50.96
room,43778,656.78,Gandaki,Kaski,Pokhara Metropolitan City,26,0,unfurnished,False,13,2bhk,True,1,False,10,45.85
room,11892,401.09,Koshi,Jhapa,Birtamode Municipality,13,1,fully-furnished,False,0,double,False,1,False,25,40.42
room,47200,954.92,Bagmati,Kathmandu,Kathmandu Metropolitan City,5,0,unfurnished,False,10,shared,True,1,False,1,53.16
home,25362060,2612.37,Lumbini,Rupandehi,Butwal Sub-Metropolitan City,23,2,fully-furnished,True,0,,False,2,False,34,50.94
land,28315329,924.2,Koshi,Jhapa,Birtamode Municipality,31,0,,False,25,,False,0,False,0,61.75
office,35149,2882.86,Bagmati,Bhaktapur,Bhaktapur Municipality,28,0,semi-furnished,True,20,,False,6,False,12,59.67
office,32057,1419.4,Koshi,Morang,Biratnagar Metropolitan City,4,0,unfurnished,True,10,,False,7,True,0,34.24
land,32430987,943.61,Gandaki,Kaski,Pokhara Metropolitan City,5,0,,False,10,,False,0,False,0,57.02
land,46970328,2203.57,Bagmati,Chitwan,Bharatpur Metropolitan City,21,0,,False,10,,False,0,False,0,54.34
home,13212538,2810.55,Bagmati,Chitwan,Bharatpur Metropolitan City,26,1,fully-furnished,False,20,,False,2,False,31,55.6
home,29624499,3795.16,Koshi,Morang,Biratnagar Metropolitan City,29,5,semi-furnished,True,20,,False,3,False,20,78.79
land,30570593,2190.53,Sudurpashchim,Kailali,Dhangadhi Sub-Metropolitan City,4,0,,False,25,,False,0,False,0,51.06
room,16987,283.2,Lumbini,Rupandehi,Butwal Sub-Metropolitan City,6,1,semi-furnished,True,0,shared,True,1,False,7,35.77
office,129618,400.06,Lumbini,Rupandehi,Butwal Sub-Metropolitan City,8,0,fully-furnished,False,13,,False,7,False,5,45.24
room,33073,545.82,Bagmati,Kathmandu,Kathmandu Metropolitan City,25,2,semi-furnished,True,10,double,False,2,False,21,47.74
land,26340767,834.62,Koshi,Jhapa,Birtamode Municipality,20,0,,False,0,,False,0,False,0,29.68
room,30344,781.53,Koshi,Morang,Biratnagar Metropolitan City,14,2,semi-furnished,True,0,1bhk,False,3,False,27,22.58
office,94488,2991.23,Sudurpashchim,Kailali,Dhangadhi Sub-Metropolitan City,28,0,unfurnished,False,10,,False,7,False,15,42.86
land,21414190,4138.23,Bagmati,Bhaktapur,Bhaktapur Municipality,18,0,,False,0,,False,0,False,0,34.35
room,10530,613.97,Gandaki,Kaski,Pokhara Metropolitan City,22,1,semi-furnished,False,13,2bhk,True,1,False,9,38.12
room,9131,499.43,Koshi,Morang,Biratnagar Metropolitan City,12,2,fully-furnished,False,0,shared,False,5,False,6,20.51
land,43958453,1888.72,Koshi,Jhapa,Birtamode Municipality,6,0,,False,20,,False,0,False,0,45.46
land,21531733,1473.16,Koshi,Morang,Biratnagar Metropolitan City,29,0,,False,13,,False,0,False,0,37.53
home,14858411,3447.42,Lumbini,Rupandehi,Butwal Sub-Metropolitan City,15,5,unfurnished,True,10,,False,1,False,2,78.16
office,114025,497.19,Bagmati,Bhaktapur,Bhaktapur Municipality,21,0,fully-furnished,True,25,,False,5,False,1,73.03
land,8199537,2203.84,Koshi,Morang,Biratnagar Metropolitan City,16,0,,False,20,,False,0,False,0,45.2
land,24863332,1719.01,Lumbini,Rupandehi,Butwal Sub-Metropolitan City,5,0,,False,20,,False,0,False,0,74.19
office,134799,3316.87,Koshi,Morang,Biratnagar Metropolitan City,5,0,semi-furnished,True,0,,False,6,False,21,41.65
room,27271,948.23,Koshi,Jhapa,Birtamode Municipality,31,0,fully-furnished,False,0,shared,True,5,False,0,41.13
home,39103534,2945.34,Bagmati,Lalitpur,Lalitpur Metropolitan City,21,5,unfurnished,False,10,,False,4,False,37,33.85
home,48567885,4002.97,Bagmati,Kathmandu,Kathmandu Metropolitan City,25,1,fully-furnished,True,20,,False,4,False,34,86.88
land,37919157,3534.55,Bagmati,Lalitpur,Lalitpur Metropolitan City,31,0,,False,16,,False,0,False,0,42.12
room,27206,852.41,Koshi,Morang,Biratnagar Metropolitan City,13,1,semi-furnished,True,13,double,False,3,False,23,27.11
home,32509655,3877.75,Bagmati,Lalitpur,Lalitpur Metropolitan City,29,3,fully-furnished,False,20,,False,1,False,23,76.46
home,20419154,4102.48,Lumbini,Rupandehi,Butwal Sub-Metropolitan City,29,5,fully-furnished,True,30,,False,4,False,37,94.94
room,15730,407.41,Bagmati,Bhaktapur,Bhaktapur Municipality,19,0,semi-furnished,False,20,double,False,2,False,28,48.76
office,74870,1083.82,Bagmati,Bhaktapur,Bhaktapur Municipality,1,0,semi-furnished,False,25,,False,2,True,2,66.87
land,11883720,4956.71,Koshi,Jhapa,Birtamode Municipality,11,0,,False,20,,False,0,False,0,51.42
office,72732,1965.53,Sudurpashchim,Kailali,Dhangadhi Sub-Metropolitan City,28,0,unfurnished,True,25,,False,5,True,21,51.7
land,26820803,1017.14,Koshi,Morang,Biratnagar Metropolitan City,3,0,,False,16,,False,0,False,0,57.41
office,82535,1659.67,Koshi,Jhapa,Birtamode Municipality,28,0,unfurnished,True,25,,False,3,True,9,54.11
room,36743,441.44,Bagmati,Kathmandu,Kathmandu Metropolitan City,30,1,unfurnished,False,0,double,False,4,False,10,35.91
office,61756,1817.16,Bagmati,Kathmandu,Kathmandu Metropolitan City,19,0,fully-furnished,True,0,,False,4,False,33,44.97
room,18852,412.61,Bagmati,Chitwan,Bharatpur Metropolitan City,7,0,semi-furnished,False,16,studio,True,2,False,9,35.21
land,12462559,3565.66,Bagmati,Chitwan,Bharatpur Metropolitan City,15,0,,False,0,,False,0,False,0,37.19
home,7667244,3313.24,Gandaki,Kaski,Pokhara Metropolitan City,2,5,unfurnished,True,0,,False,4,False,1,47.49
home,43330245,4755.59,Koshi,Morang,Biratnagar Metropolitan City,19,4,unfurnished,False,20,,False,2,False,29,52.89
land,32008876,2610.94,Bagmati,Chitwan,Bharatpur Metropolitan City,8,0,,False,16,,False,0,False,0,42.08
land,47876742,4970.23,Bagmati,Chitwan,Bharatpur Metropolitan City,9,0,,False,0,,False,0,False,0,29.95
land,24952364,3827.65,Koshi,Morang,Biratnagar Metropolitan City,15,0,,False,10,,False,0,False,0,46.51
room,41609,508.12,Sudurpashchim,Kailali,Dhangadhi Sub-Metropolitan City,18,0,unfurnished,False,0,studio,True,5,False,10,37.86
land,42348837,1757.43,Gandaki,Kaski,Pokhara Metropolitan City,1,0,,False,16,,False,0,False,0,63.68
home,37514725,2774.48,Gandaki,Kaski,Pokhara Metropolitan City,17,2,unfurnished,False,13,,False,2,False,12,43.68
home,37929725,2624.14,Bagmati,Lalitpur,Lalitpur Metropolitan City,1,5,unfurnished,True,25,,False,2,False,2,70.58
room,23382,667.92,Koshi,Jhapa,Birtamode Municipality,25,1,semi-furnished,True,13,double,False,4,False,15,48.31
room,22347,365.88,Koshi,Jhapa,Birtamode Municipality,31,0,semi-furnished,False,16,shared,True,4,False,3,32.35
office,65557,3404.88,Bagmati,Bhaktapur,Bhaktapur Municipality,21,0,unfurnished,False,25,,False,3,False,31,40.32
home,39056903,2021.91,Koshi,Jhapa,Birtamode Municipality,2,2,semi-furnished,True,20,,False,3,False,16,66.75
office,75731,4102.44,Koshi,Morang,Biratnagar Metropolitan City,26,0,semi-furnished,False,0,,False,5,False,14,23.82
land,17851865,2624.84,Koshi,Morang,Biratnagar Metropolitan City,20,0,,False,20,,False,0,False,0,52.51
home,46158132,4781.09,Bagmati,Bhaktapur,Bhaktapur Municipality,8,5,semi-furnished,True,20,,False,1,False,1,64.28
land,40104101,4622.58,Koshi,Jhapa,Birtamode Municipality,22,0,,False,0,,False,0,False,0,31.64
home,15535615,3048.99,Bagmati,Kathmandu,Kathmandu Metropolitan City,24,5,semi-furnished,True,13,,False,2,False,23,71.57
office,52598,2898.87,Koshi,Morang,Biratnagar Metropolitan City,14,0,fully-furnished,True,30,,False,1,True,32,41.52
office,59513,1037.64,Koshi,Jhapa,Birtamode Municipality,3,0,fully-furnished,True,25,,False,4,True,17,61.01
office,117062,916.61,Bagmati,Lalitpur,Lalitpur Metropolitan City,26,0,semi-furnished,True,0,,False,2,False,1,50.8
home,31247880,3890.67,Bagmati,Kathmandu,Kathmandu Metropolitan City,7,2,unfurnished,False,30,,False,3,False,27,68.93
land,16600731,1878.41,Sudurpashchim,Kailali,Dhangadhi Sub-Metropolitan City,20,0,,False,0,,False,0,False,0,40.4
office,32197,1668.82,Bagmati,Chitwan,Bharatpur Metropolitan City,25,0,fully-furnished,False,20,,False,5,False,18,61.36
home,38355446,872.29,Sudurpashchim,Kailali,Dhangadhi Sub-Metropolitan City,25,4,semi-furnished,True,16,,False,2,False,36,58.26
office,82495,2401.3,Bagmati,Kathmandu,Kathmandu Metropolitan City,15,0,unfurnished,True,25,,False,5,False,9,52.67
land,35870690,1593.03,Bagmati,Lalitpur,Lalitpur Metropolitan City,11,0,,False,20,,False,0,False,0,59.74
land,34777030,2433.74,Gandaki,Kaski,Pokhara Metropolitan City,10,0,,False,20,,False,0,False,0,61.8
land,23901388,1783.7,Gandaki,Kaski,Pokhara Metropolitan City,32,0,,False,25,,False,0,False,0,60.7
home,42937470,2150.06,Koshi,Morang,Biratnagar Metropolitan City,3,5,semi-furnished,True,13,,False,2,False,35,61.28
office,50898,4809.53,Lumbini,Rupandehi,Butwal Sub-Metropolitan City,21,0,semi-furnished,False,25,,False,8,True,6,43.86
land,3914326,1247.31,Koshi,Jhapa,Birtamode Municipality,25,0,,False,10,,False,0,False,0,37.44
land,10627901,1548.68,Sudurpashchim,Kailali,Dhangadhi Sub-Metropolitan City,11,0,,False,0,,False,0,False,0,25.95
office,88758,3242.98,Koshi,Jhapa,Birtamode Municipality,11,0,semi-furnished,True,25,,False,7,False,0,67.6
land,48411438,4981.7,Bagmati,Chitwan,Bharatpur Metropolitan City,28,0,,False,13,,False,0,False,0,35.97
room,18875,607.43,Sudurpashchim,Kailali,Dhangadhi Sub-Metropolitan City,24,1,semi-furnished,True,20,2bhk,False,5,False,19,33.58
office,63276,1289.9,Bagmati,Chitwan,Bharatpur Metropolitan City,30,0,unfurnished,True,10,,False,8,True,20,31.03
home,5375972,2776.07,Koshi,Jhapa,Birtamode Municipality,10,3,unfurnished,True,10,,False,1,False,34,52.2
room,38716,155.0,Lumbini,Rupandehi,Butwal Sub-Metropolitan City,7,1,fully-furnished,False,20,double,False,1,False,29,29.07
room,35929,838.68,Gandaki,Kaski,Pokhara Metropolitan City,19,1,semi-furnished,False,13,1bhk,True,1,False,18,57.34
land,20645444,1903.94,Bagmati,Bhaktapur,Bhaktapur Municipality,14,0,,False,20,,False,0,False,0,49.76
home,44739854,2186.67,Bagmati,Lalitpur,Lalitpur Metropolitan City,25,5,semi-furnished,False,10,,False,2,False,0,76.73
home,46266830,4704.1,Gandaki,Kaski,Pokhara Metropolitan City,6,2,fully-furnished,True,16,,False,1,False,20,58.42
land,32507030,2900.33,Bagmati,Lalitpur,Lalitpur Metropolitan City,9,0,,False,16,,False,0,False,0,73.65
room,15687,550.34,Lumbini,Rupandehi,Butwal Sub-Metropolitan City,20,1,unfurnished,False,16,studio,False,3,False,9,29.11
room,22018,894.96,Sudurpashchim,Kailali,Dhangadhi Sub-Metropolitan City,6,1,unfurnished,False,10,studio,False,4,False,22,31.68
land,14946210,3504.0,Bagmati,Chitwan,Bharatpur Metropolitan City,28,0,,False,0,,False,0,False,0,45.46
office,48020,3723.91,Koshi,Morang,Biratnagar Metropolitan City,23,0,unfurnished,True,16,,False,6,True,0,51.23
office,20735,2772.21,Gandaki,Kaski,Pokhara Metropolitan City,24,0,unfurnished,False,13,,False,2,False,16,38.34
land,21451677,844.17,Sudurpashchim,Kailali,Dhangadhi Sub-Metropolitan City,18,0,,False,25,,False,0,False,0,50.94
office,112309,4979.97,Lumbini,Rupandehi,Butwal Sub-Metropolitan City,3,0,semi-furnished,False,25,,False,1,True,30,45.99
office,134679,2525.21,Lumbini,Rupandehi,Butwal Sub-Metropolitan City,12,0,unfurnished,True,0,,False,6,True,39,28.63
home,13014594,1147.86,Bagmati,Bhaktapur,Bhaktapur Municipality,9,1,semi-furnished,True,13,,False,1,False,34,62.31
home,26238632,2197.19,Bagmati,Chitwan,Bharatpur Metropolitan City,2,2,unfurnished,False,20,,False,1,False,25,71.83
land,36656819,1529.64,Koshi,Jhapa,Birtamode Municipality,5,0,,False,10,,False,0,False,0,40.82
land,21490200,2606.62,Bagmati,Chitwan,Bharatpur Metropolitan City,12,0,,False,20,,False,0,False,0,40.59
office,130378,3285.91,Gandaki,Kaski,Pokhara Metropolitan City,12,0,fully-furnished,False,13,,False,6,True,21,49.41
land,9077494,1079.1,Lumbini,Rupandehi,Butwal Sub-Metropolitan City,30,0,,False,10,,False,0,False,0,70.45
home,6349382,3282.82,Bagmati,Lalitpur,Lalitpur Metropolitan City,21,2,fully-furnished,True,25,,False,3,False,29,63.2
home,48105190,4316.69,Bagmati,Lalitpur,Lalitpur Metropolitan City,20,2,unfurnished,True,13,,False,1,False,24,68.67
home,26175596,1389.79,Bagmati,Chitwan,Bharatpur Metropolitan City,18,4,fully-furnished,True,13,,False,2,False,11,86.85
room,40105,338.09,Bagmati,Chitwan,Bharatpur Metropolitan City,29,1,unfurnished,False,13,2bhk,False,2,False,1,33.44
home,34115408,4973.77,Koshi,Jhapa,Birtamode Municipality,14,3,unfurnished,False,10,,False,3,False,32,48.27
room,21809,561.95,Sudurpashchim,Kailali,Dhangadhi Sub-Metropolitan City,6,1,fully-furnished,False,13,single,True,5,False,21,54.41
office,62335,2496.06,Bagmati,Bhaktapur,Bhaktapur Municipality,9,0,semi-furnished,False,25,,False,1,False,6,51.25
land,25462174,2512.05,Koshi,Morang,Biratnagar Metropolitan City,11,0,,False,13,,False,0,False,0,46.44
home,36329184,2086.36,Bagmati,Lalitpur,Lalitpur Metropolitan City,23,5,fully-furnished,True,16,,False,4,False,37,67.36
office,53105,4220.25,Koshi,Jhapa,Birtamode Municipality,31,0,unfurnished,False,20,,False,6,False,25,22.08
land,37021560,3981.64,Bagmati,Chitwan,Bharatpur Metropolitan City,15,0,,False,0,,False,0,False,0,34.65
office,72527,4783.72,Koshi,Jhapa,Birtamode Municipality,18,0,unfurnished,True,10,,False,3,False,38,17.93
home,27357124,1345.54,Sudurpashchim,Kailali,Dhangadhi Sub-Metropolitan City,9,1,fully-furnished,False,30,,False,2,False,22,64.8
office,106325,2464.76,Lumbini,Rupandehi,Butwal Sub-Metropolitan City,11,0,fully-furnished,True,10,,False,5,False,5,47.44
home,21423721,2633.51,Bagmati,Bhaktapur,Bhaktapur Municipality,14,2,unfurnished,False,0,,False,4,False,10,51.12
land,29444066,3064.27,Koshi,Morang,Biratnagar Metropolitan City,31,0,,False,25,,False,0,False,0,40.72
office,112566,4207.33,Gandaki,Kaski,Pokhara Metropolitan City,25,0,fully-furnished,True,16,,False,3,False,8,61.88
room,35826,837.81,Koshi,Jhapa,Birtamode Municipality,19,2,unfurnished,True,13,studio,True,2,False,28,45.59
home,38652137,2321.58,Bagmati,Bhaktapur,Bhaktapur Municipality,24,1,unfurnished,False,0,,False,2,False,8,31.37
home,34219241,1687.18,Lumbini,Rupandehi,Butwal Sub-Metropolitan City,3,1,semi-furnished,False,25,,False,2,False,27,63.12
room,39500,448.13,Bagmati,Bhaktapur,Bhaktapur Municipality,20,0,semi-furnished,False,10,double,False,5,False,26,43.22
office,116032,1927.55,Bagmati,Lalitpur,Lalitpur Metropolitan City,6,0,fully-furnished,False,30,,False,1,True,20,53.22
office,105697,354.47,Bagmati,Bhaktapur,Bhaktapur Municipality,30,0,unfurnished,False,16,,False,1,False,27,47.69
land,34779220,2858.86,Bagmati,Chitwan,Bharatpur Metropolitan City,29,0,,False,25,,False,0,False,0,59.18
room,35791,806.95,Koshi,Morang,Biratnagar Metropolitan City,8,2,unfurnished,True,10,single,False,5,False,8,35.29
office,56924,528.15,Gandaki,Kaski,Pokhara Metropolitan City,28,0,fully-furnished,True,30,,False,8,False,23,54.75
room,27408,483.13,Bagmati,Kathmandu,Kathmandu Metropolitan City,17,0,unfurnished,False,10,shared,False,4,False,0,48.92
room,47044,672.38,Lumbini,Rupandehi,Butwal Sub-Metropolitan City,20,0,semi-furnished,True,20,2bhk,False,2,False,5,52.07
land,45474543,3825.19,Bagmati,Lalitpur,Lalitpur Metropolitan City,9,0,,False,16,,False,0,False,0,58.82
room,48451,974.67,Koshi,Jhapa,Birtamode Municipality,23,1,unfurnished,False,0,single,False,3,False,1,26.95
land,8285820,2904.32,Bagmati,Bhaktapur,Bhaktapur Municipality,25,0,,False,13,,False,0,False,0,50.96
office,144565,405.2,Bagmati,Chitwan,Bharatpur Metropolitan City,26,0,unfurnished,False,25,,False,2,False,7,33.22
room,43334,654.02,Gandaki,Kaski,Pokhara Metropolitan City,20,1,unfurnished,True,13,1bhk,False,2,False,24,39.64
room,10997,349.17,Koshi,Jhapa,Birtamode Municipality,12,2,fully-furnished,False,13,single,False,2,False,0,38.38
home,45203541,1921.62,Koshi,Jhapa,Birtamode Municipality,18,3,fully-furnished,True,10,,False,1,False,20,54.46
land,43890514,3831.11,Gandaki,Kaski,Pokhara Metropolitan City,19,0,,False,30,,False,0,False,0,72.1
office,82338,2844.85,Lumbini,Rupandehi,Butwal Sub-Metropolitan City,22,0,unfurnished,True,13,,False,6,False,22,46.51
home,38485621,4388.3,Lumbini,Rupandehi,Butwal Sub-Metropolitan City,30,2,unfurnished,True,25,,False,4,False,16,66.1
land,40669932,3414.95,Koshi,Jhapa,Birtamode Municipality,6,0,,False,13,,False,0,False,0,35.77
home,26161980,2076.94,Bagmati,Lalitpur,Lalitpur Metropolitan City,24,4,unfurnished,False,0,,False,2,False,39,45.48
room,9534,473.85,Bagmati,Bhaktapur,Bhaktapur Municipality,28,1,unfurnished,False,10,studio,True,4,False,19,45.14
land,10424439,1638.71,Bagmati,Lalitpur,Lalitpur Metropolitan City,26,0,,False,20,,False,0,False,0,58.69
home,31918473,4020.87,Bagmati,Chitwan,Bharatpur Metropolitan City,11,5,semi-furnished,False,30,,False,2,False,26,88.06
room,49492,667.25,Bagmati,Chitwan,Bharatpur Metropolitan City,24,1,unfurnished,False,10,studio,False,4,False,9,41.14
home,5223967,2480.23,Lumbini,Rupandehi,Butwal Sub-Metropolitan City,12,5,semi-furnished,False,25,,False,2,False,6,74.67
office,103416,2228.38,Koshi,Jhapa,Birtamode Municipality,27,0,fully-furnished,True,10,,False,2,False,1,51.38
home,36669581,3191.09,Koshi,Morang,Biratnagar Metropolitan City,11,1,semi-furnished,True,25,,False,4,False,35,58.95
home,21060179,2722.63,Sudurpashchim,Kailali,Dhangadhi Sub-Metropolitan City,11,2,semi-furnished,True,13,,False,2,False,18,53.35
land,33815915,3183.69,Bagmati,Lalitpur,Lalitpur Metropolitan City,14,0,,False,10,,False,0,False,0,57.35
home,38568856,4885.78,Lumbini,Rupandehi,Butwal Sub-Metropolitan City,12,1,unfurnished,False,30,,False,2,False,15,66.81
land,48769828,3919.02,Lumbini,Rupandehi,Butwal Sub-Metropolitan City,1,0,,False,25,,False,0,False,0,48.48
office,74668,630.72,Koshi,Jhapa,Birtamode Municipality,25,0,semi-furnished,True,25,,False,1,False,30,31.04
room,10615,845.48,Bagmati,Kathmandu,Kathmandu Metropolitan City,26,1,semi-furnished,False,16,single,True,2,False,27,31.7
land,47059452,2275.8,Bagmati,Chitwan,Bharatpur Metropolitan City,11,0,,False,13,,False,0,False,0,54.24
home,11517995,1682.36,Bagmati,Bhaktapur,Bhaktapur Municipality,31,3,unfurnished,True,16,,False,4,False,15,51.9
room,29670,720.27,Bagmati,Chitwan,Bharatpur Metropolitan City,19,2,unfurnished,False,20,shared,True,2,False,4,31.45
room,32304,298.92,Sudurpashchim,Kailali,Dhangadhi Sub-Metropolitan City,2,1,unfurnished,False,13,2bhk,True,5,False,20,29.71
office,40242,3464.41,Bagmati,Chitwan,Bharatpur Metropolitan City,29,0,unfurnished,True,10,,False,5,False,16,57.9
land,12956496,3207.89,Gandaki,Kaski,Pokhara Metropolitan City,14,0,,False,20,,False,0,False,0,55.05
room,41870,749.03,Bagmati,Kathmandu,Kathmandu Metropolitan City,24,2,semi-furnished,True,13,2bhk,True,5,False,27,58.67
room,39801,440.18,Sudurpashchim,Kailali,Dhangadhi Sub-Metropolitan City,24,1,unfurnished,False,10,studio,False,1,False,21,25.95
room,22700,378.38,Bagmati,Lalitpur,Lalitpur Metropolitan City,15,1,semi-furnished,True,10,shared,False,4,False,18,40.33
home,7203890,2326.95,Bagmati,Kathmandu,Kathmandu Metropolitan City,13,4,unfurnished,True,13,,False,1,False,17,70.95
land,38094499,2620.52,Sudurpashchim,Kailali,Dhangadhi Sub-Metropolitan City,4,0,,False,10,,False,0,False,0,41.32
room,24062,720.73,Gandaki,Kaski,Pokhara Metropolitan City,12,1,unfurnished,False,10,single,False,5,False,8,42.41
home,13895208,4605.79,Bagmati,Lalitpur,Lalitpur Metropolitan City,5,5,semi-furnished,True,10,,False,2,False,15,68.81
office,122421,2823.59,Lumbini,Rupandehi,Butwal Sub-Metropolitan City,7,0,fully-furnished,False,30,,False,2,True,30,51.31
office,33090,2537.37,Bagmati,Lalitpur,Lalitpur Metropolitan City,6,0,unfurnished,True,20,,False,8,False,36,47.75
office,78017,3683.91,Bagmati,Kathmandu,Kathmandu Metropolitan City,8,0,unfurnished,True,20,,False,8,True,16,47.49
room,29537,668.02,Koshi,Jhapa,Birtamode Municipality,32,2,unfurnished,False,13,shared,True,3,False,8,34.8
room,19939,200.32,Sudurpashchim,Kailali,Dhangadhi Sub-Metropolitan City,29,2,fully-furnished,False,20,studio,False,2,False,5,46.04
office,132987,744.47,Bagmati,Lalitpur,Lalitpur Metropolitan City,20,0,semi-furnished,False,25,,False,3,True,6,54.63
home,26475900,2907.47,Gandaki,Kaski,Pokhara Metropolitan City,20,5,semi-furnished,True,25,,False,3,False,39,70.87
home,31591215,1456.83,Gandaki,Kaski,Pokhara Metropolitan City,21,2,fully-furnished,True,13,,False,4,False,38,63.83
room,38931,939.56,Koshi,Jhapa,Birtamode Municipality,15,1,semi-furnished,True,13,shared,False,3,False,14,52.49
office,20743,3884.67,Bagmati,Chitwan,Bharatpur Metropolitan City,26,0,semi-furnished,True,16,,False,6,True,29,44.48
land,20175126,1597.02,Bagmati,Chitwan,Bharatpur Metropolitan City,13,0,,False,13,,False,0,False,0,49.49
land,28662854,2538.24,Koshi,Morang,Biratnagar Metropolitan City,21,0,,False,13,,False,0,False,0,55.45
home,34534822,3393.73,Sudurpashchim,Kailali,Dhangadhi Sub-Metropolitan City,14,3,fully-furnished,True,10,,False,2,False,20,71.54
office,71126,3971.77,Lumbini,Rupandehi,Butwal Sub-Metropolitan City,3,0,unfurnished,False,10,,False,5,False,3,44.84
land,27793291,1887.0,Bagmati,Lalitpur,Lalitpur Metropolitan City,22,0,,False,16,,False,0,False,0,56.03
land,7965301,1277.42,Bagmati,Chitwan,Bharatpur Metropolitan City,31,0,,False,13,,False,0,False,0,37.31
home,43526401,3277.19,Koshi,Jhapa,Birtamode Municipality,10,2,unfurnished,True,16,,False,2,False,20,42.67
room,17205,720.61,Sudurpashchim,Kailali,Dhangadhi Sub-Metropolitan City,19,0,unfurnished,False,13,studio,True,2,False,10,31.87
home,18353669,2321.26,Lumbini,Rupandehi,Butwal Sub-Metropolitan City,30,3,semi-furnished,True,10,,False,1,False,26,50.98
office,129009,4051.06,Koshi,Jhapa,Birtamode Municipality,32,0,unfurnished,True,20,,False,6,True,36,34.16
land,36018196,4097.59,Koshi,Jhapa,Birtamode Municipality,21,0,,False,13,,False,0,False,0,44.94
land,40466250,3130.82,Koshi,Morang,Biratnagar Metropolitan City,5,0,,False,30,,False,0,False,0,61.96
home,36436932,3210.49,Bagmati,Lalitpur,Lalitpur Metropolitan City,6,5,unfurnished,True,30,,False,1,False,27,69.92
office,116853,4479.97,Bagmati,Chitwan,Bharatpur Metropolitan City,29,0,fully-furnished,False,0,,False,3,False,29,39.79
office,58510,2186.89,Sudurpashchim,Kailali,Dhangadhi Sub-Metropolitan City,2,0,fully-furnished,False,0,,False,1,True,20,37.66
home,44216841,4393.41,Koshi,Jhapa,Birtamode Municipality,17,3,unfurnished,False,25,,False,2,False,36,33.77
home,18834101,4046.57,Koshi,Morang,Biratnagar Metropolitan City,13,3,fully-furnished,True,0,,False,1,False,8,50.82
room,28665,394.71,Sudurpashchim,Kailali,Dhangadhi Sub-Metropolitan City,5,1,unfurnished,True,10,shared,True,4,False,8,34.51
home,34503804,914.65,Gandaki,Kaski,Pokhara Metropolitan City,23,1,semi-furnished,True,16,,False,2,False,24,50.54
office,46952,2176.14,Bagmati,Kathmandu,Kathmandu Metropolitan City,29,0,semi-furnished,True,0,,False,3,True,10,55.5
land,27051169,3884.76,Gandaki,Kaski,Pokhara Metropolitan City,32,0,,False,25,,False,0,False,0,71.33
office,31900,1288.54,Koshi,Morang,Biratnagar Metropolitan City,13,0,unfurnished,False,16,,False,5,True,29,47.28
land,29864238,4154.67,Bagmati,Kathmandu,Kathmandu Metropolitan City,25,0,,False,30,,False,0,False,0,61.48
room,12279,951.16,Bagmati,Lalitpur,Lalitpur Metropolitan City,24,2,unfurnished,False,10,2bhk,True,4,False,28,53.37
land,24694345,3837.41,Lumbini,Rupandehi,Butwal Sub-Metropolitan City,18,0,,False,0,,False,0,False,0,42.1
home,13586465,3171.23,Bagmati,Bhaktapur,Bhaktapur Municipality,12,5,fully-furnished,True,25,,False,4,False,2,82.42
home,32841881,2361.16,Bagmati,Kathmandu,Kathmandu Metropolitan City,19,2,semi-furnished,True,10,,False,2,False,11,61.2
land,16695368,828.91,Koshi,Morang,Biratnagar Metropolitan City,11,0,,False,13,,False,0,False,0,45.54
room,9866,659.72,Koshi,Jhapa,Birtamode Municipality,17,0,semi-furnished,True,16,single,True,4,False,1,44.47
office,21958,1043.41,Sudurpashchim,Kailali,Dhangadhi Sub-Metropolitan City,11,0,semi-furnished,True,0,,False,7,True,7,37.92
office,90349,4323.86,Lumbini,Rupandehi,Butwal Sub-Metropolitan City,27,0,semi-furnished,True,30,,False,1,False,30,50.12
room,43388,390.59,Lumbini,Rupandehi,Butwal Sub-Metropolitan City,9,1,unfurnished,True,16,studio,True,2,False,7,44.84
home,10515609,1747.32,Sudurpashchim,Kailali,Dhangadhi Sub-Metropolitan City,10,1,unfurnished,False,13,,False,1,False,15,49.19
room,27733,757.03,Gandaki,Kaski,Pokhara Metropolitan City,12,1,unfurnished,False,20,1bhk,False,2,False,10,56.93
room,10242,621.43,Koshi,Jhapa,Birtamode Municipality,10,2,unfurnished,True,10,double,True,2,False,20,43.9
home,5786013,2466.41,Bagmati,Kathmandu,Kathmandu Metropolitan City,11,5,semi-furnished,False,30,,False,3,False,12,66.64
office,54446,2430.01,Koshi,Jhapa,Birtamode Municipality,14,0,unfurnished,False,0,,False,5,False,21,2.22
room,39939,826.29,Bagmati,Bhaktapur,Bhaktapur Municipality,22,2,unfurnished,True,13,1bhk,False,1,False,25,48.68
office,36544,4834.34,Koshi,Morang,Biratnagar Metropolitan City,2,0,fully-furnished,True,16,,False,2,True,35,33.81
home,34270477,2089.53,Bagmati,Chitwan,Bharatpur Metropolitan City,23,5,fully-furnished,True,16,,False,2,False,9,74.6
land,26752276,3853.67,Gandaki,Kaski,Pokhara Metropolitan City,13,0,,False,20,,False,0,False,0,44.88
land,49553066,3019.67,Bagmati,Bhaktapur,Bhaktapur Municipality,24,0,,False,20,,False,0,False,0,39.35
room,18855,190.12,Bagmati,Bhaktapur,Bhaktapur Municipality,11,1,unfurnished,True,20,1bhk,False,2,False,8,40.99
office,88386,2131.93,Bagmati,Kathmandu,Kathmandu Metropolitan City,19,0,semi-furnished,False,16,,False,6,True,19,57.56
land,47836785,3745.87,Bagmati,Kathmandu,Kathmandu Metropolitan City,17,0,,False,13,,False,0,False,0,49.34
land,12415593,3947.23,Gandaki,Kaski,Pokhara Metropolitan City,4,0,,False,10,,False,0,False,0,25.84
home,15700039,2443.2,Lumbini,Rupandehi,Butwal Sub-Metropolitan City,16,4,semi-furnished,True,10,,False,3,False,4,63.52
room,16091,903.37,Gandaki,Kaski,Pokhara Metropolitan City,9,1,fully-furnished,False,10,2bhk,False,3,False,0,59.93
room,47219,794.49,Bagmati,Lalitpur,Lalitpur Metropolitan City,7,2,fully-furnished,False,13,single,False,2,False,2,47.58
room,24741,443.35,Koshi,Morang,Biratnagar Metropolitan City,3,0,unfurnished,False,16,1bhk,True,4,False,24,33.75
home,45487855,1172.01,Bagmati,Chitwan,Bharatpur Metropolitan City,7,5,semi-furnished,True,30,,False,4,False,27,73.29
land,21804142,4420.22,Koshi,Jhapa,Birtamode Municipality,7,0,,False,30,,False,0,False,0,57.97
room,24465,477.68,Bagmati,Chitwan,Bharatpur Metropolitan City,22,1,fully-furnished,True,0,2bhk,False,2,False,18,39.22
home,11977003,3595.64,Lumbini,Rupandehi,Butwal Sub-Metropolitan City,28,4,unfurnished,False,20,,False,4,False,2,56.68
land,19013135,1205.14,Bagmati,Lalitpur,Lalitpur Metropolitan City,7,0,,False,13,,False,0,False,0,64.64
office,123302,1932.33,Koshi,Jhapa,Birtamode Municipality,3,0,semi-furnished,False,20,,False,1,False,40,36.02
land,4620304,3137.8,Koshi,Jhapa,Birtamode Municipality,14,0,,False,25,,False,0,False,0,49.51
land,4904185,4658.88,Koshi,Morang,Biratnagar Metropolitan City,19,0,,False,25,,False,0,False,0,42.35
room,30547,836.53,Lumbini,Rupandehi,Butwal Sub-Metropolitan City,23,1,fully-furnished,False,16,single,False,4,False,22,43.06
home,41727185,3145.61,Bagmati,Chitwan,Bharatpur Metropolitan City,14,3,unfurnished,False,30,,False,3,False,11,58.1
land,39120323,2212.76,Lumbini,Rupandehi,Butwal Sub-Metropolitan City,22,0,,False,25,,False,0,False,0,55.67
room,13926,191.17,Gandaki,Kaski,Pokhara Metropolitan City,20,2,semi-furnished,False,10,studio,True,3,False,27,47.2
room,31688,825.31,Lumbini,Rupandehi,Butwal Sub-Metropolitan City,22,1,fully-furnished,False,0,single,True,5,False,9,32.69
room,12976,458.17,Sudurpashchim,Kailali,Dhangadhi Sub-Metropolitan City,12,1,fully-furnished,True,20,2bhk,False,3,False,4,36.67
room,33247,219.73,Koshi,Morang,Biratnagar Metropolitan City,26,0,unfurnished,False,20,1bhk,True,3,False,7,47.53
land,47796597,3056.35,Lumbini,Rupandehi,Butwal Sub-Metropolitan City,16,0,,False,13,,False,0,False,0,47.78
office,148878,4216.27,Bagmati,Kathmandu,Kathmandu Metropolitan City,15,0,fully-furnished,True,10,,False,8,True,9,50.43
room,48122,968.13,Bagmati,Kathmandu,Kathmandu Metropolitan City,16,2,semi-furnished,False,20,1bhk,True,4,False,5,72.01
office,112634,3809.93,Sudurpashchim,Kailali,Dhangadhi Sub-Metropolitan City,25,0,semi-furnished,False,16,,False,6,False,15,31.79
room,16814,962.28,Koshi,Morang,Biratnagar Metropolitan City,5,1,unfurnished,True,20,1bhk,True,1,False,29,56.2
office,128303,792.6,Sudurpashchim,Kailali,Dhangadhi Sub-Metropolitan City,21,0,unfurnished,True,25,,False,6,True,29,47.01
land,36362027,3360.87,Bagmati,Chitwan,Bharatpur Metropolitan City,30,0,,False,20,,False,0,False,0,47.89
land,33096196,795.1,Koshi,Jhapa,Birtamode Municipality,11,0,,False,20,,False,0,False,0,69.09
room,17691,880.82,Bagmati,Kathmandu,Kathmandu Metropolitan City,31,0,unfurnished,False,0,2bhk,False,5,False,8,29.93
office,143567,3609.82,Bagmati,Kathmandu,Kathmandu Metropolitan City,28,0,fully-furnished,False,10,,False,8,False,34,49.47
room,41289,612.87,Bagmati,Chitwan,Bharatpur Metropolitan City,15,2,fully-furnished,False,0,1bhk,True,3,False,18,45.79
land,13818433,2978.02,Bagmati,Lalitpur,Lalitpur Metropolitan City,5,0,,False,25,,False,0,False,0,70.46
home,6978876,4310.11,Gandaki,Kaski,Pokhara Metropolitan City,12,4,unfurnished,True,13,,False,1,False,6,76.12
office,82181,2092.07,Koshi,Jhapa,Birtamode Municipality,27,0,fully-furnished,False,10,,False,2,False,22,41.9
office,44191,2648.5,Bagmati,Bhaktapur,Bhaktapur Municipality,17,0,semi-furnished,False,10,,False,4,False,40,29.74
room,42332,776.63,Bagmati,Lalitpur,Lalitpur Metropolitan City,29,1,fully-furnished,True,20,single,False,1,False,5,66.16
land,23553021,2105.5,Bagmati,Kathmandu,Kathmandu Metropolitan City,1,0,,False,0,,False,0,False,0,42.26
land,44666041,1510.47,Koshi,Morang,Biratnagar Metropolitan City,12,0,,False,16,,False,0,False,0,68.98
home,15379806,1207.26,Bagmati,Bhaktapur,Bhaktapur Municipality,23,5,semi-furnished,True,16,,False,2,False,32,67.02
office,142590,3223.79,Bagmati,Bhaktapur,Bhaktapur Municipality,2,0,unfurnished,True,30,,False,5,False,6,52.76
home,38396796,4580.97,Koshi,Morang,Biratnagar Metropolitan City,11,2,unfurnished,True,20,,False,3,False,29,54.64
office,107648,4736.85,Sudurpashchim,Kailali,Dhangadhi Sub-Metropolitan City,29,0,unfurnished,True,13,,False,4,False,9,26.12
office,25451,4032.05,Gandaki,Kaski,Pokhara Metropolitan City,13,0,semi-furnished,True,16,,False,2,True,20,41.05
office,37757,1628.04,Sudurpashchim,Kailali,Dhangadhi Sub-Metropolitan City,13,0,semi-furnished,True,13,,False,7,False,27,44.9
land,10000696,802.49,Koshi,Jhapa,Birtamode Municipality,32,0,,False,13,,False,0,False,0,39.55
office,123069,1737.72,Sudurpashchim,Kailali,Dhangadhi Sub-Metropolitan City,25,0,semi-furnished,True,20,,False,1,True,5,44.32
home,40855738,3904.88,Bagmati,Chitwan,Bharatpur Metropolitan City,21,1,fully-furnished,False,16,,False,2,False,22,62.93
land,38164000,3875.72,Sudurpashchim,Kailali,Dhangadhi Sub-Metropolitan City,28,0,,False,30,,False,0,False,0,63.65
room,14465,919.6,Bagmati,Bhaktapur,Bhaktapur Municipality,3,2,fully-furnished,True,13,single,True,4,False,6,66.75
land,49264147,1585.93,Bagmati,Kathmandu,Kathmandu Metropolitan City,25,0,,False,0,,False,0,False,0,57.93
land,25196303,3536.26,Bagmati,Chitwan,Bharatpur Metropolitan City,16,0,,False,10,,False,0,False,0,39.4
home,31974994,4653.85,Koshi,Jhapa,Birtamode Municipality,24,1,fully-furnished,True,20,,False,2,False,39,42.9
office,135170,1262.92,Bagmati,Chitwan,Bharatpur Metropolitan City,20,0,unfurnished,False,16,,False,1,False,26,50.47
room,39995,835.05,Koshi,Jhapa,Birtamode Municipality,13,1,unfurnished,True,16,single,False,2,False,21,34.13
land,35785150,1195.7,Gandaki,Kaski,Pokhara Metropolitan City,8,0,,False,0,,False,0,False,0,44.36
room,24809,949.15,Bagmati,Bhaktapur,Bhaktapur Municipality,11,2,semi-furnished,False,13,1bhk,False,1,False,24,53.61
office,92712,4765.98,Bagmati,Lalitpur,Lalitpur Metropolitan City,13,0,semi-furnished,True,10,,False,1,False,30,45.92
land,29042524,863.53,Bagmati,Lalitpur,Lalitpur Metropolitan City,15,0,,False,10,,False,0,False,0,56.2
land,27890805,2574.58,Bagmati,Lalitpur,Lalitpur Metropolitan City,16,0,,False,16,,False,0,False,0,74.09
office,86010,3415.52,Bagmati,Bhaktapur,Bhaktapur Municipality,3,0,fully-furnished,True,25,,False,6,True,36,48.19
home,21831048,4409.85,Bagmati,Kathmandu,Kathmandu Metropolitan City,22,2,semi-furnished,False,10,,False,1,False,25,62.99
home,20115305,2923.5,Koshi,Jhapa,Birtamode Municipality,19,2,unfurnished,True,13,,False,4,False,1,58.71
land,22314369,3287.14,Lumbini,Rupandehi,Butwal Sub-Metropolitan City,16,0,,False,20,,False,0,False,0,54.88
home,9370890,1038.2,Bagmati,Bhaktapur,Bhaktapur Municipality,21,4,unfurnished,True,20,,False,2,False,20,77.34
land,48923710,4576.53,Koshi,Morang,Biratnagar Metropolitan City,10,0,,False,10,,False,0,False,0,49.27
office,126654,2944.74,Bagmati,Kathmandu,Kathmandu Metropolitan City,1,0,semi-furnished,True,30,,False,4,True,36,64.5
land,34972557,3490.11,Sudurpashchim,Kailali,Dhangadhi Sub-Metropolitan City,2,0,,False,20,,False,0,False,0,57.55
room,23575,504.7,Koshi,Jhapa,Birtamode Municipality,25,2,unfurnished,False,13,2bhk,False,4,False,29,25.84
office,57599,1352.05,Bagmati,Bhaktapur,Bhaktapur Municipality,24,0,unfurnished,True,16,,False,5,True,23,37.77
office,80284,976.72,Bagmati,Kathmandu,Kathmandu Metropolitan City,20,0,semi-furnished,True,16,,False,3,False,13,47.1
office,79285,2464.73,Koshi,Jhapa,Birtamode Municipality,27,0,semi-furnished,False,16,,False,6,False,20,20.03
home,17815449,1833.23,Koshi,Jhapa,Birtamode Municipality,14,5,fully-furnished,False,16,,False,4,False,23,82.95
home,12291390,1393.59,Bagmati,Chitwan,Bharatpur Metropolitan City,26,5,unfurnished,False,13,,False,4,False,3,54.88
home,15517257,3117.11,Gandaki,Kaski,Pokhara Metropolitan City,22,4,unfurnished,False,10,,False,4,False,1,62.07
office,117776,1584.6,Gandaki,Kaski,Pokhara Metropolitan City,12,0,unfurnished,True,25,,False,7,True,9,52.9
room,16556,321.13,Koshi,Jhapa,Birtamode Municipality,30,2,semi-furnished,True,0,single,True,1,False,0,40.81
room,31376,381.96,Bagmati,Kathmandu,Kathmandu Metropolitan City,6,1,unfurnished,True,10,shared,True,3,False,19,49.45
office,42966,1891.52,Koshi,Morang,Biratnagar Metropolitan City,31,0,semi-furnished,False,0,,False,3,True,10,47.82
land,40065648,1380.61,Koshi,Jhapa,Birtamode Municipality,27,0,,False,25,,False,0,False,0,48.93
room,17610,978.51,Lumbini,Rupandehi,Butwal Sub-Metropolitan City,16,2,fully-furnished,True,10,studio,False,4,False,15,49.18
land,42251384,4703.05,Bagmati,Bhaktapur,Bhaktapur Municipality,24,0,,False,20,,False,0,False,0,55.64
office,144073,4860.39,Bagmati,Bhaktapur,Bhaktapur Municipality,2,0,unfurnished,False,13,,False,2,False,4,41.84
home,15031835,3644.97,Bagmati,Bhaktapur,Bhaktapur Municipality,20,1,unfurnished,True,25,,False,3,False,18,73.92
room,46687,114.36,Bagmati,Lalitpur,Lalitpur Metropolitan City,32,2,fully-furnished,False,13,double,False,5,False,28,34.2
office,26817,4557.34,Bagmati,Kathmandu,Kathmandu Metropolitan City,21,0,unfurnished,True,25,,False,5,False,28,52.78
room,38021,345.55,Koshi,Jhapa,Birtamode Municipality,3,0,semi-furnished,True,10,1bhk,True,5,False,0,47.26
office,69809,4551.31,Bagmati,Chitwan,Bharatpur Metropolitan City,13,0,semi-furnished,True,25,,False,5,False,21,57.19
office,37346,3624.22,Koshi,Morang,Biratnagar Metropolitan City,27,0,semi-furnished,False,20,,False,4,False,18,44.28
land,8690516,4650.74,Bagmati,Chitwan,Bharatpur Metropolitan City,29,0,,False,30,,False,0,False,0,43.45
land,10183977,4186.25,Koshi,Morang,Biratnagar Metropolitan City,2,0,,False,10,,False,0,False,0,47.04
home,43380150,1072.83,Bagmati,Lalitpur,Lalitpur Metropolitan City,24,2,fully-furnished,True,0,,False,1,False,21,54.43
home,27206365,3450.21,Bagmati,Lalitpur,Lalitpur Metropolitan City,30,1,unfurnished,True,0,,False,2,False,12,45.82
home,11146227,3816.67,Bagmati,Lalitpur,Lalitpur Metropolitan City,6,1,semi-furnished,True,10,,False,1,False,5,66.54
room,20930,528.44,Koshi,Jhapa,Birtamode Municipality,13,2,unfurnished,True,16,shared,True,4,False,5,55.9
land,16268798,1456.16,Sudurpashchim,Kailali,Dhangadhi Sub-Metropolitan City,6,0,,False,13,,False,0,False,0,46.03
home,10085493,3752.05,Bagmati,Bhaktapur,Bhaktapur Municipality,8,2,fully-furnished,False,30,,False,2,False,10,76.45
room,26704,555.99,Koshi,Jhapa,Birtamode Municipality,27,1,semi-furnished,False,13,2bhk,True,5,False,0,60.27
room,12114,158.19,Bagmati,Chitwan,Bharatpur Metropolitan City,11,2,semi-furnished,True,20,studio,True,4,False,0,46.81
room,47682,728.27,Bagmati,Lalitpur,Lalitpur Metropolitan City,24,0,unfurnished,False,13,studio,False,4,False,11,64.19
room,20470,382.13,Lumbini,Rupandehi,Butwal Sub-Metropolitan City,32,1,unfurnished,True,0,2bhk,False,4,False,14,33.52
room,38434,517.26,Lumbini,Rupandehi,Butwal Sub-Metropolitan City,26,2,fully-furnished,True,16,studio,True,2,False,25,36.56
office,21828,2177.27,Koshi,Morang,Biratnagar Metropolitan City,10,0,semi-furnished,True,10,,False,3,True,6,56.01
office,64212,1004.53,Bagmati,Kathmandu,Kathmandu Metropolitan City,31,0,fully-furnished,True,16,,False,7,True,19,61.08
room,47768,270.95,Sudurpashchim,Kailali,Dhangadhi Sub-Metropolitan City,15,2,semi-furnished,False,10,studio,True,3,False,30,41.18
land,43789952,3735.9,Bagmati,Lalitpur,Lalitpur Metropolitan City,21,0,,False,13,,False,0,False,0,58.35
home,32940467,4175.21,Bagmati,Bhaktapur,Bhaktapur Municipality,32,4,fully-furnished,False,25,,False,2,False,21,70.49
office,89420,3115.84,Bagmati,Chitwan,Bharatpur Metropolitan City,8,0,semi-furnished,False,25,,False,6,True,23,36.1
land,30984435,2622.44,Lumbini,Rupandehi,Butwal Sub-Metropolitan City,2,0,,False,10,,False,0,False,0,46.25
room,28482,919.13,Gandaki,Kaski,Pokhara Metropolitan City,15,2,semi-furnished,False,20,shared,True,2,False,30,42.86
home,21716755,4215.95,Koshi,Morang,Biratnagar Metropolitan City,16,4,unfurnished,False,0,,False,3,False,32,37.25
office,30657,3230.95,Bagmati,Lalitpur,Lalitpur Metropolitan City,10,0,unfurnished,False,16,,False,5,True,28,45.8
home,29413027,3790.01,Koshi,Jhapa,Birtamode Municipality,18,1,semi-furnished,True,10,,False,1,False,20,63.46
office,145392,3983.32,Koshi,Morang,Biratnagar Metropolitan City,10,0,semi-furnished,False,13,,False,4,True,38,41.7
room,20775,761.95,Bagmati,Lalitpur,Lalitpur Metropolitan City,4,1,fully-furnished,False,16,2bhk,True,3,False,8,48.45
home,48730482,906.19,Gandaki,Kaski,Pokhara Metropolitan City,19,4,fully-furnished,False,16,,False,2,False,28,72.53
home,12230635,3985.54,Koshi,Jhapa,Birtamode Municipality,29,3,semi-furnished,False,10,,False,4,False,18,61.3
home,13315791,4815.64,Bagmati,Bhaktapur,Bhaktapur Municipality,21,1,semi-furnished,False,13,,False,2,False,20,46.82
land,29544085,3479.21,Koshi,Jhapa,Birtamode Municipality,28,0,,False,10,,False,0,False,0,42.12
land,41153377,2093.26,Koshi,Morang,Biratnagar Metropolitan City,19,0,,False,0,,False,0,False,0,42.07
land,7556333,2835.71,Sudurpashchim,Kailali,Dhangadhi Sub-Metropolitan City,9,0,,False,10,,False,0,False,0,34.92
land,18771495,4742.53,Bagmati,Bhaktapur,Bhaktapur Municipality,11,0,,False,0,,False,0,False,0,46.7
room,30516,173.04,Koshi,Morang,Biratnagar Metropolitan City,22,0,semi-furnished,False,20,single,False,4,False,22,25.91
land,10734239,2628.54,Bagmati,Bhaktapur,Bhaktapur Municipality,14,0,,False,30,,False,0,False,0,63.39
home,42425578,1037.36,Bagmati,Chitwan,Bharatpur Metropolitan City,16,1,fully-furnished,True,16,,False,1,False,2,63.34
home,14239086,4808.57,Gandaki,Kaski,Pokhara Metropolitan City,10,5,semi-furnished,False,16,,False,4,False,1,68.48
room,35193,121.16,Sudurpashchim,Kailali,Dhangadhi Sub-Metropolitan City,32,0,fully-furnished,True,20,single,True,2,False,18,37.82
land,42029388,3717.84,Lumbini,Rupandehi,Butwal Sub-Metropolitan City,23,0,,False,13,,False,0,False,0,45.47
home,40985785,1693.67,Sudurpashchim,Kailali,Dhangadhi Sub-Metropolitan City,26,1,unfurnished,False,13,,False,3,False,32,58.9
home,22198540,3967.52,Koshi,Jhapa,Birtamode Municipality,13,3,fully-furnished,False,13,,False,4,False,7,59.59
office,146842,2394.05,Bagmati,Chitwan,Bharatpur Metropolitan City,2,0,unfurnished,False,10,,False,3,True,2,49.19
land,41265942,1560.61,Koshi,Jhapa,Birtamode Municipality,14,0,,False,25,,False,0,False,0,62.16
home,8648544,2315.94,Bagmati,Chitwan,Bharatpur Metropolitan City,20,2,unfurnished,False,10,,False,1,False,19,34.89
home,18848095,4413.5,Bagmati,Kathmandu,Kathmandu Metropolitan City,12,4,unfurnished,False,25,,False,3,False,29,48.5
home,45046568,2816.74,Koshi,Jhapa,Birtamode Municipality,32,3,unfurnished,True,0,,False,1,False,0,40.14
land,3000636,4771.18,Bagmati,Kathmandu,Kathmandu Metropolitan City,1,0,,False,13,,False,0,False,0,61.43
office,68241,756.99,Lumbini,Rupandehi,Butwal Sub-Metropolitan City,11,0,fully-furnished,True,16,,False,6,True,17,48.04
land,11058198,4012.91,Koshi,Jhapa,Birtamode Municipality,20,0,,False,13,,False,0,False,0,65.61
room,21412,937.11,Bagmati,Bhaktapur,Bhaktapur Municipality,30,0,unfurnished,True,16,double,True,1,False,2,44.5
office,112127,1569.31,Gandaki,Kaski,Pokhara Metropolitan City,18,0,unfurnished,False,0,,False,3,True,4,46.35
office,76687,474.66,Koshi,Jhapa,Birtamode Municipality,2,0,semi-furnished,False,10,,False,1,True,4,55.71
room,25516,282.43,Bagmati,Chitwan,Bharatpur Metropolitan City,31,0,unfurnished,False,10,double,False,1,False,20,40.09
office,113791,4022.23,Bagmati,Kathmandu,Kathmandu Metropolitan City,32,0,unfurnished,True,13,,False,6,True,38,59.34
office,68924,2859.58,Koshi,Morang,Biratnagar Metropolitan City,31,0,unfurnished,False,25,,False,3,False,40,48.62
office,68773,3027.0,Koshi,Morang,Biratnagar Metropolitan City,12,0,semi-furnished,False,30,,False,5,True,31,56.83
office,31330,4818.52,Sudurpashchim,Kailali,Dhangadhi Sub-Metropolitan City,24,0,unfurnished,False,10,,False,6,False,29,27.63
home,46947255,2242.51,Lumbini,Rupandehi,Butwal Sub-Metropolitan City,3,2,unfurnished,False,20,,False,2,False,36,59.33
home,33117007,1143.32,Bagmati,Bhaktapur,Bhaktapur Municipality,26,1,unfurnished,True,20,,False,1,False,36,49.12
room,29947,765.74,Bagmati,Kathmandu,Kathmandu Metropolitan City,11,2,fully-furnished,False,13,1bhk,False,5,False,21,44.83
home,12142170,3949.27,Koshi,Jhapa,Birtamode Municipality,23,2,unfurnished,False,10,,False,2,False,0,52.42
land,7845707,1320.73,Sudurpashchim,Kailali,Dhangadhi Sub-Metropolitan City,32,0,,False,25,,False,0,False,0,50.09
home,19042128,2072.0,Bagmati,Chitwan,Bharatpur Metropolitan City,26,5,unfurnished,True,30,,False,2,False,1,74.01
land,15463063,1220.62,Bagmati,Kathmandu,Kathmandu Metropolitan City,19,0,,False,30,,False,0,False,0,71.74
land,10982796,2646.18,Bagmati,Lalitpur,Lalitpur Metropolitan City,17,0,,False,16,,False,0,False,0,62.45
office,59349,3579.75,Koshi,Morang,Biratnagar Metropolitan City,1,0,semi-furnished,False,13,,False,4,False,27,37.62
land,36554086,4901.16,Lumbini,Rupandehi,Butwal Sub-Metropolitan City,32,0,,False,13,,False,0,False,0,60.33
land,28753380,3712.72,Koshi,Morang,Biratnagar Metropolitan City,17,0,,False,30,,False,0,False,0,46.33
land,44623046,3660.94,Sudurpashchim,Kailali,Dhangadhi Sub-Metropolitan City,28,0,,False,13,,False,0,False,0,42.69
land,35712108,866.29,Lumbini,Rupandehi,Butwal Sub-Metropolitan City,25,0,,False,30,,False,0,False,0,53.63
office,30874,2855.55,Bagmati,Lalitpur,Lalitpur Metropolitan City,17,0,fully-furnished,True,16,,False,7,False,15,35.95
land,33279451,2032.2,Lumbini,Rupandehi,Butwal Sub-Metropolitan City,21,0,,False,10,,False,0,False,0,48.13
land,42824350,3640.44,Koshi,Jhapa,Birtamode Municipality,1,0,,False,30,,False,0,False,0,53.37
office,80709,2659.74,Bagmati,Kathmandu,Kathmandu Metropolitan City,5,0,semi-furnished,False,30,,False,1,False,37,65.51
office,58455,4540.63,Bagmati,Lalitpur,Lalitpur Metropolitan City,12,0,fully-furnished,True,13,,False,6,False,7,59.78
land,19712970,2773.23,Bagmati,Bhaktapur,Bhaktapur Municipality,13,0,,False,0,,False,0,False,0,34.31
home,17259299,984.27,Koshi,Jhapa,Birtamode Municipality,25,2,semi-furnished,False,10,,False,4,False,7,72.52
home,45614685,1354.4,Bagmati,Lalitpur,Lalitpur Metropolitan City,9,5,fully-furnished,False,16,,False,3,False,27,83.58
room,10197,476.76,Bagmati,Kathmandu,Kathmandu Metropolitan City,7,1,semi-furnished,False,0,single,True,3,False,28,40.71
office,51880,2683.43,Koshi,Morang,Biratnagar Metropolitan City,26,0,fully-furnished,True,0,,False,3,True,36,37.95
home,41635996,3571.42,Bagmati,Bhaktapur,Bhaktapur Municipality,29,3,unfurnished,False,16,,False,1,False,11,49.66
land,12890989,1698.67,Koshi,Jhapa,Birtamode Municipality,3,0,,False,13,,False,0,False,0,42.91
office,86872,2047.74,Bagmati,Bhaktapur,Bhaktapur Municipality,1,0,fully-furnished,True,20,,False,5,True,19,67.93
room,21995,874.53,Bagmati,Bhaktapur,Bhaktapur Municipality,16,1,unfurnished,False,16,studio,True,1,False,5,63.34
land,37216655,3568.45,Koshi,Jhapa,Birtamode Municipality,10,0,,False,10,,False,0,False,0,56.92
office,52383,2960.94,Bagmati,Lalitpur,Lalitpur Metropolitan City,5,0,unfurnished,False,30,,False,6,True,16,47.51
land,24507557,884.51,Koshi,Jhapa,Birtamode Municipality,28,0,,False,30,,False,0,False,0,46.03
land,28077390,3588.12,Koshi,Jhapa,Birtamode Municipality,13,0,,False,16,,False,0,False,0,47.63
home,39195139,2813.34,Lumbini,Rupandehi,Butwal Sub-Metropolitan City,9,4,unfurnished,True,10,,False,3,False,31,39.22
office,93621,2261.39,Bagmati,Lalitpur,Lalitpur Metropolitan City,2,0,fully-furnished,True,30,,False,1,False,17,67.01
room,30379,685.15,Koshi,Jhapa,Birtamode Municipality,30,1,unfurnished,False,13,studio,False,4,False,24,29.04
home,37861568,2215.72,Sudurpashchim,Kailali,Dhangadhi Sub-Metropolitan City,31,3,unfurnished,True,13,,False,3,False,17,50.28
home,26754301,4692.64,Bagmati,Chitwan,Bharatpur Metropolitan City,21,2,unfurnished,True,13,,False,3,False,12,40.71
office,75554,1540.38,Koshi,Morang,Biratnagar Metropolitan City,18,0,unfurnished,True,30,,False,3,False,12,57.1
room,46125,818.23,Koshi,Morang,Biratnagar Metropolitan City,14,1,fully-furnished,False,10,double,False,2,False,28,36.24
room,25743,452.47,Lumbini,Rupandehi,Butwal Sub-Metropolitan City,16,2,unfurnished,False,10,shared,True,3,False,3,33.3
office,126429,612.77,Koshi,Jhapa,Birtamode Municipality,1,0,semi-furnished,False,16,,False,5,False,12,16.02
land,35853788,3400.88,Bagmati,Chitwan,Bharatpur Metropolitan City,28,0,,False,20,,False,0,False,0,51.86
office,35655,2118.36,Bagmati,Lalitpur,Lalitpur Metropolitan City,28,0,fully-furnished,True,0,,False,6,True,2,69.98
room,25590,593.64,Bagmati,Lalitpur,Lalitpur Metropolitan City,7,1,fully-furnished,False,10,single,True,1,False,3,70.05
room,23105,486.82,Koshi,Morang,Biratnagar Metropolitan City,19,1,unfurnished,False,20,shared,True,2,False,0,43.02
room,33118,254.66,Sudurpashchim,Kailali,Dhangadhi Sub-Metropolitan City,15,1,unfurnished,True,10,single,False,4,False,3,26.08
home,35836966,1728.09,Bagmati,Lalitpur,Lalitpur Metropolitan City,27,5,fully-furnished,True,10,,False,3,False,6,84.11
home,45246281,2627.81,Bagmati,Kathmandu,Kathmandu Metropolitan City,20,4,semi-furnished,True,10,,False,1,False,5,63.6
office,136407,1006.81,Koshi,Jhapa,Birtamode Municipality,29,0,semi-furnished,False,0,,False,5,True,31,33.96
room,41263,118.64,Koshi,Jhapa,Birtamode Municipality,21,2,semi-furnished,True,13,double,True,5,False,26,30.47
home,26086395,1669.95,Koshi,Jhapa,Birtamode Municipality,26,3,semi-furnished,False,10,,False,3,False,14,67.09
office,93834,3526.51,Koshi,Jhapa,Birtamode Municipality,2,0,fully-furnished,True,16,,False,1,False,36,40.76
room,36592,118.44,Koshi,Morang,Biratnagar Metropolitan City,25,2,semi-furnished,True,16,shared,False,2,False,8,30.47
room,22361,242.29,Koshi,Morang,Biratnagar Metropolitan City,31,1,fully-furnished,False,13,single,True,1,False,22,27.93
land,38249190,1776.68,Bagmati,Bhaktapur,Bhaktapur Municipality,4,0,,False,13,,False,0,False,0,45.14
home,34252335,1394.86,Lumbini,Rupandehi,Butwal Sub-Metropolitan City,19,3,fully-furnished,True,16,,False,3,False,10,71.69
land,44670890,4448.78,Sudurpashchim,Kailali,Dhangadhi Sub-Metropolitan City,15,0,,False,0,,False,0,False,0,39.67
room,19005,947.81,Bagmati,Bhaktapur,Bhaktapur Municipality,31,1,fully-furnished,True,20,2bhk,True,1,False,24,62.44
room,38312,580.56,Bagmati,Lalitpur,Lalitpur Metropolitan City,12,1,unfurnished,True,10,1bhk,True,2,False,25,34.47
room,41636,789.71,Bagmati,Kathmandu,Kathmandu Metropolitan City,11,0,unfurnished,True,16,double,True,1,False,15,61.34
home,29641760,4419.09,Bagmati,Bhaktapur,Bhaktapur Municipality,16,5,semi-furnished,False,10,,False,4,False,11,61.07
home,7836929,3488.57,Bagmati,Lalitpur,Lalitpur Metropolitan City,11,1,semi-furnished,True,0,,False,3,False,29,48.52
office,115189,2886.48,Sudurpashchim,Kailali,Dhangadhi Sub-Metropolitan City,26,0,semi-furnished,False,25,,False,6,False,16,36.2
office,85500,2664.82,Sudurpashchim,Kailali,Dhangadhi Sub-Metropolitan City,11,0,fully-furnished,True,10,,False,2,False,19,22.9
office,68971,2066.94,Bagmati,Lalitpur,Lalitpur Metropolitan City,25,0,fully-furnished,False,16,,False,4,True,13,66.49
home,14384846,4433.83,Koshi,Jhapa,Birtamode Municipality,29,3,semi-furnished,True,10,,False,1,False,14,60.14
room,38487,459.32,Lumbini,Rupandehi,Butwal Sub-Metropolitan City,32,1,fully-furnished,False,10,studio,True,2,False,30,39.01
land,26525355,2308.35,Bagmati,Bhaktapur,Bhaktapur Municipality,19,0,,False,16,,False,0,False,0,53.76
office,66500,3111.71,Koshi,Jhapa,Birtamode Municipality,5,0,unfurnished,False,0,,False,8,True,22,28.08
home,16136407,4672.34,Koshi,Morang,Biratnagar Metropolitan City,20,1,fully-furnished,True,25,,False,3,False,3,58.65
home,32072524,901.39,Bagmati,Kathmandu,Kathmandu Metropolitan City,24,3,unfurnished,False,13,,False,3,False,18,56.43
land,35716700,4499.19,Koshi,Morang,Biratnagar Metropolitan City,8,0,,False,16,,False,0,False,0,54.88
land,13289802,4994.17,Sudurpashchim,Kailali,Dhangadhi Sub-Metropolitan City,5,0,,False,30,,False,0,False,0,40.03
room,49628,758.3,Koshi,Jhapa,Birtamode Municipality,29,1,fully-furnished,True,10,single,False,3,False,12,49.73
land,11921588,2002.51,Gandaki,Kaski,Pokhara Metropolitan City,3,0,,False,10,,False,0,False,0,38.93
home,15176821,4157.78,Koshi,Jhapa,Birtamode Municipality,27,4,unfurnished,False,10,,False,1,False,4,57.27
land,7435162,3827.12,Bagmati,Bhaktapur,Bhaktapur Municipality,17,0,,False,10,,False,0,False,0,46.25
home,49923823,1279.8,Lumbini,Rupandehi,Butwal Sub-Metropolitan City,32,4,semi-furnished,False,30,,False,4,False,16,58.53
room,46651,574.04,Sudurpashchim,Kailali,Dhangadhi Sub-Metropolitan City,21,1,unfurnished,True,10,single,False,4,False,8,46.5
room,34523,975.49,Koshi,Morang,Biratnagar Metropolitan City,32,0,unfurnished,False,13,single,True,5,False,7,33.46
home,11616748,4601.73,Gandaki,Kaski,Pokhara Metropolitan City,30,5,unfurnished,False,16,,False,4,False,26,50.58
room,48832,318.24,Koshi,Morang,Biratnagar Metropolitan City,6,2,unfurnished,True,13,single,False,4,False,26,34.11
home,7053230,2787.33,Koshi,Jhapa,Birtamode Municipality,27,3,semi-furnished,True,13,,False,2,False,31,62.62
office,131339,2204.99,Lumbini,Rupandehi,Butwal Sub-Metropolitan City,14,0,fully-furnished,False,10,,False,3,False,10,42.21
office,30788,773.1,Koshi,Morang,Biratnagar Metropolitan City,6,0,unfurnished,True,10,,False,7,False,5,38.69
land,5193428,2726.2,Bagmati,Bhaktapur,Bhaktapur Municipality,1,0,,False,10,,False,0,False,0,51.2
room,13735,699.45,Bagmati,Chitwan,Bharatpur Metropolitan City,23,0,fully-furnished,False,13,single,True,5,False,2,56.97
land,29230449,4095.03,Bagmati,Kathmandu,Kathmandu Metropolitan City,13,0,,False,30,,False,0,False,0,64.93
land,44301149,3251.49,Lumbini,Rupandehi,Butwal Sub-Metropolitan City,18,0,,False,30,,False,0,False,0,55.62
land,34026881,1296.05,Sudurpashchim,Kailali,Dhangadhi Sub-Metropolitan City,19,0,,False,20,,False,0,False,0,43.17
home,20018420,2884.95,Bagmati,Chitwan,Bharatpur Metropolitan City,7,3,fully-furnished,False,30,,False,3,False,10,76.53
office,60160,4773.01,Lumbini,Rupandehi,Butwal Sub-Metropolitan City,23,0,semi-furnished,False,16,,False,4,False,20,31.55
home,15416576,1424.63,Gandaki,Kaski,Pokhara Metropolitan City,30,1,fully-furnished,True,20,,False,1,False,9,47.18
office,29626,1001.84,Bagmati,Lalitpur,Lalitpur Metropolitan City,9,0,semi-furnished,False,25,,False,6,True,30,53.5
office,107591,4670.4,Koshi,Jhapa,Birtamode Municipality,8,0,unfurnished,False,25,,False,4,False,2,53.85
home,9432899,1604.25,Koshi,Morang,Biratnagar Metropolitan City,26,1,fully-furnished,False,16,,False,2,False,31,35.54
office,126926,2413.18,Lumbini,Rupandehi,Butwal Sub-Metropolitan City,21,0,semi-furnished,False,25,,False,6,True,0,50.11
room,29925,183.89,Bagmati,Bhaktapur,Bhaktapur Municipality,27,1,fully-furnished,True,10,1bhk,False,3,False,29,39.43
home,5619088,961.49,Gandaki,Kaski,Pokhara Metropolitan City,27,3,unfurnished,False,30,,False,3,False,21,83.63
land,36626701,4017.74,Bagmati,Kathmandu,Kathmandu Metropolitan City,31,0,,False,10,,False,0,False,0,52.31
home,38888710,3657.49,Gandaki,Kaski,Pokhara Metropolitan City,22,3,unfurnished,False,20,,False,2,False,27,51.35
office,119060,2832.32,Bagmati,Kathmandu,Kathmandu Metropolitan City,19,0,semi-furnished,True,13,,False,6,True,26,48.03
office,139813,4666.53,Bagmati,Lalitpur,Lalitpur Metropolitan City,27,0,unfurnished,True,13,,False,4,False,16,56.23
land,41893863,3574.26,Bagmati,Chitwan,Bharatpur Metropolitan City,15,0,,False,13,,False,0,False,0,42.49
room,10657,577.67,Koshi,Jhapa,Birtamode Municipality,1,1,semi-furnished,True,16,single,False,1,False,30,27.05
room,49944,114.71,Bagmati,Lalitpur,Lalitpur Metropolitan City,27,1,unfurnished,True,16,1bhk,True,5,False,21,23.63
room,33495,869.71,Sudurpashchim,Kailali,Dhangadhi Sub-Metropolitan City,8,1,fully-furnished,True,0,2bhk,False,1,False,10,31.61
office,142038,767.46,Gandaki,Kaski,Pokhara Metropolitan City,2,0,unfurnished,False,10,,False,5,False,26,37.95
office,67373,3727.06,Bagmati,Bhaktapur,Bhaktapur Municipality,14,0,fully-furnished,False,13,,False,2,True,9,68.73
land,21122822,983.72,Bagmati,Lalitpur,Lalitpur Metropolitan City,16,0,,False,10,,False,0,False,0,55.12
office,120401,870.76,Bagmati,Lalitpur,Lalitpur Metropolitan City,22,0,unfurnished,False,20,,False,2,False,39,39.89
land,26705546,4092.7,Bagmati,Chitwan,Bharatpur Metropolitan City,23,0,,False,10,,False,0,False,0,42.91
home,46630444,3846.32,Koshi,Jhapa,Birtamode Municipality,17,1,fully-furnished,True,10,,False,3,False,10,46.42
home,47383962,4962.68,Sudurpashchim,Kailali,Dhangadhi Sub-Metropolitan City,31,3,fully-furnished,False,30,,False,4,False,27,71.73
office,101405,1087.36,Bagmati,Lalitpur,Lalitpur Metropolitan City,14,0,unfurnished,False,30,,False,2,True,31,51.79
office,68348,1814.41,Sudurpashchim,Kailali,Dhangadhi Sub-Metropolitan City,25,0,fully-furnished,True,0,,False,8,True,0,45.32
land,30885993,3489.48,Koshi,Morang,Biratnagar Metropolitan City,24,0,,False,25,,False,0,False,0,81.8
room,14289,176.7,Bagmati,Kathmandu,Kathmandu Metropolitan City,30,0,unfurnished,True,16,studio,False,1,False,19,31.95
room,35894,380.85,Bagmati,Kathmandu,Kathmandu Metropolitan City,16,1,fully-furnished,True,0,shared,True,3,False,26,37.72
home,32650853,2227.75,Koshi,Jhapa,Birtamode Municipality,18,1,unfurnished,False,0,,False,4,False,19,35.81
office,57375,422.89,Bagmati,Chitwan,Bharatpur Metropolitan City,2,0,semi-furnished,True,25,,False,2,True,33,56.42
room,25314,185.64,Bagmati,Lalitpur,Lalitpur Metropolitan City,8,1,semi-furnished,True,10,1bhk,True,5,False,25,34.22
home,41923859,1961.36,Bagmati,Lalitpur,Lalitpur Metropolitan City,4,5,fully-furnished,False,20,,False,3,False,6,70.13
land,31197209,4651.0,Koshi,Jhapa,Birtamode Municipality,20,0,,False,0,,False,0,False,0,44.66
room,14181,223.2,Koshi,Morang,Biratnagar Metropolitan City,4,0,fully-furnished,False,0,studio,False,4,False,17,18.73
room,44778,631.77,Bagmati,Lalitpur,Lalitpur Metropolitan City,11,1,fully-furnished,False,10,double,True,1,False,15,67.34
home,39204344,3899.02,Gandaki,Kaski,Pokhara Metropolitan City,11,2,semi-furnished,True,25,,False,3,False,36,73.52
office,47657,579.05,Gandaki,Kaski,Pokhara Metropolitan City,16,0,unfurnished,False,10,,False,5,False,8,36.24
office,100790,1565.99,Koshi,Jhapa,Birtamode Municipality,19,0,fully-furnished,False,13,,False,8,True,7,59.83
home,43696045,3703.46,Koshi,Jhapa,Birtamode Municipality,17,2,unfurnished,True,25,,False,2,False,8,61.59
home,9845209,3928.5,Bagmati,Kathmandu,Kathmandu Metropolitan City,16,4,fully-furnished,True,13,,False,1,False,36,73.43
home,5923412,4285.88,Bagmati,Kathmandu,Kathmandu Metropolitan City,8,4,fully-furnished,False,10,,False,4,False,9,74.3
land,30590255,2097.98,Bagmati,Bhaktapur,Bhaktapur Municipality,24,0,,False,16,,False,0,False,0,46.15
room,49618,696.81,Sudurpashchim,Kailali,Dhangadhi Sub-Metropolitan City,29,1,fully-furnished,False,13,double,True,4,False,15,40.31
office,76792,1484.92,Bagmati,Chitwan,Bharatpur Metropolitan City,4,0,semi-furnished,True,0,,False,1,False,33,42.3
home,24274332,1263.75,Bagmati,Chitwan,Bharatpur Metropolitan City,27,2,semi-furnished,False,10,,False,4,False,0,60.79
land,46234886,2195.72,Lumbini,Rupandehi,Butwal Sub-Metropolitan City,30,0,,False,10,,False,0,False,0,45.41
home,31212380,4325.77,Lumbini,Rupandehi,Butwal Sub-Metropolitan City,18,3,fully-furnished,False,10,,False,4,False,8,56.27
home,42027084,2415.24,Bagmati,Kathmandu,Kathmandu Metropolitan City,32,5,unfurnished,True,0,,False,3,False,23,62.73
room,41848,344.63,Sudurpashchim,Kailali,Dhangadhi Sub-Metropolitan City,7,1,unfurnished,False,0,single,True,2,False,28,38.11
room,44435,781.96,Bagmati,Chitwan,Bharatpur Metropolitan City,16,1,unfurnished,False,20,single,True,1,False,10,35.69
office,45351,306.86,Sudurpashchim,Kailali,Dhangadhi Sub-Metropolitan City,22,0,fully-furnished,True,25,,False,5,False,16,45.16
home,45370835,3613.31,Bagmati,Chitwan,Bharatpur Metropolitan City,26,5,unfurnished,False,0,,False,4,False,30,58.81
home,27558508,992.37,Gandaki,Kaski,Pokhara Metropolitan City,21,3,semi-furnished,True,20,,False,3,False,31,65.71
office,33525,3541.73,Gandaki,Kaski,Pokhara Metropolitan City,2,0,unfurnished,True,10,,False,7,True,13,45.24
office,149731,782.29,Lumbini,Rupandehi,Butwal Sub-Metropolitan City,5,0,unfurnished,False,25,,False,3,True,13,41.84
room,8766,132.95,Gandaki,Kaski,Pokhara Metropolitan City,7,2,fully-furnished,False,20,studio,True,1,False,10,45.34
land,43152808,4163.29,Gandaki,Kaski,Pokhara Metropolitan City,6,0,,False,20,,False,0,False,0,53.6
land,39310938,3662.69,Gandaki,Kaski,Pokhara Metropolitan City,31,0,,False,10,,False,0,False,0,58.62
office,136322,4039.89,Bagmati,Kathmandu,Kathmandu Metropolitan City,14,0,semi-furnished,True,0,,False,4,False,0,61.84
room,44456,777.99,Koshi,Jhapa,Birtamode Municipality,23,1,fully-furnished,True,20,single,False,2,False,5,78.11
home,18143677,3876.25,Bagmati,Bhaktapur,Bhaktapur Municipality,3,2,fully-furnished,True,13,,False,4,False,3,76.28
home,18701187,932.26,Lumbini,Rupandehi,Butwal Sub-Metropolitan City,9,3,unfurnished,False,30,,False,4,False,9,70.54
home,16500791,2387.96,Bagmati,Lalitpur,Lalitpur Metropolitan City,31,3,fully-furnished,True,25,,False,4,False,6,84.14
home,32853724,1107.49,Bagmati,Lalitpur,Lalitpur Metropolitan City,14,1,semi-furnished,True,25,,False,2,False,17,66.47
room,46946,241.66,Sudurpashchim,Kailali,Dhangadhi Sub-Metropolitan City,29,1,semi-furnished,False,10,1bhk,False,3,False,10,33.07
home,24832965,1624.33,Bagmati,Chitwan,Bharatpur Metropolitan City,2,4,unfurnished,False,0,,False,1,False,8,49.48
home,31481630,3152.27,Bagmati,Kathmandu,Kathmandu Metropolitan City,8,5,unfurnished,True,0,,False,2,False,34,56.28
home,39119218,4613.61,Gandaki,Kaski,Pokhara Metropolitan City,16,5,unfurnished,True,10,,False,1,False,21,70.08
land,39836554,1822.9,Sudurpashchim,Kailali,Dhangadhi Sub-Metropolitan City,17,0,,False,10,,False,0,False,0,36.02
land,16777474,2809.19,Bagmati,Bhaktapur,Bhaktapur Municipality,28,0,,False,10,,False,0,False,0,58.67
land,7793937,3386.81,Gandaki,Kaski,Pokhara Metropolitan City,10,0,,False,16,,False,0,False,0,63.55
land,48723882,2681.87,Sudurpashchim,Kailali,Dhangadhi Sub-Metropolitan City,21,0,,False,13,,False,0,False,0,44.61
land,4833535,3991.56,Koshi,Morang,Biratnagar Metropolitan City,3,0,,False,30,,False,0,False,0,35.39
land,45750976,2086.74,Bagmati,Kathmandu,Kathmandu Metropolitan City,6,0,,False,20,,False,0,False,0,54.99
land,9594157,2767.35,Bagmati,Lalitpur,Lalitpur Metropolitan City,13,0,,False,16,,False,0,False,0,65.14
room,47640,808.72,Sudurpashchim,Kailali,Dhangadhi Sub-Metropolitan City,4,0,unfurnished,True,13,shared,False,1,False,25,30.04
room,13573,334.72,Sudurpashchim,Kailali,Dhangadhi Sub-Metropolitan City,19,1,unfurnished,False,13,studio,True,2,False,5,24.5
land,5710068,2331.61,Bagmati,Chitwan,Bharatpur Metropolitan City,21,0,,False,20,,False,0,False,0,46.98
office,26403,507.49,Koshi,Jhapa,Birtamode Municipality,2,0,fully-furnished,False,10,,False,7,False,40,36.63
land,21460260,3812.77,Koshi,Morang,Biratnagar Metropolitan City,24,0,,False,20,,False,0,False,0,55.13
office,50907,2946.11,Bagmati,Bhaktapur,Bhaktapur Municipality,25,0,semi-furnished,True,30,,False,5,True,20,54.63
land,14424321,2033.54,Koshi,Morang,Biratnagar Metropolitan City,24,0,,False,30,,False,0,False,0,54.42
land,6559234,3387.57,Koshi,Jhapa,Birtamode Municipality,3,0,,False,16,,False,0,False,0,41.53
home,46218855,3328.83,Gandaki,Kaski,Pokhara Metropolitan City,27,5,semi-furnished,False,30,,False,1,False,39,60.75
home,22972470,1070.96,Sudurpashchim,Kailali,Dhangadhi Sub-Metropolitan City,9,1,fully-furnished,False,13,,False,1,False,35,64.56
land,20358487,3389.99,Sudurpashchim,Kailali,Dhangadhi Sub-Metropolitan City,17,0,,False,30,,False,0,False,0,50.36
office,52638,4438.13,Bagmati,Bhaktapur,Bhaktapur Municipality,32,0,unfurnished,True,16,,False,4,True,25,53.24
home,14495968,3626.6,Bagmati,Chitwan,Bharatpur Metropolitan City,10,4,unfurnished,False,25,,False,2,False,33,69.79
office,51813,1045.39,Bagmati,Chitwan,Bharatpur Metropolitan City,20,0,semi-furnished,True,13,,False,7,True,6,57.99
room,10672,515.77,Bagmati,Chitwan,Bharatpur Metropolitan City,6,2,semi-furnished,False,10,shared,False,3,False,27,31.02
home,29766366,4112.37,Bagmati,Kathmandu,Kathmandu Metropolitan City,26,3,unfurnished,True,13,,False,2,False,1,72.2
office,123821,1746.33,Bagmati,Lalitpur,Lalitpur Metropolitan City,25,0,semi-furnished,False,20,,False,1,True,6,58.6
home,23484008,4287.75,Koshi,Morang,Biratnagar Metropolitan City,12,3,unfurnished,True,16,,False,1,False,21,45.16
room,27095,993.81,Bagmati,Kathmandu,Kathmandu Metropolitan City,4,1,fully-furnished,True,10,shared,True,5,False,8,62.66
land,12490272,3832.34,Koshi,Morang,Biratnagar Metropolitan City,26,0,,False,30,,False,0,False,0,44.96
land,33517347,3758.61,Bagmati,Lalitpur,Lalitpur Metropolitan City,7,0,,False,20,,False,0,False,0,66.59
land,16329087,3307.76,Lumbini,Rupandehi,Butwal Sub-Metropolitan City,4,0,,False,10,,False,0,False,0,42.5
home,32178721,1710.49,Bagmati,Lalitpur,Lalitpur Metropolitan City,32,3,fully-furnished,True,16,,False,1,False,4,80.28
office,32492,4959.68,Bagmati,Lalitpur,Lalitpur Metropolitan City,21,0,semi-furnished,False,30,,False,1,True,11,59.5
land,25453852,3220.19,Gandaki,Kaski,Pokhara Metropolitan City,2,0,,False,30,,False,0,False,0,59.22
land,38156303,4301.67,Koshi,Jhapa,Birtamode Municipality,9,0,,False,0,,False,0,False,0,42.3
office,112122,2519.68,Gandaki,Kaski,Pokhara Metropolitan City,22,0,semi-furnished,False,25,,False,5,True,26,48.32
home,28205746,2345.2,Bagmati,Kathmandu,Kathmandu Metropolitan City,26,2,fully-furnished,True,13,,False,1,False,7,81.8
room,22800,585.31,Sudurpashchim,Kailali,Dhangadhi Sub-Metropolitan City,7,1,semi-furnished,False,13,single,True,4,False,6,30.73
home,38947192,3347.59,Bagmati,Bhaktapur,Bhaktapur Municipality,14,2,fully-furnished,True,16,,False,3,False,21,68.01
office,142392,733.46,Koshi,Morang,Biratnagar Metropolitan City,5,0,fully-furnished,False,10,,False,7,True,23,59.95
room,33919,543.14,Bagmati,Kathmandu,Kathmandu Metropolitan City,16,2,semi-furnished,True,20,2bhk,True,1,False,23,45.72
office,143712,4712.57,Bagmati,Bhaktapur,Bhaktapur Municipality,2,0,fully-furnished,True,20,,False,4,False,24,46.98
land,48963404,2361.02,Koshi,Jhapa,Birtamode Municipality,2,0,,False,16,,False,0,False,0,52.92
room,19502,189.95,Bagmati,Lalitpur,Lalitpur Metropolitan City,14,1,semi-furnished,False,13,single,False,5,False,17,33.01
office,131074,2581.31,Bagmati,Bhaktapur,Bhaktapur Municipality,7,0,semi-furnished,False,30,,False,3,True,33,56.99
room,27923,204.25,Bagmati,Chitwan,Bharatpur Metropolitan City,3,0,unfurnished,False,10,shared,False,2,False,15,26.22
home,20686526,993.71,Sudurpashchim,Kailali,Dhangadhi Sub-Metropolitan City,27,3,unfurnished,True,0,,False,1,False,23,49.1
land,40880388,2881.82,Lumbini,Rupandehi,Butwal Sub-Metropolitan City,4,0,,False,20,,False,0,False,0,63.31
room,9033,616.68,Bagmati,Lalitpur,Lalitpur Metropolitan City,19,2,semi-furnished,True,16,1bhk,False,5,False,18,51.21
room,42223,180.69,Koshi,Jhapa,Birtamode Municipality,30,1,fully-furnished,False,20,studio,True,2,False,10,38.36
room,28289,795.07,Bagmati,Lalitpur,Lalitpur Metropolitan City,2,1,fully-furnished,True,0,double,True,3,False,24,53.09
office,145911,2950.4,Bagmati,Bhaktapur,Bhaktapur Municipality,26,0,fully-furnished,False,20,,False,1,False,9,72.9
land,5048184,3984.3,Koshi,Jhapa,Birtamode Municipality,30,0,,False,25,,False,0,False,0,47.71
home,20308226,2099.91,Lumbini,Rupandehi,Butwal Sub-Metropolitan City,14,5,unfurnished,True,13,,False,3,False,15,54.72
home,24105989,4311.08,Sudurpashchim,Kailali,Dhangadhi Sub-Metropolitan City,2,1,semi-furnished,False,25,,False,1,False,9,66.54
room,17649,594.33,Koshi,Jhapa,Birtamode Municipality,2,2,unfurnished,False,20,2bhk,True,4,False,21,37.4
land,26133594,3163.53,Bagmati,Chitwan,Bharatpur Metropolitan City,25,0,,False,16,,False,0,False,0,30.84
home,33585276,3159.54,Bagmati,Lalitpur,Lalitpur Metropolitan City,1,1,unfurnished,True,30,,False,2,False,33,69.43
room,20585,326.74,Koshi,Morang,Biratnagar Metropolitan City,8,1,semi-furnished,True,10,1bhk,False,5,False,8,32.39
land,18014580,2757.19,Bagmati,Kathmandu,Kathmandu Metropolitan City,11,0,,False,0,,False,0,False,0,46.35
office,71024,4564.49,Bagmati,Kathmandu,Kathmandu Metropolitan City,26,0,fully-furnished,True,0,,False,7,True,4,55.32
home,6710291,4258.95,Bagmati,Lalitpur,Lalitpur Metropolitan City,22,1,fully-furnished,False,20,,False,1,False,39,59.19
land,7909872,3408.41,Bagmati,Chitwan,Bharatpur Metropolitan City,19,0,,False,30,,False,0,False,0,62.22
land,14890966,2453.5,Koshi,Morang,Biratnagar Metropolitan City,30,0,,False,30,,False,0,False,0,53.35
home,47075759,3496.71,Sudurpashchim,Kailali,Dhangadhi Sub-Metropolitan City,29,2,fully-furnished,False,10,,False,3,False,17,60.57
office,56896,2380.67,Bagmati,Kathmandu,Kathmandu Metropolitan City,29,0,semi-furnished,True,0,,False,8,True,25,37.95
home,42276590,2247.11,Koshi,Jhapa,Birtamode Municipality,9,1,unfurnished,False,25,,False,4,False,24,58.44
home,22686264,4030.28,Bagmati,Kathmandu,Kathmandu Metropolitan City,5,1,semi-furnished,False,0,,False,2,False,12,58.43
office,37388,719.18,Gandaki,Kaski,Pokhara Metropolitan City,15,0,semi-furnished,False,25,,False,3,True,22,45.17
land,8311722,3042.15,Koshi,Jhapa,Birtamode Municipality,30,0,,False,16,,False,0,False,0,55.18
home,10274393,3647.74,Bagmati,Kathmandu,Kathmandu Metropolitan City,11,5,fully-furnished,True,16,,False,1,False,14,71.74
home,38269090,1355.9,Koshi,Jhapa,Birtamode Municipality,21,5,unfurnished,False,16,,False,1,False,12,65.91
office,91458,4489.58,Gandaki,Kaski,Pokhara Metropolitan City,5,0,semi-furnished,False,13,,False,1,True,37,44.0
land,22731113,4415.73,Koshi,Morang,Biratnagar Metropolitan City,10,0,,False,20,,False,0,False,0,65.85
land,6550067,1884.18,Bagmati,Kathmandu,Kathmandu Metropolitan City,28,0,,False,10,,False,0,False,0,50.89
home,31733458,4294.4,Lumbini,Rupandehi,Butwal Sub-Metropolitan City,17,4,unfurnished,True,10,,False,4,False,31,49.24
home,15836533,1115.75,Sudurpashchim,Kailali,Dhangadhi Sub-Metropolitan City,12,1,semi-furnished,True,0,,False,2,False,16,47.02
office,64582,2990.84,Sudurpashchim,Kailali,Dhangadhi Sub-Metropolitan City,11,0,unfurnished,False,30,,False,8,True,27,35.3
home,16892805,4361.92,Gandaki,Kaski,Pokhara Metropolitan City,8,5,unfurnished,False,16,,False,1,False,21,65.46
office,112119,2616.28,Gandaki,Kaski,Pokhara Metropolitan City,2,0,unfurnished,False,16,,False,2,False,30,26.04
office,73095,1408.96,Bagmati,Kathmandu,Kathmandu Metropolitan City,32,0,unfurnished,True,30,,False,1,False,0,55.44
home,16471607,3567.42,Koshi,Jhapa,Birtamode Municipality,6,2,fully-furnished,False,13,,False,2,False,5,52.82
room,43328,799.56,Koshi,Jhapa,Birtamode Municipality,1,2,fully-furnished,False,16,1bhk,True,1,False,16,57.51
land,29704659,2107.79,Bagmati,Bhaktapur,Bhaktapur Municipality,9,0,,False,16,,False,0,False,0,68.48
room,47908,486.96,Bagmati,Kathmandu,Kathmandu Metropolitan City,16,1,unfurnished,True,10,double,True,3,False,25,42.22
home,45146058,4895.04,Bagmati,Kathmandu,Kathmandu Metropolitan City,28,3,unfurnished,False,25,,False,2,False,19,62.93
land,33324056,1919.33,Koshi,Morang,Biratnagar Metropolitan City,6,0,,False,25,,False,0,False,0,56.44
office,77855,3567.82,Sudurpashchim,Kailali,Dhangadhi Sub-Metropolitan City,3,0,fully-furnished,False,10,,False,4,False,28,47.5
office,147416,2834.57,Koshi,Jhapa,Birtamode Municipality,13,0,unfurnished,True,0,,False,8,False,24,16.38
land,38715156,2828.06,Bagmati,Lalitpur,Lalitpur Metropolitan City,30,0,,False,16,,False,0,False,0,57.22
home,15329082,2924.38,Koshi,Jhapa,Birtamode Municipality,28,2,semi-furnished,True,16,,False,1,False,34,59.54
land,48790976,3467.26,Koshi,Morang,Biratnagar Metropolitan City,26,0,,False,25,,False,0,False,0,58.7
room,9959,725.95,Gandaki,Kaski,Pokhara Metropolitan City,4,1,semi-furnished,False,20,shared,False,5,False,1,54.5
land,39357575,1902.27,Bagmati,Kathmandu,Kathmandu Metropolitan City,11,0,,False,10,,False,0,False,0,63.37
room,42313,326.09,Koshi,Morang,Biratnagar Metropolitan City,18,2,semi-furnished,False,10,double,False,5,False,9,13.29
home,43658275,3670.81,Bagmati,Bhaktapur,Bhaktapur Municipality,9,3,semi-furnished,True,30,,False,2,False,34,73.61
room,13217,247.98,Bagmati,Lalitpur,Lalitpur Metropolitan City,26,1,fully-furnished,False,16,double,False,4,False,5,41.83
office,49133,4381.17,Bagmati,Bhaktapur,Bhaktapur Municipality,15,0,semi-furnished,False,0,,False,4,True,35,16.73
room,40088,123.09,Koshi,Jhapa,Birtamode Municipality,24,1,semi-furnished,False,0,1bhk,False,4,False,24,15.45
room,28094,106.84,Bagmati,Chitwan,Bharatpur Metropolitan City,15,0,unfurnished,True,0,studio,False,2,False,1,28.78
room,10470,342.22,Gandaki,Kaski,Pokhara Metropolitan City,16,0,semi-furnished,True,16,shared,True,3,False,9,45.4
land,16575934,4258.68,Lumbini,Rupandehi,Butwal Sub-Metropolitan City,21,0,,False,0,,False,0,False,0,48.26
home,19392676,3401.39,Gandaki,Kaski,Pokhara Metropolitan City,24,4,semi-furnished,True,10,,False,4,False,28,74.93
land,20834477,4827.14,Koshi,Morang,Biratnagar Metropolitan City,2,0,,False,30,,False,0,False,0,66.33
land,8847667,4786.66,Bagmati,Bhaktapur,Bhaktapur Municipality,19,0,,False,0,,False,0,False,0,54.48
home,40514823,2408.32,Koshi,Morang,Biratnagar Metropolitan City,30,1,unfurnished,False,20,,False,1,False,38,53.5
office,37009,1576.91,Bagmati,Bhaktapur,Bhaktapur Municipality,1,0,fully-furnished,False,16,,False,3,True,21,54.14
office,62526,574.34,Sudurpashchim,Kailali,Dhangadhi Sub-Metropolitan City,27,0,unfurnished,False,30,,False,8,False,17,23.03
home,27675449,2869.39,Bagmati,Chitwan,Bharatpur Metropolitan City,9,5,semi-furnished,False,20,,False,3,False,37,59.34
room,48216,808.85,Koshi,Jhapa,Birtamode Municipality,21,1,fully-furnished,True,13,1bhk,True,1,False,25,38.27
room,8410,222.51,Koshi,Jhapa,Birtamode Municipality,2,0,fully-furnished,True,13,shared,True,5,False,20,51.08
land,10766746,1263.85,Gandaki,Kaski,Pokhara Metropolitan City,16,0,,False,30,,False,0,False,0,61.0
room,29232,287.51,Koshi,Morang,Biratnagar Metropolitan City,5,1,semi-furnished,True,20,double,False,5,False,23,37.38
land,37883792,2004.03,Bagmati,Bhaktapur,Bhaktapur Municipality,19,0,,False,20,,False,0,False,0,60.93
office,146234,977.14,Koshi,Jhapa,Birtamode Municipality,32,0,unfurnished,True,16,,False,8,False,18,36.54
home,39582138,1344.89,Koshi,Jhapa,Birtamode Municipality,1,2,semi-furnished,False,10,,False,1,False,33,62.37
home,17779119,3895.59,Gandaki,Kaski,Pokhara Metropolitan City,7,1,fully-furnished,True,20,,False,2,False,0,70.93
land,3544578,2321.77,Bagmati,Chitwan,Bharatpur Metropolitan City,4,0,,False,0,,False,0,False,0,41.36
home,15747538,1902.04,Sudurpashchim,Kailali,Dhangadhi Sub-Metropolitan City,27,2,unfurnished,False,13,,False,1,False,34,36.13
office,31415,2737.8,Bagmati,Bhaktapur,Bhaktapur Municipality,26,0,unfurnished,False,10,,False,3,False,30,22.26
room,31801,772.14,Lumbini,Rupandehi,Butwal Sub-Metropolitan City,17,1,semi-furnished,True,16,double,True,3,False,4,49.86
office,92587,4528.36,Bagmati,Lalitpur,Lalitpur Metropolitan City,25,0,fully-furnished,True,16,,False,1,True,28,52.9
office,110109,597.61,Bagmati,Lalitpur,Lalitpur Metropolitan City,12,0,fully-furnished,True,16,,False,4,True,1,62.94
home,43042311,1451.8,Koshi,Morang,Biratnagar Metropolitan City,12,5,fully-furnished,False,10,,False,1,False,27,56.54
land,39954095,1715.97,Koshi,Morang,Biratnagar Metropolitan City,20,0,,False,10,,False,0,False,0,35.54
home,21409538,3543.94,Gandaki,Kaski,Pokhara Metropolitan City,21,5,unfurnished,True,13,,False,3,False,17,63.09
land,34073245,3816.58,Koshi,Jhapa,Birtamode Municipality,32,0,,False,25,,False,0,False,0,38.11
home,24451020,4194.62,Lumbini,Rupandehi,Butwal Sub-Metropolitan City,11,2,fully-furnished,False,13,,False,3,False,36,62.3
land,43507408,4541.07,Lumbini,Rupandehi,Butwal Sub-Metropolitan City,12,0,,False,30,,False,0,False,0,58.14
land,32537409,3155.49,Lumbini,Rupandehi,Butwal Sub-Metropolitan City,12,0,,False,0,,False,0,False,0,29.12
land,42989889,1759.9,Bagmati,Bhaktapur,Bhaktapur Municipality,22,0,,False,16,,False,0,False,0,51.47
office,112788,1306.91,Sudurpashchim,Kailali,Dhangadhi Sub-Metropolitan City,8,0,semi-furnished,True,20,,False,4,True,9,46.21
land,29651056,4110.9,Bagmati,Kathmandu,Kathmandu Metropolitan City,9,0,,False,25,,False,0,False,0,63.29
home,7984036,958.16,Bagmati,Kathmandu,Kathmandu Metropolitan City,12,3,unfurnished,False,20,,False,4,False,33,71.28
office,110874,3512.91,Sudurpashchim,Kailali,Dhangadhi Sub-Metropolitan City,23,0,unfurnished,False,25,,False,6,True,15,24.31
office,140920,4053.85,Sudurpashchim,Kailali,Dhangadhi Sub-Metropolitan City,4,0,fully-furnished,True,0,,False,5,False,15,38.99
land,7456594,1170.77,Koshi,Jhapa,Birtamode Municipality,21,0,,False,13,,False,0,False,0,44.27
home,15013674,895.93,Bagmati,Bhaktapur,Bhaktapur Municipality,6,5,fully-furnished,False,25,,False,1,False,5,86.93
home,39318196,1964.17,Bagmati,Chitwan,Bharatpur Metropolitan City,31,2,fully-furnished,True,0,,False,4,False,30,56.29
home,12728937,1190.3,Bagmati,Lalitpur,Lalitpur Metropolitan City,32,2,semi-furnished,True,25,,False,2,False,9,67.53
home,35893213,1295.93,Bagmati,Lalitpur,Lalitpur Metropolitan City,11,4,semi-furnished,True,0,,False,1,False,38,52.42
land,10013247,2345.1,Bagmati,Lalitpur,Lalitpur Metropolitan City,8,0,,False,10,,False,0,False,0,43.98
land,5141937,3355.28,Bagmati,Bhaktapur,Bhaktapur Municipality,8,0,,False,16,,False,0,False,0,59.46
room,20972,939.16,Bagmati,Bhaktapur,Bhaktapur Municipality,29,1,fully-furnished,False,20,double,False,4,False,10,55.3
land,47637044,2657.98,Gandaki,Kaski,Pokhara Metropolitan City,12,0,,False,30,,False,0,False,0,79.36
land,21927718,3986.75,Bagmati,Chitwan,Bharatpur Metropolitan City,10,0,,False,10,,False,0,False,0,44.84
land,40472690,797.65,Bagmati,Lalitpur,Lalitpur Metropolitan City,19,0,,False,25,,False,0,False,0,54.44
home,43683532,4411.34,Koshi,Jhapa,Birtamode Municipality,22,3,fully-furnished,True,20,,False,3,False,24,50.74
land,27610645,3712.69,Bagmati,Bhaktapur,Bhaktapur Municipality,13,0,,False,13,,False,0,False,0,34.05
land,17402781,4163.06,Koshi,Jhapa,Birtamode Municipality,1,0,,False,25,,False,0,False,0,36.32
home,11520838,4258.67,Koshi,Morang,Biratnagar Metropolitan City,32,2,semi-furnished,True,10,,False,3,False,12,58.63
room,33386,585.68,Koshi,Jhapa,Birtamode Municipality,21,1,fully-furnished,True,0,shared,True,2,False,0,53.03
office,67424,2285.56,Bagmati,Bhaktapur,Bhaktapur Municipality,4,0,unfurnished,True,16,,False,4,False,17,30.97
home,10729324,2661.08,Bagmati,Kathmandu,Kathmandu Metropolitan City,4,4,semi-furnished,True,16,,False,2,False,8,81.93
room,25108,408.15,Bagmati,Bhaktapur,Bhaktapur Municipality,7,1,unfurnished,True,10,2bhk,False,1,False,7,34.13
land,30215328,3349.39,Bagmati,Kathmandu,Kathmandu Metropolitan City,2,0,,False,16,,False,0,False,0,57.44
room,28202,903.74,Lumbini,Rupandehi,Butwal Sub-Metropolitan City,28,0,semi-furnished,False,20,2bhk,False,3,False,9,61.46
home,12142062,1855.38,Koshi,Jhapa,Birtamode Municipality,16,2,semi-furnished,False,16,,False,1,False,7,65.74
land,37506238,4128.21,Bagmati,Kathmandu,Kathmandu Metropolitan City,8,0,,False,0,,False,0,False,0,43.91
home,32687287,4185.61,Bagmati,Kathmandu,Kathmandu Metropolitan City,2,5,fully-furnished,True,16,,False,4,False,17,69.32
office,25586,2291.88,Bagmati,Lalitpur,Lalitpur Metropolitan City,11,0,unfurnished,True,20,,False,2,False,28,26.17
home,12259945,4447.42,Bagmati,Lalitpur,Lalitpur Metropolitan City,2,3,unfurnished,True,16,,False,1,False,12,54.36
land,19542536,2647.74,Sudurpashchim,Kailali,Dhangadhi Sub-Metropolitan City,27,0,,False,0,,False,0,False,0,35.84
home,8207695,1134.77,Lumbini,Rupandehi,Butwal Sub-Metropolitan City,22,3,semi-furnished,False,16,,False,3,False,12,54.4
home,6663638,3757.07,Koshi,Jhapa,Birtamode Municipality,8,1,unfurnished,False,10,,False,3,False,34,36.91
room,36146,483.32,Sudurpashchim,Kailali,Dhangadhi Sub-Metropolitan City,29,1,semi-furnished,True,10,single,True,3,False,6,44.46
office,140514,4166.15,Gandaki,Kaski,Pokhara Metropolitan City,11,0,semi-furnished,False,30,,False,7,False,27,46.16
land,38206378,3216.13,Bagmati,Bhaktapur,Bhaktapur Municipality,23,0,,False,10,,False,0,False,0,43.33
office,148427,450.8,Bagmati,Bhaktapur,Bhaktapur Municipality,2,0,semi-furnished,False,16,,False,7,True,19,44.22
land,6394202,4118.94,Koshi,Morang,Biratnagar Metropolitan City,5,0,,False,16,,False,0,False,0,50.25
office,24895,4595.47,Lumbini,Rupandehi,Butwal Sub-Metropolitan City,8,0,fully-furnished,False,20,,False,4,True,36,36.69
land,7414342,1771.95,Bagmati,Chitwan,Bharatpur Metropolitan City,21,0,,False,13,,False,0,False,0,60.79
land,36677646,3325.4,Bagmati,Bhaktapur,Bhaktapur Municipality,17,0,,False,0,,False,0,False,0,42.34
office,89361,3981.63,Bagmati,Chitwan,Bharatpur Metropolitan City,26,0,semi-furnished,True,25,,False,2,True,29,49.97
land,40348902,2343.55,Lumbini,Rupandehi,Butwal Sub-Metropolitan City,27,0,,False,25,,False,0,False,0,63.25
land,9682483,4604.73,Bagmati,Chitwan,Bharatpur Metropolitan City,27,0,,False,10,,False,0,False,0,45.85
office,83572,4776.97,Gandaki,Kaski,Pokhara Metropolitan City,19,0,semi-furnished,False,10,,False,4,True,20,52.4
home,39587110,3895.27,Koshi,Jhapa,Birtamode Municipality,14,5,unfurnished,False,20,,False,1,False,39,53.68
land,20724371,3759.39,Lumbini,Rupandehi,Butwal Sub-Metropolitan City,5,0,,False,10,,False,0,False,0,40.94
home,8421263,1700.24,Koshi,Jhapa,Birtamode Municipality,2,5,semi-furnished,True,0,,False,1,False,26,54.29
home,49321386,3449.46,Bagmati,Kathmandu,Kathmandu Metropolitan City,2,3,fully-furnished,True,10,,False,3,False,39,55.43
office,30944,4518.0,Sudurpashchim,Kailali,Dhangadhi Sub-Metropolitan City,10,0,semi-furnished,True,25,,False,5,True,4,52.67
office,38119,1729.34,Sudurpashchim,Kailali,Dhangadhi Sub-Metropolitan City,17,0,fully-furnished,True,16,,False,6,True,36,42.8
room,43330,939.26,Lumbini,Rupandehi,Butwal Sub-Metropolitan City,29,1,fully-furnished,True,13,1bhk,True,4,False,15,52.56
office,43570,4195.41,Koshi,Morang,Biratnagar Metropolitan City,6,0,fully-furnished,False,20,,False,2,False,38,41.29
land,37285803,4716.84,Koshi,Jhapa,Birtamode Municipality,6,0,,False,16,,False,0,False,0,29.05
home,38868951,3150.69,Bagmati,Chitwan,Bharatpur Metropolitan City,28,2,semi-furnished,False,20,,False,4,False,40,49.36
room,23029,629.96,Bagmati,Kathmandu,Kathmandu Metropolitan City,3,0,semi-furnished,True,20,studio,True,3,False,13,56.53
office,57239,1132.04,Bagmati,Kathmandu,Kathmandu Metropolitan City,16,0,unfurnished,True,13,,False,7,False,6,50.04
office,25920,1676.39,Lumbini,Rupandehi,Butwal Sub-Metropolitan City,12,0,unfurnished,False,25,,False,5,False,24,32.2
home,33810388,4729.34,Sudurpashchim,Kailali,Dhangadhi Sub-Metropolitan City,17,1,semi-furnished,False,20,,False,3,False,9,66.87
office,64304,1018.86,Bagmati,Lalitpur,Lalitpur Metropolitan City,1,0,fully-furnished,False,10,,False,3,False,37,38.54
office,36391,2850.31,Gandaki,Kaski,Pokhara Metropolitan City,18,0,fully-furnished,True,13,,False,7,True,39,54.96
office,71798,4929.56,Bagmati,Kathmandu,Kathmandu Metropolitan City,9,0,semi-furnished,True,30,,False,8,True,27,58.37
land,17391616,1989.57,Bagmati,Kathmandu,Kathmandu Metropolitan City,6,0,,False,30,,False,0,False,0,59.69
home,45244518,3576.96,Bagmati,Lalitpur,Lalitpur Metropolitan City,23,2,fully-furnished,False,0,,False,2,False,13,74.91
office,148583,1906.13,Lumbini,Rupandehi,Butwal Sub-Metropolitan City,1,0,fully-furnished,True,13,,False,6,True,25,40.13
land,21684225,2249.36,Koshi,Morang,Biratnagar Metropolitan City,11,0,,False,30,,False,0,False,0,65.86
office,100777,1532.26,Bagmati,Chitwan,Bharatpur Metropolitan City,10,0,fully-furnished,False,13,,False,1,True,18,58.93
land,7239910,2428.88,Bagmati,Chitwan,Bharatpur Metropolitan City,27,0,,False,16,,False,0,False,0,43.47
land,42899386,3710.84,Lumbini,Rupandehi,Butwal Sub-Metropolitan City,9,0,,False,20,,False,0,False,0,64.85
land,33985844,4425.08,Sudurpashchim,Kailali,Dhangadhi Sub-Metropolitan City,1,0,,False,30,,False,0,False,0,50.4
home,34719225,1940.29,Sudurpashchim,Kailali,Dhangadhi Sub-Metropolitan City,7,3,semi-furnished,True,30,,False,2,False,20,69.38
office,91554,4751.77,Bagmati,Bhaktapur,Bhaktapur Municipality,25,0,semi-furnished,True,25,,False,7,False,19,50.02
office,133604,3536.84,Sudurpashchim,Kailali,Dhangadhi Sub-Metropolitan City,20,0,fully-furnished,False,13,,False,5,False,3,47.22
land,48602019,3806.24,Bagmati,Lalitpur,Lalitpur Metropolitan City,9,0,,False,10,,False,0,False,0,57.85
office,141732,1458.06,Bagmati,Kathmandu,Kathmandu Metropolitan City,24,0,semi-furnished,True,13,,False,2,True,30,59.8
office,98119,1367.23,Bagmati,Lalitpur,Lalitpur Metropolitan City,4,0,unfurnished,False,10,,False,7,False,15,23.8
home,22441952,2961.6,Koshi,Jhapa,Birtamode Municipality,7,3,semi-furnished,True,16,,False,4,False,0,78.75
land,23046315,4170.07,Bagmati,Kathmandu,Kathmandu Metropolitan City,20,0,,False,20,,False,0,False,0,42.76
home,30255448,2031.93,Bagmati,Chitwan,Bharatpur Metropolitan City,4,4,unfurnished,False,30,,False,4,False,27,72.35
office,77121,1836.31,Lumbini,Rupandehi,Butwal Sub-Metropolitan City,4,0,semi-furnished,True,0,,False,5,False,27,45.05
office,136976,1897.61,Koshi,Morang,Biratnagar Metropolitan City,29,0,fully-furnished,False,30,,False,5,False,14,48.05
land,27798716,1262.68,Gandaki,Kaski,Pokhara Metropolitan City,28,0,,False,13,,False,0,False,0,50.2
office,44159,4315.15,Koshi,Jhapa,Birtamode Municipality,9,0,semi-furnished,False,25,,False,5,True,6,39.57
room,11519,306.01,Koshi,Jhapa,Birtamode Municipality,23,0,unfurnished,False,10,double,True,2,False,4,27.78
home,37102524,2598.36,Bagmati,Chitwan,Bharatpur Metropolitan City,29,4,semi-furnished,False,10,,False,3,False,39,51.39
office,43183,787.18,Bagmati,Lalitpur,Lalitpur Metropolitan City,2,0,semi-furnished,True,0,,False,6,False,34,41.21
office,138546,328.76,Sudurpashchim,Kailali,Dhangadhi Sub-Metropolitan City,4,0,unfurnished,True,0,,False,8,False,30,28.45
home,16602394,4473.4,Lumbini,Rupandehi,Butwal Sub-Metropolitan City,13,5,unfurnished,False,16,,False,1,False,17,68.79
home,16013231,4128.62,Lumbini,Rupandehi,Butwal Sub-Metropolitan City,27,4,fully-furnished,True,25,,False,1,False,10,70.44
home,37126476,1760.99,Bagmati,Kathmandu,Kathmandu Metropolitan City,17,3,fully-furnished,False,13,,False,4,False,34,64.56
office,103303,4876.4,Bagmati,Kathmandu,Kathmandu Metropolitan City,23,0,fully-furnished,False,13,,False,3,False,8,41.66
home,29295366,4490.33,Bagmati,Lalitpur,Lalitpur Metropolitan City,21,3,fully-furnished,True,25,,False,4,False,16,69.09
room,30186,686.99,Bagmati,Chitwan,Bharatpur Metropolitan City,19,1,fully-furnished,True,0,double,True,2,False,29,48.78
room,48684,713.95,Lumbini,Rupandehi,Butwal Sub-Metropolitan City,32,0,semi-furnished,False,16,double,True,3,False,20,57.92
office,133719,444.31,Bagmati,Bhaktapur,Bhaktapur Municipality,11,0,unfurnished,False,25,,False,3,True,30,33.52
land,7514517,4145.14,Koshi,Morang,Biratnagar Metropolitan City,4,0,,False,20,,False,0,False,0,43.6
home,47637056,1870.71,Koshi,Jhapa,Birtamode Municipality,3,2,fully-furnished,False,20,,False,2,False,20,62.45
home,20397273,3421.34,Sudurpashchim,Kailali,Dhangadhi Sub-Metropolitan City,18,3,fully-furnished,False,0,,False,1,False,40,46.83
land,36900477,2594.33,Bagmati,Lalitpur,Lalitpur Metropolitan City,26,0,,False,13,,False,0,False,0,46.58
land,14559500,2184.96,Sudurpashchim,Kailali,Dhangadhi Sub-Metropolitan City,28,0,,False,13,,False,0,False,0,48.75
room,36016,335.49,Bagmati,Chitwan,Bharatpur Metropolitan City,24,0,unfurnished,True,20,shared,True,4,False,19,33.62
office,109946,373.18,Gandaki,Kaski,Pokhara Metropolitan City,7,0,unfurnished,False,10,,False,2,True,34,34.2
room,45217,823.51,Lumbini,Rupandehi,Butwal Sub-Metropolitan City,25,2,unfurnished,True,20,single,False,3,False,15,52.66
office,78905,1588.93,Bagmati,Bhaktapur,Bhaktapur Municipality,7,0,unfurnished,True,13,,False,7,True,2,49.93
office,37327,1122.64,Bagmati,Lalitpur,Lalitpur Metropolitan City,17,0,fully-furnished,True,20,,False,8,True,33,49.2
home,12565156,1433.98,Gandaki,Kaski,Pokhara Metropolitan City,7,5,semi-furnished,True,16,,False,2,False,36,65.37
home,42382713,3789.1,Gandaki,Kaski,Pokhara Metropolitan City,4,2,fully-furnished,True,0,,False,1,False,7,62.05
home,5141774,1538.06,Bagmati,Kathmandu,Kathmandu Metropolitan City,15,1,fully-furnished,False,16,,False,4,False,24,61.29
land,45371133,2884.07,Bagmati,Lalitpur,Lalitpur Metropolitan City,2,0,,False,20,,False,0,False,0,55.22
office,91793,872.0,Sudurpashchim,Kailali,Dhangadhi Sub-Metropolitan City,25,0,fully-furnished,False,10,,False,6,False,5,59.33
land,22418821,4560.29,Bagmati,Chitwan,Bharatpur Metropolitan City,16,0,,False,13,,False,0,False,0,51.38
land,21546446,4080.53,Gandaki,Kaski,Pokhara Metropolitan City,4,0,,False,16,,False,0,False,0,49.79
home,32425247,2122.42,Sudurpashchim,Kailali,Dhangadhi Sub-Metropolitan City,13,5,semi-furnished,True,0,,False,1,False,12,62.2
office,20459,4605.2,Bagmati,Kathmandu,Kathmandu Metropolitan City,26,0,semi-furnished,False,13,,False,7,False,4,44.15
land,47858380,2574.42,Koshi,Morang,Biratnagar Metropolitan City,3,0,,False,16,,False,0,False,0,60.64
room,33754,166.44,Koshi,Jhapa,Birtamode Municipality,6,1,semi-furnished,True,0,2bhk,True,3,False,0,34.65
room,46763,458.94,Lumbini,Rupandehi,Butwal Sub-Metropolitan City,7,1,unfurnished,False,0,1bhk,True,3,False,24,27.69
home,18576263,2562.7,Sudurpashchim,Kailali,Dhangadhi Sub-Metropolitan City,28,3,unfurnished,True,16,,False,4,False,10,60.95
office,90770,2781.39,Koshi,Jhapa,Birtamode Municipality,1,0,semi-furnished,True,16,,False,8,True,23,26.52
room,37722,262.55,Bagmati,Kathmandu,Kathmandu Metropolitan City,28,0,unfurnished,False,16,single,True,2,False,0,35.51
home,29058976,4500.95,Bagmati,Lalitpur,Lalitpur Metropolitan City,28,4,unfurnished,True,16,,False,1,False,19,50.63
land,7888186,4718.45,Bagmati,Lalitpur,Lalitpur Metropolitan City,24,0,,False,30,,False,0,False,0,60.65
room,15718,559.45,Lumbini,Rupandehi,Butwal Sub-Metropolitan City,22,2,semi-furnished,False,13,2bhk,True,2,False,15,59.68
office,32657,3985.07,Bagmati,Chitwan,Bharatpur Metropolitan City,12,0,unfurnished,True,13,,False,2,False,8,60.93
room,47528,246.45,Koshi,Jhapa,Birtamode Municipality,12,2,semi-furnished,True,16,single,False,3,False,8,45.92
land,28021433,3628.37,Bagmati,Bhaktapur,Bhaktapur Municipality,23,0,,False,16,,False,0,False,0,56.01
room,16284,801.55,Bagmati,Kathmandu,Kathmandu Metropolitan City,28,0,unfurnished,True,10,shared,False,1,False,22,22.55
land,17734240,3418.11,Bagmati,Kathmandu,Kathmandu Metropolitan City,5,0,,False,25,,False,0,False,0,56.01
office,80208,4768.0,Koshi,Morang,Biratnagar Metropolitan City,18,0,fully-furnished,True,30,,False,3,False,30,46.43
home,23790385,4527.18,Bagmati,Bhaktapur,Bhaktapur Municipality,21,1,fully-furnished,True,16,,False,2,False,10,61.36
office,75008,723.42,Bagmati,Chitwan,Bharatpur Metropolitan City,16,0,fully-furnished,False,20,,False,6,True,30,46.04
land,46049022,4754.78,Bagmati,Lalitpur,Lalitpur Metropolitan City,23,0,,False,25,,False,0,False,0,54.21
land,3068833,3169.75,Bagmati,Kathmandu,Kathmandu Metropolitan City,8,0,,False,20,,False,0,False,0,38.85
office,106106,4910.96,Bagmati,Bhaktapur,Bhaktapur Municipality,7,0,fully-furnished,False,10,,False,7,True,2,58.89
home,43219295,1023.61,Koshi,Morang,Biratnagar Metropolitan City,29,2,fully-furnished,True,0,,False,4,False,4,54.25
room,39710,104.14,Koshi,Jhapa,Birtamode Municipality,1,1,unfurnished,True,20,1bhk,False,5,False,22,19.05
room,17230,829.66,Koshi,Morang,Biratnagar Metropolitan City,15,2,semi-furnished,True,16,shared,True,5,False,8,69.44
office,116036,2243.07,Bagmati,Chitwan,Bharatpur Metropolitan City,8,0,fully-furnished,True,16,,False,4,False,34,40.23
home,27299614,949.19,Bagmati,Lalitpur,Lalitpur Metropolitan City,5,1,fully-furnished,False,30,,False,4,False,14,53.36
land,17316719,4537.33,Bagmati,Bhaktapur,Bhaktapur Municipality,30,0,,False,30,,False,0,False,0,55.57
office,135514,2762.88,Koshi,Morang,Biratnagar Metropolitan City,17,0,fully-furnished,False,30,,False,3,False,33,62.27
office,77071,4901.36,Bagmati,Kathmandu,Kathmandu Metropolitan City,18,0,fully-furnished,False,16,,False,4,True,16,73.81
home,26335215,4864.23,Bagmati,Chitwan,Bharatpur Metropolitan City,20,2,semi-furnished,False,16,,False,2,False,34,40.05
room,37119,147.77,Bagmati,Kathmandu,Kathmandu Metropolitan City,22,1,unfurnished,True,16,shared,False,5,False,10,38.36
land,13700895,4831.96,Koshi,Morang,Biratnagar Metropolitan City,24,0,,False,10,,False,0,False,0,39.18
land,25367820,3025.62,Bagmati,Bhaktapur,Bhaktapur Municipality,3,0,,False,30,,False,0,False,0,59.22
land,49965277,2821.55,Koshi,Morang,Biratnagar Metropolitan City,3,0,,False,13,,False,0,False,0,71.58
land,8592494,1128.84,Bagmati,Kathmandu,Kathmandu Metropolitan City,15,0,,False,0,,False,0,False,0,34.5
office,110004,3124.83,Lumbini,Rupandehi,Butwal Sub-Metropolitan City,7,0,fully-furnished,True,13,,False,5,False,24,49.68
home,32254446,3462.15,Bagmati,Kathmandu,Kathmandu Metropolitan City,11,5,semi-furnished,True,13,,False,3,False,5,80.71
land,15229978,3567.5,Bagmati,Bhaktapur,Bhaktapur Municipality,6,0,,False,16,,False,0,False,0,60.56
room,35373,109.52,Koshi,Morang,Biratnagar Metropolitan City,4,0,fully-furnished,False,0,shared,True,2,False,29,16.65
room,48477,670.34,Koshi,Morang,Biratnagar Metropolitan City,29,1,fully-furnished,False,13,single,False,1,False,24,44.37
home,41959840,2747.52,Lumbini,Rupandehi,Butwal Sub-Metropolitan City,9,1,semi-furnished,False,25,,False,1,False,14,58.29
land,22316992,4925.04,Bagmati,Lalitpur,Lalitpur Metropolitan City,1,0,,False,25,,False,0,False,0,59.84
room,45943,282.94,Gandaki,Kaski,Pokhara Metropolitan City,1,0,fully-furnished,False,13,double,True,2,False,13,42.49
room,27653,164.81,Bagmati,Kathmandu,Kathmandu Metropolitan City,5,0,fully-furnished,False,20,1bhk,True,5,False,11,50.09
home,27848394,3681.3,Koshi,Morang,Biratnagar Metropolitan City,24,2,fully-furnished,False,16,,False,1,False,2,63.76
office,95708,2976.15,Bagmati,Kathmandu,Kathmandu Metropolitan City,32,0,fully-furnished,True,16,,False,7,True,4,67.03
office,25778,2544.25,Sudurpashchim,Kailali,Dhangadhi Sub-Metropolitan City,29,0,unfurnished,True,16,,False,5,True,13,39.66
room,32573,622.95,Gandaki,Kaski,Pokhara Metropolitan City,20,1,fully-furnished,True,16,studio,False,4,False,24,61.1
room,18530,107.24,Bagmati,Bhaktapur,Bhaktapur Municipality,21,1,fully-furnished,True,16,double,False,3,False,8,35.79
office,80211,1643.58,Bagmati,Bhaktapur,Bhaktapur Municipality,12,0,unfurnished,False,10,,False,1,True,36,20.72
home,11392046,2092.4,Bagmati,Bhaktapur,Bhaktapur Municipality,15,1,fully-furnished,True,20,,False,1,False,26,75.19
room,43455,105.06,Bagmati,Kathmandu,Kathmandu Metropolitan City,16,2,unfurnished,False,10,single,True,1,False,2,23.76
office,37836,1333.74,Koshi,Jhapa,Birtamode Municipality,29,0,unfurnished,True,13,,False,6,False,21,27.85
office,132814,4328.89,Sudurpashchim,Kailali,Dhangadhi Sub-Metropolitan City,21,0,fully-furnished,True,10,,False,7,False,10,37.52
land,19124205,4798.98,Koshi,Jhapa,Birtamode Municipality,15,0,,False,16,,False,0,False,0,56.74
land,26737956,2667.56,Bagmati,Bhaktapur,Bhaktapur Municipality,10,0,,False,20,,False,0,False,0,36.32
land,34096052,2686.36,Bagmati,Bhaktapur,Bhaktapur Municipality,17,0,,False,0,,False,0,False,0,71.36
land,26102377,1192.5,Bagmati,Bhaktapur,Bhaktapur Municipality,29,0,,False,30,,False,0,False,0,71.07
home,33954057,1559.92,Bagmati,Bhaktapur,Bhaktapur Municipality,1,2,fully-furnished,True,0,,False,3,False,33,58.54
office,94126,3526.06,Bagmati,Lalitpur,Lalitpur Metropolitan City,1,0,fully-furnished,False,0,,False,2,False,13,44.96
room,13344,595.21,Sudurpashchim,Kailali,Dhangadhi Sub-Metropolitan City,22,1,unfurnished,False,16,double,True,4,False,17,36.72
land,25794825,3926.77,Sudurpashchim,Kailali,Dhangadhi Sub-Metropolitan City,4,0,,False,10,,False,0,False,0,46.46
home,30195198,3099.45,Lumbini,Rupandehi,Butwal Sub-Metropolitan City,5,5,fully-furnished,False,10,,False,3,False,21,71.13
land,12267875,4980.34,Bagmati,Chitwan,Bharatpur Metropolitan City,7,0,,False,10,,False,0,False,0,48.6
home,41990395,1026.69,Lumbini,Rupandehi,Butwal Sub-Metropolitan City,1,2,unfurnished,False,20,,False,2,False,40,52.93
home,10951249,1048.47,Gandaki,Kaski,Pokhara Metropolitan City,10,3,semi-furnished,False,13,,False,2,False,8,64.13
land,27152583,2512.28,Sudurpashchim,Kailali,Dhangadhi Sub-Metropolitan City,5,0,,False,20,,False,0,False,0,47.8
land,3875486,3863.59,Gandaki,Kaski,Pokhara Metropolitan City,9,0,,False,10,,False,0,False,0,45.53
home,15017185,1963.39,Bagmati,Kathmandu,Kathmandu Metropolitan City,4,2,fully-furnished,True,25,,False,4,False,31,83.69
home,18016656,1823.54,Koshi,Morang,Biratnagar Metropolitan City,7,1,fully-furnished,True,16,,False,3,False,3,75.92
room,11764,277.34,Koshi,Jhapa,Birtamode Municipality,26,1,unfurnished,True,16,studio,False,3,False,12,5.13
home,6537984,4025.2,Bagmati,Lalitpur,Lalitpur Metropolitan City,9,2,unfurnished,True,16,,False,1,False,30,58.53
office,40856,4344.82,Bagmati,Chitwan,Bharatpur Metropolitan City,3,0,unfurnished,True,0,,False,1,False,15,31.69
room,33682,658.08,Sudurpashchim,Kailali,Dhangadhi Sub-Metropolitan City,5,1,fully-furnished,True,10,single,False,4,False,0,50.84
land,27734609,2445.21,Sudurpashchim,Kailali,Dhangadhi Sub-Metropolitan City,24,0,,False,30,,False,0,False,0,51.29
office,134951,4784.02,Koshi,Jhapa,Birtamode Municipality,30,0,fully-furnished,False,10,,False,7,True,5,55.44
office,59740,1999.85,Sudurpashchim,Kailali,Dhangadhi Sub-Metropolitan City,24,0,unfurnished,False,30,,False,5,False,2,57.04
office,109765,4904.57,Lumbini,Rupandehi,Butwal Sub-Metropolitan City,26,0,semi-furnished,True,25,,False,4,False,22,42.2
room,20436,250.55,Bagmati,Kathmandu,Kathmandu Metropolitan City,25,1,fully-furnished,False,10,studio,True,1,False,9,50.09
room,17007,807.25,Bagmati,Bhaktapur,Bhaktapur Municipality,14,1,unfurnished,False,13,2bhk,True,1,False,21,29.68
land,42870620,4781.32,Sudurpashchim,Kailali,Dhangadhi Sub-Metropolitan City,32,0,,False,25,,False,0,False,0,37.68
office,114942,3305.51,Bagmati,Lalitpur,Lalitpur Metropolitan City,10,0,semi-furnished,True,25,,False,7,False,14,48.3
room,26463,898.63,Gandaki,Kaski,Pokhara Metropolitan City,16,2,fully-furnished,False,0,shared,True,2,False,7,59.57
home,21165561,4197.45,Bagmati,Chitwan,Bharatpur Metropolitan City,3,1,fully-furnished,False,30,,False,4,False,25,72.53
room,38599,432.82,Bagmati,Kathmandu,Kathmandu Metropolitan City,18,2,unfurnished,False,16,shared,False,4,False,18,47.71
room,23723,424.44,Bagmati,Chitwan,Bharatpur Metropolitan City,13,2,semi-furnished,False,13,studio,False,5,False,24,41.69
office,138743,2325.27,Sudurpashchim,Kailali,Dhangadhi Sub-Metropolitan City,5,0,semi-furnished,True,0,,False,3,False,18,39.89
land,44495113,3162.55,Koshi,Morang,Biratnagar Metropolitan City,1,0,,False,13,,False,0,False,0,42.33
land,29783211,1497.07,Sudurpashchim,Kailali,Dhangadhi Sub-Metropolitan City,22,0,,False,20,,False,0,False,0,54.04
room,34022,618.14,Bagmati,Bhaktapur,Bhaktapur Municipality,24,1,semi-furnished,True,0,double,True,4,False,27,44.61
home,44493654,2345.36,Bagmati,Chitwan,Bharatpur Metropolitan City,16,1,semi-furnished,True,16,,False,1,False,18,64.53
room,18316,323.03,Bagmati,Kathmandu,Kathmandu Metropolitan City,13,2,fully-furnished,False,13,shared,True,1,False,14,61.07
home,6212789,1749.22,Koshi,Jhapa,Birtamode Municipality,30,1,unfurnished,True,16,,False,3,False,10,59.95
land,39841611,2283.95,Bagmati,Bhaktapur,Bhaktapur Municipality,6,0,,False,16,,False,0,False,0,56.64
room,31773,240.78,Bagmati,Lalitpur,Lalitpur Metropolitan City,21,1,unfurnished,True,16,1bhk,False,3,False,8,49.89
land,46138638,2838.05,Lumbini,Rupandehi,Butwal Sub-Metropolitan City,8,0,,False,10,,False,0,False,0,47.93
office,127525,4413.97,Bagmati,Kathmandu,Kathmandu Metropolitan City,22,0,fully-furnished,True,16,,False,8,False,8,49.2
office,45556,2211.67,Koshi,Jhapa,Birtamode Municipality,21,0,semi-furnished,True,0,,False,5,True,2,41.6
home,9219926,4716.2,Koshi,Morang,Biratnagar Metropolitan City,29,1,semi-furnished,False,25,,False,1,False,2,55.58
home,16957551,4396.61,Bagmati,Kathmandu,Kathmandu Metropolitan City,31,2,fully-furnished,False,10,,False,3,False,29,54.57
land,23208084,813.82,Gandaki,Kaski,Pokhara Metropolitan City,28,0,,False,10,,False,0,False,0,49.87
home,47113934,3022.16,Bagmati,Lalitpur,Lalitpur Metropolitan City,26,1,semi-furnished,True,0,,False,2,False,7,51.33
office,40207,1950.0,Gandaki,Kaski,Pokhara Metropolitan City,23,0,unfurnished,False,10,,False,1,True,36,33.87
home,30067100,1336.85,Lumbini,Rupandehi,Butwal Sub-Metropolitan City,23,5,semi-furnished,True,10,,False,2,False,10,52.01
office,44917,3586.76,Bagmati,Bhaktapur,Bhaktapur Municipality,15,0,unfurnished,True,0,,False,5,False,30,30.73
room,35736,216.28,Gandaki,Kaski,Pokhara Metropolitan City,15,2,fully-furnished,False,0,studio,False,1,False,29,29.6
office,70998,2703.82,Bagmati,Kathmandu,Kathmandu Metropolitan City,3,0,unfurnished,False,30,,False,2,True,12,51.56
land,11367219,760.89,Koshi,Jhapa,Birtamode Municipality,7,0,,False,10,,False,0,False,0,49.39
land,40152944,3472.67,Koshi,Jhapa,Birtamode Municipality,23,0,,False,10,,False,0,False,0,51.81
home,38084343,4847.36,Sudurpashchim,Kailali,Dhangadhi Sub-Metropolitan City,6,4,unfurnished,False,20,,False,3,False,25,37.92
home,22626519,2658.99,Lumbini,Rupandehi,Butwal Sub-Metropolitan City,21,2,fully-furnished,True,10,,False,2,False,9,59.89
land,22598266,3943.84,Bagmati,Bhaktapur,Bhaktapur Municipality,7,0,,False,13,,False,0,False,0,42.64
room,49375,745.62,Bagmati,Bhaktapur,Bhaktapur Municipality,10,1,fully-furnished,False,16,single,False,2,False,26,39.45
home,31146373,3555.58,Koshi,Morang,Biratnagar Metropolitan City,24,2,unfurnished,False,30,,False,2,False,4,72.25
land,36002549,2406.32,Bagmati,Lalitpur,Lalitpur Metropolitan City,18,0,,False,13,,False,0,False,0,52.17
home,26156425,2839.38,Bagmati,Lalitpur,Lalitpur Metropolitan City,1,2,unfurnished,False,30,,False,1,False,35,57.43
home,9814195,4531.61,Koshi,Morang,Biratnagar Metropolitan City,1,2,semi-furnished,True,16,,False,1,False,32,33.82
office,114384,2983.28,Bagmati,Chitwan,Bharatpur Metropolitan City,15,0,semi-furnished,False,16,,False,2,False,17,49.48
land,41163265,2069.21,Lumbini,Rupandehi,Butwal Sub-Metropolitan City,24,0,,False,0,,False,0,False,0,32.55
land,20962904,1071.86,Bagmati,Bhaktapur,Bhaktapur Municipality,24,0,,False,0,,False,0,False,0,45.11
room,9108,485.44,Bagmati,Lalitpur,Lalitpur Metropolitan City,22,0,unfurnished,False,20,double,False,4,False,17,40.77
room,8034,154.18,Lumbini,Rupandehi,Butwal Sub-Metropolitan City,12,1,fully-furnished,False,10,studio,True,1,False,2,48.77
land,9026737,3834.55,Lumbini,Rupandehi,Butwal Sub-Metropolitan City,9,0,,False,10,,False,0,False,0,33.83
land,31856574,3157.77,Bagmati,Chitwan,Bharatpur Metropolitan City,13,0,,False,20,,False,0,False,0,25.87
office,94238,2208.12,Koshi,Jhapa,Birtamode Municipality,30,0,unfurnished,False,10,,False,2,True,27,35.23
office,98897,675.54,Lumbini,Rupandehi,Butwal Sub-Metropolitan City,15,0,fully-furnished,True,16,,False,7,True,29,64.02
office,130186,1956.36,Koshi,Morang,Biratnagar Metropolitan City,27,0,unfurnished,True,25,,False,5,True,7,64.53
office,24047,1751.2,Bagmati,Lalitpur,Lalitpur Metropolitan City,22,0,unfurnished,False,10,,False,4,True,9,47.83
home,28620497,3261.59,Bagmati,Kathmandu,Kathmandu Metropolitan City,8,1,semi-furnished,False,30,,False,4,False,17,65.24
office,113187,2555.71,Bagmati,Chitwan,Bharatpur Metropolitan City,19,0,fully-furnished,True,10,,False,7,False,25,50.05
room,27512,546.77,Bagmati,Chitwan,Bharatpur Metropolitan City,28,2,unfurnished,False,13,single,False,2,False,12,29.67
office,63335,1507.58,Koshi,Morang,Biratnagar Metropolitan City,3,0,fully-furnished,True,16,,False,4,False,20,55.1
office,116877,476.88,Gandaki,Kaski,Pokhara Metropolitan City,13,0,semi-furnished,False,20,,False,7,True,29,48.24
land,40945542,4495.75,Lumbini,Rupandehi,Butwal Sub-Metropolitan City,8,0,,False,25,,False,0,False,0,63.89
home,18816953,1735.51,Koshi,Morang,Biratnagar Metropolitan City,25,1,unfurnished,False,20,,False,4,False,0,85.4
room,42669,199.11,Bagmati,Bhaktapur,Bhaktapur Municipality,23,1,semi-furnished,False,10,studio,False,2,False,2,40.82
room,30851,650.55,Koshi,Morang,Biratnagar Metropolitan City,22,1,semi-furnished,False,10,shared,False,3,False,27,30.48
home,9898539,3777.95,Bagmati,Chitwan,Bharatpur Metropolitan City,20,3,unfurnished,True,16,,False,2,False,38,50.52
room,26683,620.49,Gandaki,Kaski,Pokhara Metropolitan City,18,1,unfurnished,False,16,shared,True,5,False,24,24.61
home,44817096,1743.02,Sudurpashchim,Kailali,Dhangadhi Sub-Metropolitan City,10,3,unfurnished,False,10,,False,4,False,13,45.32
room,14790,324.26,Sudurpashchim,Kailali,Dhangadhi Sub-Metropolitan City,7,0,unfurnished,False,10,single,True,1,False,27,16.57
land,37800785,2105.34,Lumbini,Rupandehi,Butwal Sub-Metropolitan City,31,0,,False,13,,False,0,False,0,45.97
room,38973,433.49,Gandaki,Kaski,Pokhara Metropolitan City,27,1,fully-furnished,True,10,single,True,3,False,8,56.55
room,17724,936.01,Koshi,Jhapa,Birtamode Municipality,25,1,unfurnished,True,0,double,False,1,False,4,25.7
home,31406150,2199.94,Bagmati,Lalitpur,Lalitpur Metropolitan City,30,3,unfurnished,False,10,,False,3,False,37,62.53
office,76392,2910.27,Koshi,Morang,Biratnagar Metropolitan City,1,0,fully-furnished,True,0,,False,5,False,35,35.76
home,31611937,3722.2,Bagmati,Chitwan,Bharatpur Metropolitan City,17,4,fully-furnished,True,0,,False,2,False,34,55.36
room,27439,896.52,Sudurpashchim,Kailali,Dhangadhi Sub-Metropolitan City,4,1,fully-furnished,False,10,2bhk,True,1,False,27,36.35
home,17288411,2721.58,Gandaki,Kaski,Pokhara Metropolitan City,20,3,semi-furnished,True,25,,False,1,False,1,78.79
home,32896162,3799.66,Bagmati,Chitwan,Bharatpur Metropolitan City,29,5,unfurnished,False,30,,False,1,False,2,78.94
room,26388,612.17,Sudurpashchim,Kailali,Dhangadhi Sub-Metropolitan City,10,2,unfurnished,True,10,2bhk,True,4,False,14,30.68
land,5519258,1833.03,Bagmati,Chitwan,Bharatpur Metropolitan City,30,0,,False,13,,False,0,False,0,42.27
room,43164,239.65,Gandaki,Kaski,Pokhara Metropolitan City,4,1,fully-furnished,True,10,1bhk,False,4,False,12,41.75
home,15702726,3956.75,Koshi,Morang,Biratnagar Metropolitan City,29,2,fully-furnished,True,20,,False,2,False,39,47.9
land,25158612,769.84,Gandaki,Kaski,Pokhara Metropolitan City,9,0,,False,16,,False,0,False,0,47.25
home,20416370,4486.82,Bagmati,Lalitpur,Lalitpur Metropolitan City,14,1,fully-furnished,True,13,,False,4,False,29,56.59
land,31707580,3582.41,Lumbini,Rupandehi,Butwal Sub-Metropolitan City,8,0,,False,30,,False,0,False,0,65.78
room,35975,493.79,Lumbini,Rupandehi,Butwal Sub-Metropolitan City,1,1,semi-furnished,False,13,double,True,2,False,8,48.15
home,16612622,1128.62,Koshi,Morang,Biratnagar Metropolitan City,4,2,unfurnished,False,30,,False,4,False,10,65.47
land,11845618,1864.67,Gandaki,Kaski,Pokhara Metropolitan City,14,0,,False,0,,False,0,False,0,52.69
room,46110,161.29,Bagmati,Bhaktapur,Bhaktapur Municipality,30,0,fully-furnished,False,10,double,True,3,False,1,41.05
land,30755363,4201.59,Koshi,Morang,Biratnagar Metropolitan City,29,0,,False,30,,False,0,False,0,59.27
office,82427,4208.98,Bagmati,Chitwan,Bharatpur Metropolitan City,7,0,unfurnished,False,13,,False,5,False,6,38.35
room,49931,447.69,Bagmati,Bhaktapur,Bhaktapur Municipality,4,1,unfurnished,False,10,2bhk,False,2,False,10,39.43
land,43184600,1368.87,Sudurpashchim,Kailali,Dhangadhi Sub-Metropolitan City,12,0,,False,0,,False,0,False,0,34.57
office,56929,3863.77,Koshi,Morang,Biratnagar Metropolitan City,26,0,unfurnished,False,20,,False,3,True,31,17.12
home,10121019,3208.29,Gandaki,Kaski,Pokhara Metropolitan City,29,2,fully-furnished,True,0,,False,1,False,3,63.03
office,65436,1407.82,Bagmati,Lalitpur,Lalitpur Metropolitan City,3,0,unfurnished,False,30,,False,1,True,29,63.67
office,124587,3559.85,Bagmati,Kathmandu,Kathmandu Metropolitan City,19,0,unfurnished,True,20,,False,3,False,6,63.99
room,15169,638.36,Bagmati,Chitwan,Bharatpur Metropolitan City,12,2,fully-furnished,True,10,double,False,4,False,23,53.74
home,17199579,3141.74,Bagmati,Chitwan,Bharatpur Metropolitan City,15,2,fully-furnished,False,30,,False,3,False,9,84.48
land,48575455,1457.43,Bagmati,Bhaktapur,Bhaktapur Municipality,25,0,,False,13,,False,0,False,0,53.49
office,116998,4571.23,Bagmati,Chitwan,Bharatpur Metropolitan City,13,0,unfurnished,True,25,,False,4,True,18,49.97
room,9213,889.49,Bagmati,Chitwan,Bharatpur Metropolitan City,29,1,unfurnished,False,20,1bhk,False,1,False,8,35.69
land,28111534,744.39,Lumbini,Rupandehi,Butwal Sub-Metropolitan City,11,0,,False,20,,False,0,False,0,50.87
room,28527,650.87,Koshi,Jhapa,Birtamode Municipality,5,1,unfurnished,False,16,shared,True,4,False,13,43.54
home,22985676,2539.28,Gandaki,Kaski,Pokhara Metropolitan City,21,2,semi-furnished,False,16,,False,3,False,10,75.41
room,13279,115.78,Bagmati,Bhaktapur,Bhaktapur Municipality,10,2,semi-furnished,True,10,1bhk,True,1,False,20,25.56
home,12853456,3288.62,Koshi,Morang,Biratnagar Metropolitan City,10,1,semi-furnished,False,10,,False,1,False,9,48.14
room,24014,309.33,Koshi,Morang,Biratnagar Metropolitan City,26,2,unfurnished,True,16,double,False,2,False,1,42.5
office,53975,1875.56,Koshi,Jhapa,Birtamode Municipality,5,0,unfurnished,True,25,,False,6,True,12,51.72
land,5714385,3515.22,Gandaki,Kaski,Pokhara Metropolitan City,15,0,,False,0,,False,0,False,0,29.78
home,48108466,1069.78,Bagmati,Chitwan,Bharatpur Metropolitan City,11,1,fully-furnished,True,0,,False,2,False,4,42.27
room,43279,740.11,Koshi,Morang,Biratnagar Metropolitan City,8,1,semi-furnished,False,20,studio,False,3,False,28,36.53
land,20592177,2982.6,Bagmati,Kathmandu,Kathmandu Metropolitan City,8,0,,False,20,,False,0,False,0,47.86
land,23508113,2030.01,Sudurpashchim,Kailali,Dhangadhi Sub-Metropolitan City,25,0,,False,30,,False,0,False,0,50.58
land,14922652,4116.83,Bagmati,Bhaktapur,Bhaktapur Municipality,3,0,,False,20,,False,0,False,0,51.39
office,82972,3299.92,Sudurpashchim,Kailali,Dhangadhi Sub-Metropolitan City,29,0,fully-furnished,False,20,,False,6,False,40,34.12
room,15782,774.04,Koshi,Jhapa,Birtamode Municipality,26,2,unfurnished,True,10,shared,True,1,False,19,49.07
office,45337,1141.51,Bagmati,Bhaktapur,Bhaktapur Municipality,10,0,fully-furnished,True,13,,False,2,True,18,58.29
room,15390,816.25,Bagmati,Bhaktapur,Bhaktapur Municipality,14,1,unfurnished,False,20,1bhk,True,1,False,15,46.64
home,44866789,3270.14,Lumbini,Rupandehi,Butwal Sub-Metropolitan City,27,5,semi-furnished,True,25,,False,2,False,32,73.86
land,31990424,945.16,Gandaki,Kaski,Pokhara Metropolitan City,2,0,,False,16,,False,0,False,0,45.24
land,7186785,3736.79,Koshi,Jhapa,Birtamode Municipality,11,0,,False,0,,False,0,False,0,44.98
home,17978303,3064.81,Koshi,Morang,Biratnagar Metropolitan City,11,5,semi-furnished,True,30,,False,1,False,0,79.32
land,21129647,4181.34,Koshi,Morang,Biratnagar Metropolitan City,21,0,,False,10,,False,0,False,0,50.24
home,42121316,4728.33,Sudurpashchim,Kailali,Dhangadhi Sub-Metropolitan City,1,2,semi-furnished,True,25,,False,1,False,3,55.72
office,79950,1070.87,Lumbini,Rupandehi,Butwal Sub-Metropolitan City,28,0,semi-furnished,True,30,,False,4,True,35,40.89
office,83393,1308.1,Gandaki,Kaski,Pokhara Metropolitan City,14,0,semi-furnished,True,20,,False,6,True,40,55.96
office,33730,2168.95,Sudurpashchim,Kailali,Dhangadhi Sub-Metropolitan City,12,0,fully-furnished,False,20,,False,5,True,0,59.89
home,15526111,3588.06,Bagmati,Lalitpur,Lalitpur Metropolitan City,10,2,fully-furnished,True,0,,False,2,False,22,50.12
office,62646,2783.27,Bagmati,Bhaktapur,Bhaktapur Municipality,5,0,unfurnished,True,16,,False,8,False,24,30.05
land,27845987,3948.73,Bagmati,Lalitpur,Lalitpur Metropolitan City,28,0,,False,30,,False,0,False,0,71.37
land,20877871,4382.09,Bagmati,Bhaktapur,Bhaktapur Municipality,7,0,,False,10,,False,0,False,0,36.73
home,32497961,3348.13,Bagmati,Lalitpur,Lalitpur Metropolitan City,30,1,semi-furnished,True,13,,False,4,False,37,70.02
home,38385221,2269.76,Sudurpashchim,Kailali,Dhangadhi Sub-Metropolitan City,20,2,unfurnished,True,25,,False,2,False,25,47.97
room,19194,580.48,Koshi,Jhapa,Birtamode Municipality,26,1,unfurnished,True,10,shared,False,2,False,9,40.87
home,45422619,2169.83,Sudurpashchim,Kailali,Dhangadhi Sub-Metropolitan City,22,3,unfurnished,False,25,,False,1,False,28,50.44
home,47104207,2669.22,Bagmati,Chitwan,Bharatpur Metropolitan City,2,4,fully-furnished,False,16,,False,3,False,4,79.49
office,20504,401.49,Lumbini,Rupandehi,Butwal Sub-Metropolitan City,32,0,unfurnished,False,13,,False,8,False,35,18.74
room,41361,348.22,Koshi,Morang,Biratnagar Metropolitan City,26,1,unfurnished,False,0,studio,False,2,False,9,25.09
room,46110,458.8,Lumbini,Rupandehi,Butwal Sub-Metropolitan City,14,0,semi-furnished,False,20,1bhk,True,3,False,9,47.93
land,37545607,3550.39,Koshi,Morang,Biratnagar Metropolitan City,11,0,,False,30,,False,0,False,0,48.0
land,10936802,4848.87,Koshi,Jhapa,Birtamode Municipality,21,0,,False,30,,False,0,False,0,58.18
home,35781556,1386.07,Bagmati,Kathmandu,Kathmandu Metropolitan City,26,1,semi-furnished,False,13,,False,1,False,1,63.56
home,21955904,3045.49,Sudurpashchim,Kailali,Dhangadhi Sub-Metropolitan City,18,3,unfurnished,True,30,,False,2,False,0,67.38
home,25476341,2185.5,Sudurpashchim,Kailali,Dhangadhi Sub-Metropolitan City,3,5,unfurnished,True,20,,False,4,False,16,53.18
room,23503,985.82,Bagmati,Lalitpur,Lalitpur Metropolitan City,27,0,fully-furnished,False,13,single,True,1,False,6,32.95
room,34430,783.8,Bagmati,Kathmandu,Kathmandu Metropolitan City,25,0,unfurnished,False,10,single,False,4,False,9,40.67
room,43478,842.92,Bagmati,Lalitpur,Lalitpur Metropolitan City,13,1,semi-furnished,False,20,single,False,1,False,20,69.03
office,104245,2247.89,Bagmati,Lalitpur,Lalitpur Metropolitan City,11,0,fully-furnished,True,0,,False,4,False,23,53.32
land,22839152,1866.95,Bagmati,Lalitpur,Lalitpur Metropolitan City,15,0,,False,13,,False,0,False,0,53.9
home,23405192,2452.26,Bagmati,Chitwan,Bharatpur Metropolitan City,3,3,semi-furnished,False,30,,False,3,False,10,68.85
land,11458805,1309.58,Bagmati,Chitwan,Bharatpur Metropolitan City,25,0,,False,0,,False,0,False,0,42.16
room,16973,885.02,Koshi,Morang,Biratnagar Metropolitan City,28,1,semi-furnished,True,10,double,True,5,False,0,55.19
home,48454082,4713.85,Koshi,Morang,Biratnagar Metropolitan City,14,3,semi-furnished,True,13,,False,4,False,19,47.7
office,109749,2843.56,Lumbini,Rupandehi,Butwal Sub-Metropolitan City,20,0,semi-furnished,False,20,,False,4,False,20,55.8
land,23974192,2997.82,Bagmati,Bhaktapur,Bhaktapur Municipality,15,0,,False,0,,False,0,False,0,49.45
land,26333628,1936.12,Lumbini,Rupandehi,Butwal Sub-Metropolitan City,9,0,,False,10,,False,0,False,0,55.02
home,21719291,813.96,Bagmati,Lalitpur,Lalitpur Metropolitan City,4,4,fully-furnished,True,0,,False,1,False,30,64.57
home,33561444,2877.54,Gandaki,Kaski,Pokhara Metropolitan City,30,3,unfurnished,True,20,,False,3,False,35,60.37
room,46302,253.87,Koshi,Morang,Biratnagar Metropolitan City,21,1,fully-furnished,False,10,2bhk,False,1,False,12,42.3
room,13507,431.42,Bagmati,Lalitpur,Lalitpur Metropolitan City,32,2,fully-furnished,True,13,single,True,3,False,9,62.83
room,25645,508.7,Bagmati,Lalitpur,Lalitpur Metropolitan City,29,2,fully-furnished,False,10,shared,True,3,False,14,49.93
room,38228,849.94,Sudurpashchim,Kailali,Dhangadhi Sub-Metropolitan City,8,0,semi-furnished,False,20,studio,True,3,False,9,40.73
land,37262102,1694.88,Gandaki,Kaski,Pokhara Metropolitan City,22,0,,False,20,,False,0,False,0,58.77
home,19614514,1324.21,Bagmati,Kathmandu,Kathmandu Metropolitan City,13,4,fully-furnished,True,25,,False,2,False,15,97.02
home,39425495,4732.62,Sudurpashchim,Kailali,Dhangadhi Sub-Metropolitan City,28,4,unfurnished,True,30,,False,1,False,22,48.75
office,57387,1222.61,Bagmati,Bhaktapur,Bhaktapur Municipality,31,0,unfurnished,False,10,,False,6,True,20,25.42
land,30420259,3673.49,Bagmati,Bhaktapur,Bhaktapur Municipality,29,0,,False,13,,False,0,False,0,51.4
room,41545,534.37,Gandaki,Kaski,Pokhara Metropolitan City,15,0,fully-furnished,True,13,studio,False,2,False,9,52.96
office,82808,711.83,Bagmati,Chitwan,Bharatpur Metropolitan City,32,0,semi-furnished,False,10,,False,7,True,19,40.37
home,45574100,1373.52,Gandaki,Kaski,Pokhara Metropolitan City,26,5,semi-furnished,False,25,,False,4,False,16,77.12
land,10527301,3664.82,Koshi,Morang,Biratnagar Metropolitan City,2,0,,False,0,,False,0,False,0,36.65
room,9111,305.09,Sudurpashchim,Kailali,Dhangadhi Sub-Metropolitan City,31,1,unfurnished,False,10,single,True,5,False,19,36.13
room,27320,253.18,Koshi,Jhapa,Birtamode Municipality,19,2,semi-furnished,False,20,2bhk,False,5,False,11,21.89
home,37902019,4260.32,Lumbini,Rupandehi,Butwal Sub-Metropolitan City,24,3,unfurnished,False,30,,False,2,False,33,51.02
land,32602215,1316.87,Bagmati,Lalitpur,Lalitpur Metropolitan City,12,0,,False,25,,False,0,False,0,60.63
land,39268845,1986.73,Lumbini,Rupandehi,Butwal Sub-Metropolitan City,9,0,,False,10,,False,0,False,0,34.66
land,25022860,761.87,Lumbini,Rupandehi,Butwal Sub-Metropolitan City,30,0,,False,30,,False,0,False,0,57.71
room,14480,932.9,Sudurpashchim,Kailali,Dhangadhi Sub-Metropolitan City,17,1,fully-furnished,False,16,double,False,5,False,3,62.83
home,19087495,3480.42,Bagmati,Lalitpur,Lalitpur Metropolitan City,14,5,unfurnished,False,30,,False,4,False,34,66.56
land,35996361,3321.94,Bagmati,Lalitpur,Lalitpur Metropolitan City,16,0,,False,30,,False,0,False,0,64.49
land,25586116,4764.62,Sudurpashchim,Kailali,Dhangadhi Sub-Metropolitan City,18,0,,False,20,,False,0,False,0,35.47
land,32883234,4283.6,Bagmati,Kathmandu,Kathmandu Metropolitan City,11,0,,False,16,,False,0,False,0,49.83
room,35867,233.03,Bagmati,Kathmandu,Kathmandu Metropolitan City,21,2,unfurnished,True,10,shared,True,3,False,23,35.12
land,3797839,4833.09,Sudurpashchim,Kailali,Dhangadhi Sub-Metropolitan City,30,0,,False,30,,False,0,False,0,46.81
home,6340512,3628.01,Koshi,Morang,Biratnagar Metropolitan City,9,1,fully-furnished,True,30,,False,1,False,0,86.41
home,48373687,2090.97,Gandaki,Kaski,Pokhara Metropolitan City,31,3,semi-furnished,True,10,,False,4,False,2,76.11
room,16062,870.03,Bagmati,Kathmandu,Kathmandu Metropolitan City,7,0,semi-furnished,False,0,double,False,2,False,22,25.84
home,28035186,1092.65,Lumbini,Rupandehi,Butwal Sub-Metropolitan City,26,5,semi-furnished,True,16,,False,4,False,8,74.82
land,37202502,3667.89,Lumbini,Rupandehi,Butwal Sub-Metropolitan City,14,0,,False,25,,False,0,False,0,59.75
home,46519043,2283.57,Koshi,Jhapa,Birtamode Municipality,14,1,unfurnished,True,25,,False,3,False,34,63.1
office,145255,2023.57,Koshi,Morang,Biratnagar Metropolitan City,6,0,semi-furnished,False,25,,False,4,True,21,65.03
office,94461,3048.48,Koshi,Jhapa,Birtamode Municipality,16,0,fully-furnished,False,13,,False,2,True,24,35.76
home,46167551,4817.38,Bagmati,Chitwan,Bharatpur Metropolitan City,26,1,unfurnished,True,30,,False,2,False,30,49.39
home,15630577,918.33,Lumbini,Rupandehi,Butwal Sub-Metropolitan City,30,5,unfurnished,False,30,,False,4,False,26,54.87
room,42159,365.49,Bagmati,Kathmandu,Kathmandu Metropolitan City,16,0,semi-furnished,False,13,single,False,1,False,1,45.01
office,46835,3282.65,Bagmati,Lalitpur,Lalitpur Metropolitan City,21,0,semi-furnished,False,16,,False,5,True,23,50.96
land,39699350,3577.9,Bagmati,Lalitpur,Lalitpur Metropolitan City,13,0,,False,0,,False,0,False,0,53.76
office,38705,338.88,Bagmati,Bhaktapur,Bhaktapur Municipality,14,0,semi-furnished,False,10,,False,7,True,32,30.72
room,37706,708.79,Bagmati,Lalitpur,Lalitpur Metropolitan City,17,0,unfurnished,True,20,shared,True,1,False,18,44.16
land,20456876,2829.78,Koshi,Jhapa,Birtamode Municipality,27,0,,False,25,,False,0,False,0,53.25
home,23671002,2923.76,Bagmati,Kathmandu,Kathmandu Metropolitan City,12,5,unfurnished,False,30,,False,3,False,20,65.89
land,25055413,4273.98,Koshi,Morang,Biratnagar Metropolitan City,16,0,,False,20,,False,0,False,0,68.3
home,22843042,1317.8,Lumbini,Rupandehi,Butwal Sub-Metropolitan City,32,2,fully-furnished,False,30,,False,1,False,6,62.32
room,21648,282.79,Koshi,Jhapa,Birtamode Municipality,3,0,unfurnished,False,10,1bhk,False,4,False,20,22.04
home,24056547,1700.69,Koshi,Morang,Biratnagar Metropolitan City,15,4,semi-furnished,True,30,,False,3,False,6,95.85
land,10564315,3377.56,Gandaki,Kaski,Pokhara Metropolitan City,1,0,,False,13,,False,0,False,0,50.74
office,36740,1175.56,Gandaki,Kaski,Pokhara Metropolitan City,2,0,semi-furnished,True,13,,False,5,True,2,55.81
land,18612458,4408.13,Bagmati,Chitwan,Bharatpur Metropolitan City,11,0,,False,0,,False,0,False,0,36.05
room,8479,515.64,Bagmati,Kathmandu,Kathmandu Metropolitan City,29,1,semi-furnished,True,0,single,False,5,False,26,33.1
land,27912918,1386.11,Bagmati,Chitwan,Bharatpur Metropolitan City,14,0,,False,30,,False,0,False,0,71.6
land,44347491,3371.95,Gandaki,Kaski,Pokhara Metropolitan City,4,0,,False,13,,False,0,False,0,32.79
home,41506291,3952.74,Bagmati,Lalitpur,Lalitpur Metropolitan City,10,4,fully-furnished,False,10,,False,4,False,16,81.04
home,10243122,1545.32,Koshi,Jhapa,Birtamode Municipality,12,4,semi-furnished,True,10,,False,3,False,0,54.93
home,12239858,2560.71,Bagmati,Chitwan,Bharatpur Metropolitan City,12,5,unfurnished,True,0,,False,2,False,19,49.93
office,48195,3531.45,Koshi,Jhapa,Birtamode Municipality,7,0,fully-furnished,False,0,,False,3,False,28,28.74
land,5133896,4049.85,Bagmati,Bhaktapur,Bhaktapur Municipality,10,0,,False,20,,False,0,False,0,56.66
home,32790087,4551.7,Koshi,Morang,Biratnagar Metropolitan City,26,2,fully-furnished,False,10,,False,4,False,34,38.35
land,43595171,2698.84,Bagmati,Kathmandu,Kathmandu Metropolitan City,22,0,,False,13,,False,0,False,0,59.57
land,12164486,2828.21,Bagmati,Kathmandu,Kathmandu Metropolitan City,7,0,,False,13,,False,0,False,0,71.85
land,33969340,1629.61,Bagmati,Kathmandu,Kathmandu Metropolitan City,30,0,,False,0,,False,0,False,0,37.03
land,9276302,1438.16,Gandaki,Kaski,Pokhara Metropolitan City,29,0,,False,0,,False,0,False,0,46.94
office,81946,3793.25,Gandaki,Kaski,Pokhara Metropolitan City,3,0,fully-furnished,False,16,,False,3,True,7,53.7
room,26306,883.12,Bagmati,Kathmandu,Kathmandu Metropolitan City,21,2,fully-furnished,False,0,1bhk,True,5,False,25,50.24
office,60159,2437.5,Bagmati,Lalitpur,Lalitpur Metropolitan City,1,0,fully-furnished,False,0,,False,3,True,19,47.42
home,11230586,2314.29,Bagmati,Chitwan,Bharatpur Metropolitan City,12,4,fully-furnished,True,13,,False,2,False,13,63.97
land,47581690,4803.7,Bagmati,Chitwan,Bharatpur Metropolitan City,10,0,,False,25,,False,0,False,0,57.96
room,37234,767.72,Bagmati,Kathmandu,Kathmandu Metropolitan City,20,2,fully-furnished,False,20,single,True,2,False,13,79.21
room,16555,302.18,Koshi,Morang,Biratnagar Metropolitan City,7,2,semi-furnished,True,16,1bhk,False,5,False,0,44.07
room,31533,844.45,Bagmati,Bhaktapur,Bhaktapur Municipality,23,1,fully-furnished,False,0,double,True,1,False,18,48.87
room,36171,253.66,Bagmati,Lalitpur,Lalitpur Metropolitan City,6,2,unfurnished,False,20,1bhk,False,3,False,15,28.59
office,80766,896.44,Sudurpashchim,Kailali,Dhangadhi Sub-Metropolitan City,27,0,semi-furnished,True,0,,False,5,False,29,21.6
land,47113957,2584.78,Bagmati,Chitwan,Bharatpur Metropolitan City,15,0,,False,20,,False,0,False,0,57.47
land,44588116,2809.99,Bagmati,Lalitpur,Lalitpur Metropolitan City,3,0,,False,30,,False,0,False,0,76.25
land,6379059,1993.33,Bagmati,Bhaktapur,Bhaktapur Municipality,28,0,,False,16,,False,0,False,0,55.1
home,46965000,3353.3,Sudurpashchim,Kailali,Dhangadhi Sub-Metropolitan City,26,2,fully-furnished,False,10,,False,3,False,34,48.78
office,144594,2410.52,Bagmati,Chitwan,Bharatpur Metropolitan City,18,0,fully-furnished,True,0,,False,4,False,20,43.14
office,132156,995.76,Bagmati,Chitwan,Bharatpur Metropolitan City,12,0,fully-furnished,True,0,,False,3,True,31,33.06
land,3099998,4581.45,Bagmati,Bhaktapur,Bhaktapur Municipality,23,0,,False,10,,False,0,False,0,49.99
land,39812147,788.67,Gandaki,Kaski,Pokhara Metropolitan City,4,0,,False,20,,False,0,False,0,64.71
home,32065415,3923.86,Koshi,Jhapa,Birtamode Municipality,19,4,fully-furnished,True,20,,False,1,False,0,71.2
land,30259203,1784.13,Sudurpashchim,Kailali,Dhangadhi Sub-Metropolitan City,8,0,,False,30,,False,0,False,0,51.42
land,45129307,2353.28,Bagmati,Kathmandu,Kathmandu Metropolitan City,6,0,,False,10,,False,0,False,0,56.56
home,35651727,1646.47,Gandaki,Kaski,Pokhara Metropolitan City,32,5,unfurnished,False,25,,False,1,False,24,62.68
room,13387,588.99,Bagmati,Kathmandu,Kathmandu Metropolitan City,20,2,semi-furnished,False,16,double,True,1,False,0,57.76
room,15781,324.14,Sudurpashchim,Kailali,Dhangadhi Sub-Metropolitan City,15,0,unfurnished,True,16,single,True,5,False,28,44.57
room,44391,695.94,Bagmati,Lalitpur,Lalitpur Metropolitan City,6,1,unfurnished,False,13,1bhk,True,5,False,30,36.86
home,22433153,1594.27,Bagmati,Chitwan,Bharatpur Metropolitan City,2,1,fully-furnished,False,10,,False,3,False,15,56.76
office,62159,440.87,Bagmati,Chitwan,Bharatpur Metropolitan City,27,0,semi-furnished,False,13,,False,5,False,27,28.78
home,41945875,1201.06,Lumbini,Rupandehi,Butwal Sub-Metropolitan City,4,2,semi-furnished,True,30,,False,2,False,34,72.82
home,39449592,3541.0,Bagmati,Lalitpur,Lalitpur Metropolitan City,9,4,unfurnished,False,0,,False,2,False,25,48.21
land,7699485,2853.43,Bagmati,Bhaktapur,Bhaktapur Municipality,23,0,,False,16,,False,0,False,0,45.47
room,31495,520.81,Bagmati,Chitwan,Bharatpur Metropolitan City,9,1,semi-furnished,False,10,double,False,4,False,0,56.56
room,14206,243.52,Bagmati,Kathmandu,Kathmandu Metropolitan City,6,1,unfurnished,False,0,1bhk,True,4,False,30,36.81
home,6201176,2253.0,Bagmati,Lalitpur,Lalitpur Metropolitan City,21,3,unfurnished,False,0,,False,1,False,3,49.36
home,33619953,1032.6,Lumbini,Rupandehi,Butwal Sub-Metropolitan City,15,4,fully-furnished,True,0,,False,2,False,35,41.94
home,11021750,1164.0,Gandaki,Kaski,Pokhara Metropolitan City,30,2,fully-furnished,True,20,,False,4,False,4,87.07
land,20749754,826.27,Koshi,Morang,Biratnagar Metropolitan City,9,0,,False,20,,False,0,False,0,46.28
land,32207535,3862.34,Koshi,Morang,Biratnagar Metropolitan City,32,0,,False,30,,False,0,False,0,63.18
home,8087242,2110.64,Koshi,Morang,Biratnagar Metropolitan City,17,3,unfurnished,True,10,,False,4,False,26,33.73
room,9648,842.7,Gandaki,Kaski,Pokhara Metropolitan City,25,0,unfurnished,True,13,double,True,3,False,15,51.44
room,25004,860.81,Gandaki,Kaski,Pokhara Metropolitan City,32,1,semi-furnished,False,0,studio,False,5,False,5,30.61
room,16271,774.51,Bagmati,Bhaktapur,Bhaktapur Municipality,7,2,unfurnished,True,16,studio,True,5,False,12,54.2
office,122651,4679.85,Koshi,Jhapa,Birtamode Municipality,23,0,semi-furnished,True,30,,False,3,False,4,55.96
office,130665,2699.99,Lumbini,Rupandehi,Butwal Sub-Metropolitan City,29,0,semi-furnished,False,16,,False,8,True,10,38.27
home,32701260,863.19,Bagmati,Kathmandu,Kathmandu Metropolitan City,24,1,unfurnished,False,20,,False,4,False,19,56.4
home,23245237,2115.47,Bagmati,Bhaktapur,Bhaktapur Municipality,16,2,semi-furnished,True,13,,False,4,False,24,65.65
home,27567262,1433.43,Sudurpashchim,Kailali,Dhangadhi Sub-Metropolitan City,8,4,semi-furnished,False,10,,False,3,False,16,58.08
land,21549713,3537.68,Bagmati,Bhaktapur,Bhaktapur Municipality,26,0,,False,30,,False,0,False,0,64.48
land,44101435,1134.62,Bagmati,Chitwan,Bharatpur Metropolitan City,8,0,,False,16,,False,0,False,0,69.3
land,3169211,2693.48,Gandaki,Kaski,Pokhara Metropolitan City,10,0,,False,30,,False,0,False,0,46.08
home,44376753,1746.46,Koshi,Jhapa,Birtamode Municipality,20,3,unfurnished,True,25,,False,1,False,33,70.46
room,34552,583.16,Sudurpashchim,Kailali,Dhangadhi Sub-Metropolitan City,27,2,semi-furnished,True,13,single,True,1,False,5,48.36
home,49057742,2106.21,Bagmati,Lalitpur,Lalitpur Metropolitan City,24,3,fully-furnished,True,10,,False,1,False,7,65.57
land,38426271,3328.59,Koshi,Jhapa,Birtamode Municipality,20,0,,False,16,,False,0,False,0,35.38
home,48074497,1397.57,Bagmati,Kathmandu,Kathmandu Metropolitan City,32,5,semi-furnished,True,0,,False,2,False,10,66.93
home,41960796,3297.63,Bagmati,Kathmandu,Kathmandu Metropolitan City,7,5,unfurnished,True,0,,False,1,False,17,66.17
land,34866232,1980.6,Bagmati,Kathmandu,Kathmandu Metropolitan City,14,0,,False,30,,False,0,False,0,64.88
home,38311631,3950.89,Bagmati,Lalitpur,Lalitpur Metropolitan City,7,1,unfurnished,False,30,,False,4,False,2,82.46
office,143195,3874.63,Bagmati,Lalitpur,Lalitpur Metropolitan City,10,0,semi-furnished,True,25,,False,5,True,37,39.87
office,140751,4376.48,Bagmati,Chitwan,Bharatpur Metropolitan City,22,0,fully-furnished,True,0,,False,4,False,21,40.44
room,9483,735.55,Gandaki,Kaski,Pokhara Metropolitan City,11,2,fully-furnished,False,20,2bhk,True,4,False,4,51.84
land,30883851,2712.18,Lumbini,Rupandehi,Butwal Sub-Metropolitan City,15,0,,False,0,,False,0,False,0,45.54
land,34539934,4050.55,Koshi,Jhapa,Birtamode Municipality,8,0,,False,30,,False,0,False,0,61.53
home,44465289,3642.75,Bagmati,Bhaktapur,Bhaktapur Municipality,13,4,semi-furnished,False,16,,False,1,False,34,54.1
office,25284,4236.26,Gandaki,Kaski,Pokhara Metropolitan City,22,0,semi-furnished,False,20,,False,2,True,11,29.28
land,34240658,4072.83,Bagmati,Chitwan,Bharatpur Metropolitan City,24,0,,False,30,,False,0,False,0,58.62
land,20239808,1429.78,Sudurpashchim,Kailali,Dhangadhi Sub-Metropolitan City,1,0,,False,25,,False,0,False,0,56.46
home,31525541,1695.81,Bagmati,Chitwan,Bharatpur Metropolitan City,9,2,fully-furnished,True,16,,False,1,False,24,67.28
room,38943,333.62,Koshi,Jhapa,Birtamode Municipality,30,0,semi-furnished,False,13,single,False,5,False,22,38.11
home,14531979,3727.32,Bagmati,Lalitpur,Lalitpur Metropolitan City,24,1,semi-furnished,True,25,,False,1,False,26,53.06
home,37235254,1105.34,Bagmati,Chitwan,Bharatpur Metropolitan City,25,1,fully-furnished,True,13,,False,1,False,33,63.82
home,12550165,4363.85,Bagmati,Chitwan,Bharatpur Metropolitan City,19,5,unfurnished,True,20,,False,2,False,18,72.09
room,8669,298.35,Sudurpashchim,Kailali,Dhangadhi Sub-Metropolitan City,5,1,fully-furnished,False,20,single,True,3,False,27,21.73
land,7782731,1134.02,Gandaki,Kaski,Pokhara Metropolitan City,10,0,,False,16,,False,0,False,0,56.93
room,34494,728.46,Lumbini,Rupandehi,Butwal Sub-Metropolitan City,25,1,fully-furnished,False,10,shared,True,1,False,0,50.52
land,21531259,4486.0,Koshi,Morang,Biratnagar Metropolitan City,8,0,,False,16,,False,0,False,0,46.71
room,46352,541.53,Koshi,Jhapa,Birtamode Municipality,10,2,fully-furnished,False,16,double,False,3,False,23,46.9
home,38063147,4604.5,Bagmati,Lalitpur,Lalitpur Metropolitan City,5,3,fully-furnished,True,10,,False,3,False,36,58.45
land,13386068,2257.81,Lumbini,Rupandehi,Butwal Sub-Metropolitan City,22,0,,False,16,,False,0,False,0,45.11
office,70246,1367.29,Bagmati,Kathmandu,Kathmandu Metropolitan City,11,0,fully-furnished,True,13,,False,5,False,23,55.02
office,24807,2502.25,Bagmati,Chitwan,Bharatpur Metropolitan City,30,0,semi-furnished,True,16,,False,2,True,29,35.19
land,28788196,1226.76,Gandaki,Kaski,Pokhara Metropolitan City,30,0,,False,30,,False,0,False,0,53.99
office,114720,2561.43,Bagmati,Chitwan,Bharatpur Metropolitan City,15,0,fully-furnished,True,0,,False,8,False,19,44.6
land,22898237,4521.27,Gandaki,Kaski,Pokhara Metropolitan City,12,0,,False,30,,False,0,False,0,49.91
room,19866,735.11,Bagmati,Lalitpur,Lalitpur Metropolitan City,21,2,fully-furnished,True,20,double,False,3,False,24,62.82
office,44371,4499.46,Koshi,Jhapa,Birtamode Municipality,10,0,unfurnished,False,0,,False,8,False,27,21.32
home,30316614,2670.34,Bagmati,Chitwan,Bharatpur Metropolitan City,1,2,fully-furnished,False,0,,False,2,False,21,37.82
office,38135,2262.57,Gandaki,Kaski,Pokhara Metropolitan City,31,0,semi-furnished,True,10,,False,7,False,38,31.77
office,87765,4047.46,Bagmati,Kathmandu,Kathmandu Metropolitan City,2,0,unfurnished,False,20,,False,4,True,3,66.4
room,30731,333.74,Koshi,Morang,Biratnagar Metropolitan City,16,0,unfurnished,True,16,double,False,1,False,30,18.77
office,121778,4772.26,Koshi,Morang,Biratnagar Metropolitan City,28,0,fully-furnished,False,10,,False,6,False,28,33.19
office,64433,2649.11,Bagmati,Kathmandu,Kathmandu Metropolitan City,30,0,semi-furnished,False,10,,False,7,True,37,44.93
home,17141850,1418.08,Bagmati,Kathmandu,Kathmandu Metropolitan City,17,4,fully-furnished,False,25,,False,2,False,29,82.92
home,16773659,3765.9,Gandaki,Kaski,Pokhara Metropolitan City,4,2,semi-furnished,True,0,,False,1,False,29,46.69
office,146971,3151.71,Koshi,Morang,Biratnagar Metropolitan City,28,0,semi-furnished,True,16,,False,3,True,18,44.04
room,44207,360.06,Bagmati,Bhaktapur,Bhaktapur Municipality,8,2,unfurnished,True,0,shared,True,1,False,26,43.25
land,15023975,3213.41,Koshi,Jhapa,Birtamode Municipality,14,0,,False,10,,False,0,False,0,58.09
home,43160710,4978.59,Bagmati,Kathmandu,Kathmandu Metropolitan City,27,5,fully-furnished,True,13,,False,2,False,25,80.9
office,91613,584.59,Bagmati,Chitwan,Bharatpur Metropolitan City,5,0,fully-furnished,True,16,,False,8,True,13,51.89
office,122043,2394.55,Bagmati,Lalitpur,Lalitpur Metropolitan City,13,0,fully-furnished,False,25,,False,1,True,18,54.11
home,35792097,2535.73,Gandaki,Kaski,Pokhara Metropolitan City,12,2,semi-furnished,False,16,,False,2,False,7,58.93
home,34073656,4086.58,Lumbini,Rupandehi,Butwal Sub-Metropolitan City,18,2,unfurnished,True,20,,False,2,False,36,57.56
office,40483,1522.51,Bagmati,Kathmandu,Kathmandu Metropolitan City,21,0,semi-furnished,False,0,,False,4,True,8,51.74
home,10838916,1556.77,Lumbini,Rupandehi,Butwal Sub-Metropolitan City,32,2,unfurnished,True,30,,False,4,False,14,78.43
land,40796533,4892.24,Koshi,Morang,Biratnagar Metropolitan City,20,0,,False,30,,False,0,False,0,61.16
land,31171046,4270.91,Koshi,Jhapa,Birtamode Municipality,9,0,,False,16,,False,0,False,0,32.62
room,18892,508.26,Koshi,Jhapa,Birtamode Municipality,11,1,semi-furnished,True,20,studio,False,5,False,23,47.32
land,36934636,3807.98,Koshi,Morang,Biratnagar Metropolitan City,29,0,,False,30,,False,0,False,0,47.73
office,74879,4135.5,Sudurpashchim,Kailali,Dhangadhi Sub-Metropolitan City,20,0,unfurnished,False,13,,False,7,True,10,30.48
land,14526440,3129.69,Bagmati,Kathmandu,Kathmandu Metropolitan City,7,0,,False,20,,False,0,False,0,60.19
home,29924476,4040.92,Bagmati,Kathmandu,Kathmandu Metropolitan City,12,3,fully-furnished,True,13,,False,3,False,34,84.49
home,28387164,4574.76,Bagmati,Kathmandu,Kathmandu Metropolitan City,12,2,fully-furnished,True,10,,False,1,False,10,95.68
room,32526,136.66,Gandaki,Kaski,Pokhara Metropolitan City,5,1,semi-furnished,True,0,1bhk,True,3,False,9,35.85
land,41983221,4377.86,Koshi,Morang,Biratnagar Metropolitan City,15,0,,False,20,,False,0,False,0,48.83
room,24095,661.4,Sudurpashchim,Kailali,Dhangadhi Sub-Metropolitan City,14,1,fully-furnished,False,10,studio,True,5,False,13,47.18
land,39129118,2191.32,Bagmati,Bhaktapur,Bhaktapur Municipality,2,0,,False,25,,False,0,False,0,66.51
land,21083542,4276.11,Gandaki,Kaski,Pokhara Metropolitan City,9,0,,False,30,,False,0,False,0,57.31
land,6860921,4482.73,Bagmati,Chitwan,Bharatpur Metropolitan City,11,0,,False,16,,False,0,False,0,62.57
office,100180,4566.07,Koshi,Morang,Biratnagar Metropolitan City,21,0,unfurnished,True,0,,False,2,True,15,36.4
office,80265,653.69,Lumbini,Rupandehi,Butwal Sub-Metropolitan City,13,0,semi-furnished,False,13,,False,3,True,0,58.15
home,43007589,3491.85,Koshi,Jhapa,Birtamode Municipality,18,2,semi-furnished,False,20,,False,1,False,37,55.92
home,20373299,2674.62,Bagmati,Bhaktapur,Bhaktapur Municipality,26,1,semi-furnished,False,10,,False,4,False,8,61.7
room,41337,386.65,Koshi,Jhapa,Birtamode Municipality,31,2,semi-furnished,False,0,double,True,5,False,13,39.18
office,94852,424.31,Bagmati,Lalitpur,Lalitpur Metropolitan City,15,0,unfurnished,True,25,,False,5,False,8,45.91
land,10106474,1414.73,Bagmati,Chitwan,Bharatpur Metropolitan City,13,0,,False,0,,False,0,False,0,36.92
home,26326865,2289.43,Koshi,Morang,Biratnagar Metropolitan City,22,1,semi-furnished,True,25,,False,2,False,6,58.41
room,11235,699.57,Bagmati,Lalitpur,Lalitpur Metropolitan City,16,2,semi-furnished,False,10,shared,False,5,False,4,52.17
room,14122,237.99,Koshi,Morang,Biratnagar Metropolitan City,9,1,unfurnished,False,13,2bhk,True,5,False,5,38.44
room,36273,543.37,Bagmati,Kathmandu,Kathmandu Metropolitan City,31,2,unfurnished,False,20,double,True,2,False,24,52.18
office,134374,747.79,Bagmati,Bhaktapur,Bhaktapur Municipality,23,0,unfurnished,True,10,,False,6,False,34,49.56
office,88126,569.45,Bagmati,Chitwan,Bharatpur Metropolitan City,18,0,semi-furnished,False,25,,False,4,True,20,49.49
office,42531,2201.29,Koshi,Jhapa,Birtamode Municipality,9,0,fully-furnished,False,16,,False,8,True,37,44.63
room,49788,931.58,Bagmati,Bhaktapur,Bhaktapur Municipality,20,1,unfurnished,False,0,1bhk,False,2,False,17,22.92
home,5578669,4452.22,Bagmati,Bhaktapur,Bhaktapur Municipality,12,1,unfurnished,True,13,,False,4,False,10,50.23
office,44733,2896.61,Bagmati,Chitwan,Bharatpur Metropolitan City,12,0,unfurnished,False,10,,False,1,True,10,45.33
home,43234040,1166.2,Bagmati,Bhaktapur,Bhaktapur Municipality,18,5,fully-furnished,True,30,,False,1,False,38,84.66
office,78115,4207.93,Koshi,Jhapa,Birtamode Municipality,11,0,fully-furnished,True,16,,False,7,True,16,44.02
land,15422625,2550.33,Koshi,Morang,Biratnagar Metropolitan City,24,0,,False,0,,False,0,False,0,39.79
room,23178,116.89,Lumbini,Rupandehi,Butwal Sub-Metropolitan City,3,0,fully-furnished,True,20,double,True,3,False,24,20.23
home,36117062,1473.35,Gandaki,Kaski,Pokhara Metropolitan City,9,1,fully-furnished,True,16,,False,1,False,2,71.84
land,47229830,2684.04,Koshi,Jhapa,Birtamode Municipality,10,0,,False,0,,False,0,False,0,47.01
office,141040,2181.1,Koshi,Morang,Biratnagar Metropolitan City,18,0,unfurnished,False,30,,False,1,False,27,48.56
office,88907,1326.43,Bagmati,Bhaktapur,Bhaktapur Municipality,19,0,unfurnished,False,0,,False,1,False,14,38.19
home,11048637,1939.78,Lumbini,Rupandehi,Butwal Sub-Metropolitan City,13,4,semi-furnished,True,30,,False,2,False,7,78.09
home,48145236,1281.6,Gandaki,Kaski,Pokhara Metropolitan City,27,5,semi-furnished,False,25,,False,1,False,27,70.47
home,31111348,3804.75,Bagmati,Chitwan,Bharatpur Metropolitan City,13,3,semi-furnished,False,0,,False,2,False,29,40.53
office,70903,3394.91,Bagmati,Bhaktapur,Bhaktapur Municipality,31,0,unfurnished,False,16,,False,7,True,27,43.08
room,10949,262.05,Gandaki,Kaski,Pokhara Metropolitan City,19,1,semi-furnished,True,16,shared,False,1,False,16,42.19
office,129562,4990.63,Sudurpashchim,Kailali,Dhangadhi Sub-Metropolitan City,2,0,semi-furnished,True,10,,False,5,True,2,50.5
room,25472,500.77,Bagmati,Bhaktapur,Bhaktapur Municipality,15,1,fully-furnished,False,10,double,False,3,False,13,41.38
home,35107402,3204.92,Koshi,Morang,Biratnagar Metropolitan City,25,5,fully-furnished,True,13,,False,3,False,34,46.41
home,14181531,4336.68,Koshi,Morang,Biratnagar Metropolitan City,25,4,unfurnished,True,13,,False,4,False,11,67.27
office,21584,597.13,Gandaki,Kaski,Pokhara Metropolitan City,18,0,fully-furnished,False,10,,False,6,False,30,35.86
home,23691639,2441.42,Bagmati,Chitwan,Bharatpur Metropolitan City,6,2,semi-furnished,True,30,,False,1,False,37,54.79
office,76012,1530.7,Gandaki,Kaski,Pokhara Metropolitan City,5,0,fully-furnished,False,16,,False,7,True,18,58.99
office,79904,1596.29,Gandaki,Kaski,Pokhara Metropolitan City,17,0,fully-furnished,False,25,,False,7,True,34,50.3
room,35138,330.77,Lumbini,Rupandehi,Butwal Sub-Metropolitan City,27,2,fully-furnished,False,10,studio,True,3,False,21,52.89
land,43864517,4210.85,Bagmati,Chitwan,Bharatpur Metropolitan City,24,0,,False,20,,False,0,False,0,56.8
land,49692868,2647.09,Bagmati,Kathmandu,Kathmandu Metropolitan City,10,0,,False,10,,False,0,False,0,59.93
land,49808721,2138.44,Bagmati,Lalitpur,Lalitpur Metropolitan City,20,0,,False,16,,False,0,False,0,44.19
office,50957,1663.26,Sudurpashchim,Kailali,Dhangadhi Sub-Metropolitan City,2,0,semi-furnished,False,30,,False,7,True,21,56.38
home,33508233,2665.67,Bagmati,Kathmandu,Kathmandu Metropolitan City,16,5,unfurnished,True,10,,False,1,False,25,64.32
office,73025,404.59,Lumbini,Rupandehi,Butwal Sub-Metropolitan City,14,0,semi-furnished,True,20,,False,3,True,11,48.38
office,104197,4582.76,Koshi,Jhapa,Birtamode Municipality,31,0,semi-furnished,True,20,,False,1,False,32,39.85
office,119605,1324.74,Sudurpashchim,Kailali,Dhangadhi Sub-Metropolitan City,22,0,semi-furnished,True,16,,False,8,True,36,22.65
home,16352132,3654.9,Koshi,Jhapa,Birtamode Municipality,20,5,unfurnished,False,16,,False,1,False,20,56.25
land,12328059,3155.31,Koshi,Morang,Biratnagar Metropolitan City,20,0,,False,30,,False,0,False,0,47.05
office,132256,1533.1,Bagmati,Lalitpur,Lalitpur Metropolitan City,4,0,unfurnished,False,30,,False,2,False,28,38.91
office,129961,1267.88,Bagmati,Kathmandu,Kathmandu Metropolitan City,26,0,fully-furnished,True,16,,False,3,True,30,46.77
home,43027261,3626.2,Gandaki,Kaski,Pokhara Metropolitan City,6,5,fully-furnished,False,0,,False,2,False,26,70.22
home,35705066,2747.33,Koshi,Morang,Biratnagar Metropolitan City,15,1,unfurnished,False,30,,False,3,False,39,48.09
home,15585421,3266.71,Bagmati,Chitwan,Bharatpur Metropolitan City,26,1,fully-furnished,True,0,,False,2,False,20,66.03
land,40955484,1913.79,Bagmati,Chitwan,Bharatpur Metropolitan City,8,0,,False,20,,False,0,False,0,49.3
office,98487,4971.25,Koshi,Jhapa,Birtamode Municipality,2,0,fully-furnished,True,20,,False,6,False,12,33.23
room,42766,996.61,Bagmati,Kathmandu,Kathmandu Metropolitan City,17,1,semi-furnished,True,20,1bhk,False,2,False,25,43.27
home,41156725,2756.82,Bagmati,Kathmandu,Kathmandu Metropolitan City,5,1,semi-furnished,False,20,,False,1,False,24,72.07
room,30527,710.02,Koshi,Jhapa,Birtamode Municipality,15,0,fully-furnished,False,13,1bhk,True,5,False,2,47.69
land,6112599,4739.77,Koshi,Morang,Biratnagar Metropolitan City,13,0,,False,0,,False,0,False,0,32.03
land,23021514,2472.75,Lumbini,Rupandehi,Butwal Sub-Metropolitan City,10,0,,False,0,,False,0,False,0,43.77
land,45218446,833.68,Lumbini,Rupandehi,Butwal Sub-Metropolitan City,14,0,,False,20,,False,0,False,0,58.59
land,13081270,1385.14,Bagmati,Kathmandu,Kathmandu Metropolitan City,30,0,,False,20,,False,0,False,0,69.5
office,120977,3361.03,Bagmati,Bhaktapur,Bhaktapur Municipality,12,0,semi-furnished,False,30,,False,6,True,1,74.25
home,17338012,4795.92,Lumbini,Rupandehi,Butwal Sub-Metropolitan City,22,4,unfurnished,False,0,,False,1,False,26,39.45
land,48997956,4729.35,Sudurpashchim,Kailali,Dhangadhi Sub-Metropolitan City,28,0,,False,0,,False,0,False,0,24.68
land,30255896,4139.18,Koshi,Jhapa,Birtamode Municipality,11,0,,False,16,,False,0,False,0,42.25
land,4123609,2980.65,Bagmati,Bhaktapur,Bhaktapur Municipality,3,0,,False,10,,False,0,False,0,49.12
office,125442,3287.33,Bagmati,Lalitpur,Lalitpur Metropolitan City,4,0,fully-furnished,False,10,,False,5,False,17,40.6
room,20050,667.19,Gandaki,Kaski,Pokhara Metropolitan City,25,1,semi-furnished,False,0,single,True,1,False,23,27.27
home,30094352,1481.69,Bagmati,Chitwan,Bharatpur Metropolitan City,20,2,semi-furnished,True,20,,False,1,False,9,69.32
office,43938,1468.63,Gandaki,Kaski,Pokhara Metropolitan City,24,0,unfurnished,False,20,,False,8,False,3,47.2
office,140362,303.62,Gandaki,Kaski,Pokhara Metropolitan City,29,0,semi-furnished,True,16,,False,6,True,19,45.06
room,35847,300.08,Bagmati,Kathmandu,Kathmandu Metropolitan City,23,1,unfurnished,True,20,studio,False,3,False,21,35.85
home,23252085,4273.69,Bagmati,Kathmandu,Kathmandu Metropolitan City,26,5,unfurnished,True,0,,False,3,False,36,51.39
office,56234,2733.52,Lumbini,Rupandehi,Butwal Sub-Metropolitan City,16,0,unfurnished,False,16,,False,3,True,8,38.44
office,125748,2091.45,Gandaki,Kaski,Pokhara Metropolitan City,3,0,semi-furnished,False,13,,False,2,True,23,56.14
office,26618,933.98,Bagmati,Chitwan,Bharatpur Metropolitan City,12,0,semi-furnished,True,20,,False,7,True,10,59.08
home,31719739,2412.09,Koshi,Jhapa,Birtamode Municipality,1,1,semi-furnished,False,10,,False,2,False,22,32.15
home,42100868,1704.41,Koshi,Jhapa,Birtamode Municipality,16,4,semi-furnished,False,25,,False,4,False,28,54.09
room,15957,111.12,Bagmati,Bhaktapur,Bhaktapur Municipality,28,1,semi-furnished,True,0,1bhk,False,5,False,26,0.94
land,38425440,1560.61,Gandaki,Kaski,Pokhara Metropolitan City,21,0,,False,25,,False,0,False,0,55.15
land,30008025,4961.48,Gandaki,Kaski,Pokhara Metropolitan City,10,0,,False,0,,False,0,False,0,42.02
land,6333320,1945.25,Bagmati,Kathmandu,Kathmandu Metropolitan City,5,0,,False,25,,False,0,False,0,48.72
office,114945,4248.36,Lumbini,Rupandehi,Butwal Sub-Metropolitan City,10,0,unfurnished,True,30,,False,5,True,2,49.86
land,4119555,1992.23,Bagmati,Chitwan,Bharatpur Metropolitan City,14,0,,False,10,,False,0,False,0,37.03
office,103305,1015.84,Sudurpashchim,Kailali,Dhangadhi Sub-Metropolitan City,21,0,unfurnished,False,10,,False,1,False,20,32.99
room,16875,768.05,Koshi,Jhapa,Birtamode Municipality,11,1,fully-furnished,False,20,2bhk,True,1,False,16,48.29
home,7079048,4292.93,Bagmati,Bhaktapur,Bhaktapur Municipality,22,5,semi-furnished,False,16,,False,1,False,39,49.99
office,94499,4602.26,Bagmati,Chitwan,Bharatpur Metropolitan City,9,0,unfurnished,True,25,,False,6,False,34,39.83
land,27460868,2737.59,Bagmati,Bhaktapur,Bhaktapur Municipality,6,0,,False,10,,False,0,False,0,44.51
office,142742,2222.49,Bagmati,Kathmandu,Kathmandu Metropolitan City,27,0,unfurnished,False,20,,False,6,False,9,47.82
land,23626152,1766.01,Bagmati,Chitwan,Bharatpur Metropolitan City,20,0,,False,16,,False,0,False,0,66.05
land,7868251,2067.35,Bagmati,Chitwan,Bharatpur Metropolitan City,11,0,,False,25,,False,0,False,0,66.62
office,32705,4296.98,Gandaki,Kaski,Pokhara Metropolitan City,21,0,fully-furnished,True,16,,False,8,False,12,39.24
land,26462054,4959.49,Bagmati,Bhaktapur,Bhaktapur Municipality,32,0,,False,0,,False,0,False,0,48.45
office,119850,3860.58,Gandaki,Kaski,Pokhara Metropolitan City,6,0,unfurnished,True,0,,False,3,False,39,38.52
home,35844700,1612.18,Bagmati,Lalitpur,Lalitpur Metropolitan City,31,1,fully-furnished,False,25,,False,2,False,18,61.61
room,47907,357.95,Bagmati,Chitwan,Bharatpur Metropolitan City,29,0,semi-furnished,False,16,single,False,5,False,13,43.36
home,5344823,4943.07,Bagmati,Bhaktapur,Bhaktapur Municipality,21,4,semi-furnished,False,0,,False,1,False,30,59.44
room,23656,534.99,Bagmati,Kathmandu,Kathmandu Metropolitan City,6,1,unfurnished,False,0,shared,False,4,False,6,27.74
land,26757728,3100.88,Bagmati,Chitwan,Bharatpur Metropolitan City,5,0,,False,20,,False,0,False,0,44.15
room,13180,590.15,Bagmati,Kathmandu,Kathmandu Metropolitan City,23,0,semi-furnished,False,13,shared,False,3,False,7,56.23
office,127643,3339.08,Bagmati,Lalitpur,Lalitpur Metropolitan City,4,0,semi-furnished,True,0,,False,5,True,37,41.09
land,23921741,2071.41,Gandaki,Kaski,Pokhara Metropolitan City,20,0,,False,0,,False,0,False,0,50.57
room,24295,995.01,Sudurpashchim,Kailali,Dhangadhi Sub-Metropolitan City,2,1,fully-furnished,True,20,single,True,5,False,12,55.72
home,29947500,1801.9,Koshi,Jhapa,Birtamode Municipality,3,5,unfurnished,False,25,,False,3,False,40,61.1
office,62165,1012.29,Bagmati,Kathmandu,Kathmandu Metropolitan City,1,0,fully-furnished,False,0,,False,7,False,27,28.65
home,33019539,2238.69,Gandaki,Kaski,Pokhara Metropolitan City,16,2,fully-furnished,True,10,,False,4,False,19,75.51
land,31991200,3976.97,Bagmati,Chitwan,Bharatpur Metropolitan City,4,0,,False,16,,False,0,False,0,59.34
office,25377,3103.93,Bagmati,Kathmandu,Kathmandu Metropolitan City,3,0,unfurnished,True,20,,False,2,False,14,48.32
land,12748195,3627.22,Bagmati,Lalitpur,Lalitpur Metropolitan City,13,0,,False,30,,False,0,False,0,60.69
office,90400,752.37,Koshi,Jhapa,Birtamode Municipality,7,0,semi-furnished,False,20,,False,1,False,10,31.23
home,12478503,3564.19,Koshi,Jhapa,Birtamode Municipality,12,5,unfurnished,False,0,,False,3,False,29,47.51
home,45306905,2116.87,Bagmati,Bhaktapur,Bhaktapur Municipality,2,4,unfurnished,True,16,,False,4,False,17,68.83
room,11716,532.22,Koshi,Morang,Biratnagar Metropolitan City,19,1,unfurnished,True,0,studio,True,3,False,12,32.37
room,35605,618.92,Bagmati,Lalitpur,Lalitpur Metropolitan City,16,2,semi-furnished,False,10,studio,True,2,False,10,60.45
land,3913313,1697.98,Koshi,Jhapa,Birtamode Municipality,24,0,,False,10,,False,0,False,0,40.13
land,28096721,770.71,Koshi,Jhapa,Birtamode Municipality,20,0,,False,16,,False,0,False,0,52.76
office,70890,1315.58,Sudurpashchim,Kailali,Dhangadhi Sub-Metropolitan City,1,0,unfurnished,False,0,,False,6,True,25,16.59
land,32123415,2401.98,Gandaki,Kaski,Pokhara Metropolitan City,26,0,,False,30,,False,0,False,0,62.5
room,42793,216.34,Bagmati,Kathmandu,Kathmandu Metropolitan City,3,0,unfurnished,False,13,single,True,1,False,27,28.13
land,6939441,4950.28,Gandaki,Kaski,Pokhara Metropolitan City,8,0,,False,30,,False,0,False,0,60.21
land,4564004,2268.8,Gandaki,Kaski,Pokhara Metropolitan City,10,0,,False,20,,False,0,False,0,51.82
room,38151,719.7,Bagmati,Chitwan,Bharatpur Metropolitan City,11,1,unfurnished,False,20,shared,True,1,False,18,40.28
office,113927,532.83,Bagmati,Bhaktapur,Bhaktapur Municipality,3,0,unfurnished,False,0,,False,3,False,22,37.57
room,25914,332.01,Lumbini,Rupandehi,Butwal Sub-Metropolitan City,21,1,fully-furnished,False,13,2bhk,False,3,False,29,33.77
home,6093202,1322.29,Koshi,Morang,Biratnagar Metropolitan City,6,5,fully-furnished,False,13,,False,3,False,33,48.53
room,34092,785.88,Gandaki,Kaski,Pokhara Metropolitan City,19,2,fully-furnished,True,20,2bhk,False,2,False,3,80.82
office,73398,1780.02,Lumbini,Rupandehi,Butwal Sub-Metropolitan City,4,0,semi-furnished,True,10,,False,7,True,26,53.57
room,8687,127.44,Bagmati,Bhaktapur,Bhaktapur Municipality,28,1,semi-furnished,True,16,studio,True,2,False,6,24.41
land,4823558,2867.06,Koshi,Morang,Biratnagar Metropolitan City,24,0,,False,0,,False,0,False,0,44.66
home,20461846,1084.98,Koshi,Morang,Biratnagar Metropolitan City,1,1,semi-furnished,False,30,,False,1,False,20,57.01
land,41391747,2964.21,Koshi,Jhapa,Birtamode Municipality,23,0,,False,0,,False,0,False,0,41.07
home,10036742,1873.77,Koshi,Morang,Biratnagar Metropolitan City,12,2,fully-furnished,False,13,,False,4,False,36,58.0
land,27519355,4865.11,Bagmati,Chitwan,Bharatpur Metropolitan City,25,0,,False,10,,False,0,False,0,42.68
room,28926,625.17,Bagmati,Lalitpur,Lalitpur Metropolitan City,30,2,fully-furnished,True,20,2bhk,False,4,False,30,47.84
office,70900,2319.52,Bagmati,Chitwan,Bharatpur Metropolitan City,14,0,fully-furnished,True,10,,False,6,False,16,40.57
office,20906,2870.61,Sudurpashchim,Kailali,Dhangadhi Sub-Metropolitan City,26,0,semi-furnished,False,0,,False,3,True,30,20.63
land,3401255,1750.75,Lumbini,Rupandehi,Butwal Sub-Metropolitan City,17,0,,False,30,,False,0,False,0,50.49
home,29151185,907.24,Bagmati,Lalitpur,Lalitpur Metropolitan City,11,4,semi-furnished,True,10,,False,2,False,9,69.46
home,32170534,1683.4,Lumbini,Rupandehi,Butwal Sub-Metropolitan City,9,3,semi-furnished,True,10,,False,2,False,20,54.24
home,35882783,4726.04,Gandaki,Kaski,Pokhara Metropolitan City,26,4,unfurnished,True,13,,False,2,False,28,63.31
home,40897704,1740.1,Lumbini,Rupandehi,Butwal Sub-Metropolitan City,11,3,unfurnished,True,0,,False,2,False,15,65.28
land,3008925,1780.86,Bagmati,Bhaktapur,Bhaktapur Municipality,7,0,,False,0,,False,0,False,0,37.16
home,16756612,3996.81,Koshi,Jhapa,Birtamode Municipality,15,5,semi-furnished,False,10,,False,2,False,19,57.14
land,3610206,4524.67,Lumbini,Rupandehi,Butwal Sub-Metropolitan City,10,0,,False,30,,False,0,False,0,59.01
room,29512,875.82,Lumbini,Rupandehi,Butwal Sub-Metropolitan City,21,1,unfurnished,False,10,studio,True,4,False,10,45.35
land,17840268,3069.79,Koshi,Jhapa,Birtamode Municipality,13,0,,False,0,,False,0,False,0,38.43
land,19499042,4090.99,Bagmati,Kathmandu,Kathmandu Metropolitan City,26,0,,False,10,,False,0,False,0,57.94
home,15103094,4970.16,Bagmati,Bhaktapur,Bhaktapur Municipality,28,2,semi-furnished,False,16,,False,4,False,13,62.68
land,36972656,4512.82,Gandaki,Kaski,Pokhara Metropolitan City,27,0,,False,25,,False,0,False,0,46.77
office,115697,4664.32,Bagmati,Kathmandu,Kathmandu Metropolitan City,26,0,semi-furnished,True,30,,False,8,True,13,67.6
room,10264,314.24,Sudurpashchim,Kailali,Dhangadhi Sub-Metropolitan City,4,1,unfurnished,False,10,1bhk,False,2,False,20,29.35
land,22965636,3453.35,Bagmati,Chitwan,Bharatpur Metropolitan City,3,0,,False,25,,False,0,False,0,47.71
home,48486796,1935.04,Bagmati,Kathmandu,Kathmandu Metropolitan City,32,4,semi-furnished,False,20,,False,2,False,27,69.38
office,141373,2044.88,Lumbini,Rupandehi,Butwal Sub-Metropolitan City,9,0,fully-furnished,False,30,,False,3,True,2,75.69
office,106816,4082.8,Gandaki,Kaski,Pokhara Metropolitan City,13,0,semi-furnished,False,30,,False,5,False,4,57.2
office,83661,1780.79,Bagmati,Chitwan,Bharatpur Metropolitan City,18,0,unfurnished,True,0,,False,4,False,36,38.9
room,41166,331.92,Sudurpashchim,Kailali,Dhangadhi Sub-Metropolitan City,5,2,fully-furnished,False,13,single,False,5,False,22,56.64
home,34294267,4055.33,Gandaki,Kaski,Pokhara Metropolitan City,27,3,fully-furnished,True,10,,False,2,False,37,54.86
office,40571,914.58,Bagmati,Chitwan,Bharatpur Metropolitan City,7,0,unfurnished,True,25,,False,2,False,39,29.46
room,8267,326.33,Bagmati,Chitwan,Bharatpur Metropolitan City,15,0,fully-furnished,False,16,2bhk,True,2,False,29,39.45
room,49744,370.15,Gandaki,Kaski,Pokhara Metropolitan City,32,1,semi-furnished,False,16,2bhk,False,1,False,27,44.38
home,40289839,1661.12,Sudurpashchim,Kailali,Dhangadhi Sub-Metropolitan City,9,5,unfurnished,False,0,,False,3,False,34,42.69
land,28797967,2945.27,Bagmati,Chitwan,Bharatpur Metropolitan City,25,0,,False,25,,False,0,False,0,67.94
home,29835506,3217.25,Bagmati,Lalitpur,Lalitpur Metropolitan City,17,4,semi-furnished,False,25,,False,3,False,25,57.43
room,48863,718.03,Bagmati,Kathmandu,Kathmandu Metropolitan City,28,1,unfurnished,False,10,2bhk,True,1,False,27,46.29
home,13008114,2458.88,Lumbini,Rupandehi,Butwal Sub-Metropolitan City,13,1,unfurnished,True,20,,False,2,False,26,48.68
office,32970,922.32,Bagmati,Lalitpur,Lalitpur Metropolitan City,26,0,semi-furnished,False,13,,False,6,False,32,54.47
room,42258,549.34,Koshi,Jhapa,Birtamode Municipality,22,2,semi-furnished,False,13,studio,False,1,False,30,50.87
room,8374,487.86,Bagmati,Bhaktapur,Bhaktapur Municipality,31,0,fully-furnished,False,20,studio,False,5,False,25,35.08
home,28985601,3669.83,Koshi,Jhapa,Birtamode Municipality,19,1,semi-furnished,False,13,,False,3,False,20,44.63
home,25302886,4545.45,Bagmati,Lalitpur,Lalitpur Metropolitan City,12,3,fully-furnished,False,13,,False,1,False,9,75.43
home,33574995,4631.03,Gandaki,Kaski,Pokhara Metropolitan City,27,1,unfurnished,True,30,,False,3,False,30,57.4
land,19451765,785.48,Bagmati,Kathmandu,Kathmandu Metropolitan City,29,0,,False,16,,False,0,False,0,56.5
land,20970489,4182.53,Gandaki,Kaski,Pokhara Metropolitan City,20,0,,False,10,,False,0,False,0,49.05
office,124505,1114.78,Gandaki,Kaski,Pokhara Metropolitan City,4,0,unfurnished,False,25,,False,1,True,1,42.19
land,41814854,1857.19,Bagmati,Chitwan,Bharatpur Metropolitan City,14,0,,False,0,,False,0,False,0,42.79
land,41645068,3264.42,Koshi,Jhapa,Birtamode Municipality,31,0,,False,16,,False,0,False,0,41.14
room,44388,991.03,Bagmati,Bhaktapur,Bhaktapur Municipality,22,1,fully-furnished,True,13,studio,False,5,False,0,55.22
room,31195,517.63,Bagmati,Chitwan,Bharatpur Metropolitan City,3,2,unfurnished,False,13,1bhk,True,5,False,10,53.17
home,27601082,3642.69,Lumbini,Rupandehi,Butwal Sub-Metropolitan City,17,5,unfurnished,True,10,,False,4,False,0,55.63
room,10902,232.42,Bagmati,Bhaktapur,Bhaktapur Municipality,18,1,fully-furnished,False,20,1bhk,True,3,False,16,51.91
land,23949971,1522.2,Bagmati,Chitwan,Bharatpur Metropolitan City,30,0,,False,10,,False,0,False,0,45.81
home,34529141,3166.79,Bagmati,Kathmandu,Kathmandu Metropolitan City,7,4,semi-furnished,False,20,,False,4,False,29,64.42
room,12370,690.68,Koshi,Morang,Biratnagar Metropolitan City,8,2,unfurnished,False,20,2bhk,True,2,False,0,57.14
home,39896590,4104.17,Sudurpashchim,Kailali,Dhangadhi Sub-Metropolitan City,21,4,unfurnished,False,0,,False,4,False,10,49.42
home,33814056,4878.51,Gandaki,Kaski,Pokhara Metropolitan City,11,1,unfurnished,False,25,,False,4,False,39,57.57
home,37250208,2563.96,Bagmati,Chitwan,Bharatpur Metropolitan City,30,3,unfurnished,True,0,,False,4,False,12,60.2
office,97379,1154.43,Bagmati,Kathmandu,Kathmandu Metropolitan City,26,0,fully-furnished,True,13,,False,2,True,29,54.72
home,30601011,4071.55,Sudurpashchim,Kailali,Dhangadhi Sub-Metropolitan City,19,3,semi-furnished,False,16,,False,1,False,26,45.32
home,14691306,2732.71,Bagmati,Bhaktapur,Bhaktapur Municipality,9,2,unfurnished,False,0,,False,4,False,39,31.02
land,18300753,4500.78,Sudurpashchim,Kailali,Dhangadhi Sub-Metropolitan City,10,0,,False,16,,False,0,False,0,36.98
land,21302782,2060.34,Bagmati,Kathmandu,Kathmandu Metropolitan City,28,0,,False,30,,False,0,False,0,91.27
office,92376,3454.16,Sudurpashchim,Kailali,Dhangadhi Sub-Metropolitan City,4,0,semi-furnished,False,16,,False,6,False,4,53.1
office,46545,1775.61,Lumbini,Rupandehi,Butwal Sub-Metropolitan City,32,0,unfurnished,True,30,,False,1,False,13,39.46
land,24502055,3207.7,Lumbini,Rupandehi,Butwal Sub-Metropolitan City,23,0,,False,16,,False,0,False,0,38.91
room,47880,558.93,Bagmati,Kathmandu,Kathmandu Metropolitan City,24,2,fully-furnished,False,20,double,False,5,False,16,61.08
office,132885,2768.08,Lumbini,Rupandehi,Butwal Sub-Metropolitan City,14,0,fully-furnished,True,25,,False,8,False,5,64.22
home,17106889,3661.29,Bagmati,Bhaktapur,Bhaktapur Municipality,26,1,unfurnished,True,25,,False,3,False,5,70.18
land,46422165,4692.11,Sudurpashchim,Kailali,Dhangadhi Sub-Metropolitan City,10,0,,False,30,,False,0,False,0,50.4
office,37539,2700.49,Sudurpashchim,Kailali,Dhangadhi Sub-Metropolitan City,7,0,fully-furnished,False,0,,False,7,False,38,24.92
land,11855361,2655.13,Bagmati,Kathmandu,Kathmandu Metropolitan City,4,0,,False,10,,False,0,False,0,55.47
home,45714637,2428.01,Lumbini,Rupandehi,Butwal Sub-Metropolitan City,10,2,fully-furnished,False,25,,False,4,False,19,69.69
land,5968810,3769.55,Lumbini,Rupandehi,Butwal Sub-Metropolitan City,16,0,,False,16,,False,0,False,0,28.8
room,35116,559.93,Lumbini,Rupandehi,Butwal Sub-Metropolitan City,30,1,fully-furnished,False,13,2bhk,False,1,False,25,39.47
office,120393,3776.75,Lumbini,Rupandehi,Butwal Sub-Metropolitan City,16,0,fully-furnished,True,0,,False,6,False,21,31.65
room,10145,708.51,Bagmati,Kathmandu,Kathmandu Metropolitan City,29,1,fully-furnished,True,20,studio,True,5,False,8,64.57
room,41364,380.06,Bagmati,Chitwan,Bharatpur Metropolitan City,3,1,fully-furnished,True,13,single,False,4,False,30,67.08
land,46498394,4725.7,Bagmati,Kathmandu,Kathmandu Metropolitan City,10,0,,False,30,,False,0,False,0,66.41
land,32794294,2422.56,Koshi,Morang,Biratnagar Metropolitan City,13,0,,False,0,,False,0,False,0,38.61
office,96386,3795.18,Koshi,Morang,Biratnagar Metropolitan City,5,0,unfurnished,False,30,,False,8,False,34,44.53
home,25303998,3483.0,Bagmati,Kathmandu,Kathmandu Metropolitan City,15,3,semi-furnished,False,20,,False,3,False,16,72.67
office,119782,416.28,Koshi,Jhapa,Birtamode Municipality,19,0,fully-furnished,False,25,,False,7,False,1,55.67
office,100367,4706.87,Bagmati,Lalitpur,Lalitpur Metropolitan City,14,0,semi-furnished,False,10,,False,8,True,7,51.33
office,140192,2429.13,Koshi,Morang,Biratnagar Metropolitan City,24,0,fully-furnished,True,25,,False,8,True,6,78.67
office,37918,3640.15,Sudurpashchim,Kailali,Dhangadhi Sub-Metropolitan City,14,0,unfurnished,True,13,,False,6,False,10,24.6
home,30227246,2060.36,Gandaki,Kaski,Pokhara Metropolitan City,12,3,fully-furnished,False,25,,False,3,False,34,74.82
office,81153,412.64,Gandaki,Kaski,Pokhara Metropolitan City,25,0,fully-furnished,False,13,,False,7,False,16,36.26
home,47425519,2250.58,Koshi,Jhapa,Birtamode Municipality,8,5,semi-furnished,False,25,,False,1,False,40,65.07
room,36963,482.23,Lumbini,Rupandehi,Butwal Sub-Metropolitan City,8,0,semi-furnished,True,10,double,True,5,False,21,30.58
office,143573,3333.99,Bagmati,Lalitpur,Lalitpur Metropolitan City,5,0,semi-furnished,True,10,,False,5,False,30,39.46
land,16649651,4214.38,Koshi,Jhapa,Birtamode Municipality,17,0,,False,25,,False,0,False,0,47.49
office,36837,421.4,Lumbini,Rupandehi,Butwal Sub-Metropolitan City,19,0,unfurnished,True,20,,False,7,False,40,39.95
home,33504649,4210.01,Gandaki,Kaski,Pokhara Metropolitan City,2,3,unfurnished,True,20,,False,4,False,11,73.13
home,35848582,2383.87,Bagmati,Lalitpur,Lalitpur Metropolitan City,27,1,unfurnished,False,16,,False,4,False,27,42.54
land,29451382,4988.74,Bagmati,Lalitpur,Lalitpur Metropolitan City,9,0,,False,10,,False,0,False,0,49.62
home,13590333,1364.59,Bagmati,Chitwan,Bharatpur Metropolitan City,3,2,unfurnished,True,13,,False,1,False,4,53.29
office,136798,2902.52,Gandaki,Kaski,Pokhara Metropolitan City,28,0,semi-furnished,False,13,,False,1,True,30,33.47
land,23429890,1343.8,Lumbini,Rupandehi,Butwal Sub-Metropolitan City,21,0,,False,13,,False,0,False,0,48.8
land,44391499,1963.19,Koshi,Jhapa,Birtamode Municipality,18,0,,False,10,,False,0,False,0,42.8
home,25404144,1063.2,Gandaki,Kaski,Pokhara Metropolitan City,23,4,semi-furnished,False,13,,False,2,False,24,84.13
land,11606086,1759.23,Bagmati,Kathmandu,Kathmandu Metropolitan City,25,0,,False,16,,False,0,False,0,60.86
land,46140655,3860.78,Gandaki,Kaski,Pokhara Metropolitan City,23,0,,False,16,,False,0,False,0,41.28
room,39848,675.42,Koshi,Morang,Biratnagar Metropolitan City,11,2,semi-furnished,False,0,shared,True,1,False,6,35.98
room,29923,975.52,Sudurpashchim,Kailali,Dhangadhi Sub-Metropolitan City,1,1,fully-furnished,True,13,shared,False,5,False,12,55.21
home,40966571,3040.47,Lumbini,Rupandehi,Butwal Sub-Metropolitan City,12,2,unfurnished,True,13,,False,4,False,15,74.24
land,21521598,4678.15,Gandaki,Kaski,Pokhara Metropolitan City,17,0,,False,16,,False,0,False,0,37.9
room,20974,363.17,Bagmati,Lalitpur,Lalitpur Metropolitan City,31,1,semi-furnished,True,0,shared,False,5,False,16,18.02
room,8529,157.17,Lumbini,Rupandehi,Butwal Sub-Metropolitan City,14,1,fully-furnished,False,13,double,False,4,False,20,45.47
office,26785,2715.01,Koshi,Jhapa,Birtamode Municipality,7,0,unfurnished,False,20,,False,1,True,6,46.34
office,47017,703.14,Sudurpashchim,Kailali,Dhangadhi Sub-Metropolitan City,16,0,unfurnished,True,13,,False,2,True,16,31.25
office,42391,2813.85,Gandaki,Kaski,Pokhara Metropolitan City,31,0,unfurnished,True,30,,False,1,False,35,51.92
office,108000,513.09,Bagmati,Lalitpur,Lalitpur Metropolitan City,7,0,semi-furnished,False,16,,False,5,True,21,24.27
land,46734700,3461.95,Lumbini,Rupandehi,Butwal Sub-Metropolitan City,27,0,,False,30,,False,0,False,0,58.66
home,49060036,4252.27,Bagmati,Kathmandu,Kathmandu Metropolitan City,28,2,fully-furnished,True,13,,False,3,False,11,75.16
land,15394080,842.93,Gandaki,Kaski,Pokhara Metropolitan City,26,0,,False,10,,False,0,False,0,58.97
home,48421577,4471.97,Bagmati,Kathmandu,Kathmandu Metropolitan City,28,3,unfurnished,True,25,,False,3,False,8,63.66
room,18053,186.25,Bagmati,Bhaktapur,Bhaktapur Municipality,7,0,semi-furnished,False,16,single,True,3,False,2,40.58
room,34332,117.18,Bagmati,Chitwan,Bharatpur Metropolitan City,10,2,fully-furnished,True,20,double,True,2,False,27,28.25
room,28939,128.36,Bagmati,Bhaktapur,Bhaktapur Municipality,3,1,unfurnished,True,10,2bhk,True,1,False,11,28.65
home,49510281,1201.54,Koshi,Jhapa,Birtamode Municipality,2,5,fully-furnished,True,0,,False,2,False,16,54.73
room,14621,301.26,Sudurpashchim,Kailali,Dhangadhi Sub-Metropolitan City,14,1,fully-furnished,True,13,double,False,1,False,25,29.67
home,22056588,3878.34,Gandaki,Kaski,Pokhara Metropolitan City,16,3,semi-furnished,False,13,,False,2,False,13,53.15
home,24995022,2053.28,Bagmati,Chitwan,Bharatpur Metropolitan City,26,5,semi-furnished,False,30,,False,1,False,11,79.42
office,42789,1208.64,Bagmati,Chitwan,Bharatpur Metropolitan City,28,0,unfurnished,True,25,,False,6,True,27,52.34
office,95084,1600.62,Lumbini,Rupandehi,Butwal Sub-Metropolitan City,16,0,unfurnished,False,10,,False,8,True,22,33.05
land,28746203,3659.94,Koshi,Jhapa,Birtamode Municipality,22,0,,False,16,,False,0,False,0,46.68
room,33564,340.76,Koshi,Morang,Biratnagar Metropolitan City,5,1,semi-furnished,True,20,single,False,4,False,9,31.91
room,32213,804.48,Bagmati,Lalitpur,Lalitpur Metropolitan City,31,1,fully-furnished,False,20,2bhk,False,2,False,9,55.53
room,28826,490.87,Lumbini,Rupandehi,Butwal Sub-Metropolitan City,26,1,semi-furnished,True,20,1bhk,False,2,False,24,43.05
room,21274,238.69,Sudurpashchim,Kailali,Dhangadhi Sub-Metropolitan City,16,2,semi-furnished,True,13,single,False,4,False,2,61.78
office,117641,4769.24,Bagmati,Bhaktapur,Bhaktapur Municipality,27,0,unfurnished,True,13,,False,5,True,18,32.79
room,45863,321.72,Koshi,Jhapa,Birtamode Municipality,28,0,semi-furnished,True,16,2bhk,True,3,False,18,50.52
home,28789060,2544.18,Lumbini,Rupandehi,Butwal Sub-Metropolitan City,5,2,unfurnished,True,0,,False,4,False,32,52.95
office,23030,437.37,Gandaki,Kaski,Pokhara Metropolitan City,6,0,semi-furnished,True,16,,False,3,False,3,54.82
home,23379083,4760.54,Lumbini,Rupandehi,Butwal Sub-Metropolitan City,1,5,unfurnished,False,30,,False,4,False,35,76.49
home,43509806,3874.05,Bagmati,Kathmandu,Kathmandu Metropolitan City,25,2,fully-furnished,True,0,,False,3,False,25,63.36
room,29188,457.17,Gandaki,Kaski,Pokhara Metropolitan City,29,1,fully-furnished,True,16,2bhk,False,3,False,24,52.99
home,35870714,3310.96,Koshi,Jhapa,Birtamode Municipality,13,2,unfurnished,False,0,,False,2,False,25,38.18
land,30756994,1480.54,Bagmati,Chitwan,Bharatpur Metropolitan City,8,0,,False,25,,False,0,False,0,67.57
room,34869,179.59,Koshi,Jhapa,Birtamode Municipality,30,2,unfurnished,True,16,2bhk,True,2,False,10,42.56
land,29147587,1150.98,Gandaki,Kaski,Pokhara Metropolitan City,3,0,,False,0,,False,0,False,0,40.9
room,24180,202.23,Bagmati,Bhaktapur,Bhaktapur Municipality,2,1,unfurnished,True,0,double,True,2,False,8,17.52
home,33136200,4654.1,Bagmati,Chitwan,Bharatpur Metropolitan City,31,4,unfurnished,True,25,,False,3,False,34,57.72
room,43749,842.97,Bagmati,Lalitpur,Lalitpur Metropolitan City,3,1,fully-furnished,True,0,studio,False,5,False,6,43.51
land,9116362,4607.45,Bagmati,Kathmandu,Kathmandu Metropolitan City,17,0,,False,0,,False,0,False,0,43.78
land,42615360,3186.87,Koshi,Jhapa,Birtamode Municipality,19,0,,False,25,,False,0,False,0,63.05
land,47033963,4348.21,Bagmati,Lalitpur,Lalitpur Metropolitan City,4,0,,False,10,,False,0,False,0,46.17
home,12990648,4383.51,Bagmati,Kathmandu,Kathmandu Metropolitan City,27,4,unfurnished,True,25,,False,1,False,39,62.39
home,18460171,1406.39,Bagmati,Kathmandu,Kathmandu Metropolitan City,19,3,unfurnished,False,13,,False,3,False,9,65.12
home,33552614,1629.42,Bagmati,Kathmandu,Kathmandu Metropolitan City,21,1,unfurnished,False,20,,False,1,False,31,63.6
home,26738271,1046.79,Bagmati,Lalitpur,Lalitpur Metropolitan City,25,4,fully-furnished,True,30,,False,4,False,7,68.4
home,25765970,3248.46,Gandaki,Kaski,Pokhara Metropolitan City,7,1,fully-furnished,False,16,,False,1,False,10,60.32
land,11893267,1095.67,Sudurpashchim,Kailali,Dhangadhi Sub-Metropolitan City,19,0,,False,30,,False,0,False,0,56.55
office,139097,1790.43,Sudurpashchim,Kailali,Dhangadhi Sub-Metropolitan City,20,0,semi-furnished,True,30,,False,4,False,30,58.97
room,36095,442.51,Sudurpashchim,Kailali,Dhangadhi Sub-Metropolitan City,32,1,unfurnished,True,10,1bhk,True,1,False,29,24.54
room,32834,691.86,Lumbini,Rupandehi,Butwal Sub-Metropolitan City,8,0,unfurnished,False,10,double,True,1,False,11,20.32
land,8529848,3752.94,Bagmati,Chitwan,Bharatpur Metropolitan City,5,0,,False,13,,False,0,False,0,51.65
room,36399,469.87,Gandaki,Kaski,Pokhara Metropolitan City,4,1,semi-furnished,True,16,1bhk,False,3,False,10,44.37
room,40561,781.89,Bagmati,Bhaktapur,Bhaktapur Municipality,12,1,fully-furnished,True,10,2bhk,False,3,False,15,40.76
office,139917,2746.8,Bagmati,Lalitpur,Lalitpur Metropolitan City,18,0,semi-furnished,False,16,,False,5,True,3,51.74
room,49200,631.76,Bagmati,Kathmandu,Kathmandu Metropolitan City,7,1,semi-furnished,False,13,2bhk,False,2,False,11,47.8
room,20073,866.56,Koshi,Morang,Biratnagar Metropolitan City,10,2,unfurnished,True,16,double,False,4,False,4,42.07
office,70171,421.68,Koshi,Morang,Biratnagar Metropolitan City,24,0,fully-furnished,False,0,,False,1,True,18,17.8
land,28372053,721.9,Bagmati,Chitwan,Bharatpur Metropolitan City,15,0,,False,20,,False,0,False,0,60.61
home,39356470,970.21,Koshi,Jhapa,Birtamode Municipality,17,4,fully-furnished,True,0,,False,4,False,26,67.96
land,9730388,4949.58,Sudurpashchim,Kailali,Dhangadhi Sub-Metropolitan City,18,0,,False,16,,False,0,False,0,48.72
home,16307879,2781.19,Bagmati,Bhaktapur,Bhaktapur Municipality,1,2,unfurnished,True,0,,False,3,False,10,42.07
home,17145449,3119.3,Bagmati,Bhaktapur,Bhaktapur Municipality,10,2,unfurnished,True,13,,False,1,False,34,48.35
office,88945,4371.74,Bagmati,Chitwan,Bharatpur Metropolitan City,21,0,fully-furnished,False,20,,False,5,True,0,59.47
land,40194738,3823.05,Bagmati,Chitwan,Bharatpur Metropolitan City,3,0,,False,13,,False,0,False,0,53.06
land,9830329,2304.01,Lumbini,Rupandehi,Butwal Sub-Metropolitan City,15,0,,False,25,,False,0,False,0,61.5
home,26100272,3601.46,Bagmati,Lalitpur,Lalitpur Metropolitan City,23,2,semi-furnished,False,10,,False,2,False,33,46.97
land,45919916,1943.85,Bagmati,Bhaktapur,Bhaktapur Municipality,28,0,,False,25,,False,0,False,0,59.85
office,80864,3114.34,Koshi,Morang,Biratnagar Metropolitan City,3,0,unfurnished,True,0,,False,3,True,4,45.0
room,29589,659.85,Bagmati,Kathmandu,Kathmandu Metropolitan City,7,1,semi-furnished,True,20,shared,True,5,False,24,65.73
room,34869,522.58,Bagmati,Lalitpur,Lalitpur Metropolitan City,19,2,semi-furnished,True,20,single,True,1,False,20,59.34
home,28109130,2419.21,Sudurpashchim,Kailali,Dhangadhi Sub-Metropolitan City,2,4,unfurnished,True,25,,False,2,False,29,65.48
land,47335693,1118.59,Sudurpashchim,Kailali,Dhangadhi Sub-Metropolitan City,10,0,,False,20,,False,0,False,0,51.23
room,34378,839.82,Lumbini,Rupandehi,Butwal Sub-Metropolitan City,16,0,semi-furnished,False,20,shared,False,4,False,25,53.57
room,26235,590.26,Koshi,Morang,Biratnagar Metropolitan City,2,1,unfurnished,True,16,1bhk,False,5,False,20,39.78
room,42067,904.48,Bagmati,Kathmandu,Kathmandu Metropolitan City,23,2,fully-furnished,False,0,2bhk,True,4,False,10,46.38
office,119109,1397.58,Koshi,Jhapa,Birtamode Municipality,16,0,semi-furnished,False,16,,False,1,True,25,53.9
home,19943178,2540.37,Koshi,Morang,Biratnagar Metropolitan City,29,4,unfurnished,True,13,,False,1,False,8,66.36
home,18049404,2950.52,Koshi,Morang,Biratnagar Metropolitan City,2,4,unfurnished,False,20,,False,2,False,40,48.86
room,40695,371.16,Koshi,Jhapa,Birtamode Municipality,18,1,semi-furnished,True,20,shared,True,2,False,23,36.86
room,41573,291.33,Bagmati,Bhaktapur,Bhaktapur Municipality,12,0,fully-furnished,False,0,studio,True,3,False,3,44.78
room,34104,948.07,Koshi,Morang,Biratnagar Metropolitan City,16,0,semi-furnished,False,13,studio,False,5,False,29,37.88
office,93806,4220.25,Bagmati,Kathmandu,Kathmandu Metropolitan City,12,0,semi-furnished,True,10,,False,5,True,23,49.98
land,17287136,4986.02,Lumbini,Rupandehi,Butwal Sub-Metropolitan City,16,0,,False,10,,False,0,False,0,47.59
room,22564,422.95,Bagmati,Bhaktapur,Bhaktapur Municipality,19,0,semi-furnished,True,20,studio,True,1,False,8,63.94
home,46422048,2447.7,Bagmati,Kathmandu,Kathmandu Metropolitan City,28,5,fully-furnished,False,10,,False,1,False,31,77.1
home,6774546,4282.73,Bagmati,Chitwan,Bharatpur Metropolitan City,9,3,fully-furnished,False,16,,False,2,False,7,67.73
home,30665767,4579.36,Koshi,Morang,Biratnagar Metropolitan City,12,5,fully-furnished,False,30,,False,1,False,25,78.81
home,19458526,3956.4,Gandaki,Kaski,Pokhara Metropolitan City,23,1,fully-furnished,True,20,,False,1,False,19,57.12
room,10954,266.45,Sudurpashchim,Kailali,Dhangadhi Sub-Metropolitan City,1,2,fully-furnished,True,0,1bhk,True,2,False,6,41.49
home,10687652,3337.62,Koshi,Morang,Biratnagar Metropolitan City,32,5,fully-furnished,True,0,,False,1,False,11,77.83
office,44144,2070.88,Koshi,Morang,Biratnagar Metropolitan City,7,0,semi-furnished,False,25,,False,5,False,4,50.43
room,28257,972.84,Sudurpashchim,Kailali,Dhangadhi Sub-Metropolitan City,23,0,unfurnished,False,20,1bhk,True,2,False,0,37.83
room,23357,223.04,Bagmati,Chitwan,Bharatpur Metropolitan City,14,0,semi-furnished,False,16,1bhk,True,3,False,10,30.32
room,24060,760.53,Koshi,Jhapa,Birtamode Municipality,29,2,fully-furnished,True,20,shared,False,2,False,21,40.26
land,31716432,4888.35,Bagmati,Lalitpur,Lalitpur Metropolitan City,29,0,,False,16,,False,0,False,0,45.86
room,38862,410.14,Koshi,Jhapa,Birtamode Municipality,4,2,fully-furnished,True,0,1bhk,True,5,False,2,42.73
office,29722,2211.86,Koshi,Morang,Biratnagar Metropolitan City,4,0,unfurnished,True,10,,False,3,True,4,33.91
office,109096,3242.5,Bagmati,Lalitpur,Lalitpur Metropolitan City,31,0,semi-furnished,True,16,,False,8,False,13,48.54
home,37634664,1434.91,Koshi,Morang,Biratnagar Metropolitan City,9,1,unfurnished,False,20,,False,2,False,4,67.71
office,68186,3341.47,Bagmati,Bhaktapur,Bhaktapur Municipality,19,0,semi-furnished,True,16,,False,2,True,18,42.7
room,9895,119.42,Bagmati,Bhaktapur,Bhaktapur Municipality,13,1,semi-furnished,False,10,1bhk,True,2,False,22,35.63
home,28124346,1890.54,Bagmati,Lalitpur,Lalitpur Metropolitan City,10,5,unfurnished,False,16,,False,2,False,8,73.16
room,44290,541.8,Lumbini,Rupandehi,Butwal Sub-Metropolitan City,7,1,unfurnished,False,16,shared,True,3,False,28,46.64
home,23440904,1195.84,Gandaki,Kaski,Pokhara Metropolitan City,3,1,semi-furnished,False,10,,False,4,False,25,48.93
home,19786027,2669.49,Bagmati,Chitwan,Bharatpur Metropolitan City,28,3,fully-furnished,True,16,,False,2,False,17,75.25
room,24312,966.01,Koshi,Morang,Biratnagar Metropolitan City,15,2,semi-furnished,False,13,studio,False,4,False,8,36.43
office,40937,3066.8,Sudurpashchim,Kailali,Dhangadhi Sub-Metropolitan City,19,0,fully-furnished,False,30,,False,5,False,7,62.15
room,28637,662.93,Bagmati,Kathmandu,Kathmandu Metropolitan City,27,0,semi-furnished,True,20,studio,False,4,False,17,52.89
land,6639757,4219.22,Koshi,Morang,Biratnagar Metropolitan City,10,0,,False,30,,False,0,False,0,58.94
home,38030312,4478.43,Koshi,Jhapa,Birtamode Municipality,29,2,unfurnished,True,25,,False,3,False,1,53.91
home,23071805,3676.22,Lumbini,Rupandehi,Butwal Sub-Metropolitan City,17,2,fully-furnished,True,20,,False,1,False,19,57.85
room,20837,267.44,Koshi,Jhapa,Birtamode Municipality,1,1,semi-furnished,False,20,2bhk,True,3,False,29,37.98
office,37949,4332.46,Koshi,Morang,Biratnagar Metropolitan City,30,0,semi-furnished,True,30,,False,5,True,29,40.72
home,40547550,3528.87,Bagmati,Kathmandu,Kathmandu Metropolitan City,15,2,fully-furnished,False,16,,False,2,False,15,73.61
office,141433,3559.05,Gandaki,Kaski,Pokhara Metropolitan City,10,0,unfurnished,False,13,,False,2,False,31,25.51
office,73345,2158.49,Koshi,Jhapa,Birtamode Municipality,1,0,unfurnished,True,25,,False,3,False,12,54.23
land,13170260,4950.29,Bagmati,Kathmandu,Kathmandu Metropolitan City,5,0,,False,0,,False,0,False,0,33.64
room,24588,213.85,Bagmati,Kathmandu,Kathmandu Metropolitan City,18,1,fully-furnished,True,16,studio,False,1,False,30,46.1
home,47824679,2894.81,Sudurpashchim,Kailali,Dhangadhi Sub-Metropolitan City,26,1,unfurnished,True,16,,False,1,False,21,53.62
room,47281,889.04,Bagmati,Chitwan,Bharatpur Metropolitan City,28,1,fully-furnished,False,16,shared,True,1,False,27,41.17
home,11280162,3410.85,Gandaki,Kaski,Pokhara Metropolitan City,17,5,fully-furnished,False,0,,False,1,False,4,71.99
room,39142,452.35,Bagmati,Lalitpur,Lalitpur Metropolitan City,19,1,unfurnished,True,20,single,True,5,False,23,47.16
land,7572645,1797.71,Sudurpashchim,Kailali,Dhangadhi Sub-Metropolitan City,19,0,,False,0,,False,0,False,0,32.88
land,26392200,1740.56,Bagmati,Chitwan,Bharatpur Metropolitan City,18,0,,False,16,,False,0,False,0,42.72
room,29638,718.39,Koshi,Jhapa,Birtamode Municipality,5,1,unfurnished,True,13,1bhk,True,4,False,9,24.45
room,20916,555.12,Lumbini,Rupandehi,Butwal Sub-Metropolitan City,23,0,unfurnished,True,0,studio,False,4,False,9,34.41
land,33252875,4315.42,Lumbini,Rupandehi,Butwal Sub-Metropolitan City,32,0,,False,20,,False,0,False,0,38.1
land,43815505,4836.89,Bagmati,Chitwan,Bharatpur Metropolitan City,6,0,,False,0,,False,0,False,0,40.48
office,99470,2202.55,Bagmati,Bhaktapur,Bhaktapur Municipality,7,0,unfurnished,True,16,,False,2,False,5,48.2
room,41905,481.86,Bagmati,Lalitpur,Lalitpur Metropolitan City,25,2,fully-furnished,True,20,1bhk,False,4,False,14,64.56
home,9407232,1471.29,Koshi,Morang,Biratnagar Metropolitan City,13,4,fully-furnished,False,30,,False,1,False,21,69.19
home,28926797,1596.28,Sudurpashchim,Kailali,Dhangadhi Sub-Metropolitan City,24,5,fully-furnished,False,16,,False,3,False,28,61.15
room,23690,428.27,Bagmati,Bhaktapur,Bhaktapur Municipality,16,1,unfurnished,True,13,double,False,4,False,21,42.63
land,35344984,4593.31,Bagmati,Bhaktapur,Bhaktapur Municipality,30,0,,False,13,,False,0,False,0,52.08
land,39200256,3629.67,Sudurpashchim,Kailali,Dhangadhi Sub-Metropolitan City,5,0,,False,30,,False,0,False,0,56.35
office,99266,2875.85,Bagmati,Chitwan,Bharatpur Metropolitan City,28,0,fully-furnished,True,30,,False,4,True,9,70.17
room,38279,241.83,Sudurpashchim,Kailali,Dhangadhi Sub-Metropolitan City,14,1,semi-furnished,False,16,1bhk,True,3,False,10,22.53
room,16243,248.15,Bagmati,Lalitpur,Lalitpur Metropolitan City,4,1,semi-furnished,False,0,double,True,5,False,14,37.55
land,3535042,1237.77,Gandaki,Kaski,Pokhara Metropolitan City,31,0,,False,25,,False,0,False,0,63.72
home,36884482,4790.55,Lumbini,Rupandehi,Butwal Sub-Metropolitan City,11,4,semi-furnished,True,0,,False,3,False,8,50.0
home,31168156,3540.39,Koshi,Morang,Biratnagar Metropolitan City,31,2,fully-furnished,True,0,,False,4,False,5,58.68
land,21700426,4257.31,Bagmati,Bhaktapur,Bhaktapur Municipality,4,0,,False,10,,False,0,False,0,46.95
room,11396,539.97,Gandaki,Kaski,Pokhara Metropolitan City,19,1,unfurnished,False,16,studio,True,5,False,26,36.28
land,27478936,1165.85,Koshi,Jhapa,Birtamode Municipality,31,0,,False,25,,False,0,False,0,56.59
room,37835,462.37,Koshi,Jhapa,Birtamode Municipality,26,2,semi-furnished,True,20,1bhk,False,5,False,27,52.1
home,6078961,4071.71,Gandaki,Kaski,Pokhara Metropolitan City,19,1,unfurnished,False,10,,False,2,False,18,57.43
office,80148,1222.5,Bagmati,Bhaktapur,Bhaktapur Municipality,24,0,unfurnished,True,25,,False,3,True,5,47.8
room,8870,985.67,Bagmati,Lalitpur,Lalitpur Metropolitan City,16,2,fully-furnished,False,13,studio,True,4,False,1,67.71
room,46452,809.73,Bagmati,Lalitpur,Lalitpur Metropolitan City,32,0,fully-furnished,False,0,2bhk,True,1,False,2,62.24
home,38817456,837.44,Koshi,Jhapa,Birtamode Municipality,27,1,fully-furnished,False,13,,False,2,False,16,60.88
room,21323,877.17,Lumbini,Rupandehi,Butwal Sub-Metropolitan City,30,1,semi-furnished,False,20,1bhk,True,3,False,15,58.91
home,32039480,1991.49,Bagmati,Lalitpur,Lalitpur Metropolitan City,7,4,unfurnished,True,30,,False,3,False,24,89.88
office,108968,4309.4,Gandaki,Kaski,Pokhara Metropolitan City,25,0,fully-furnished,True,0,,False,4,True,31,53.21
office,122063,2014.88,Bagmati,Bhaktapur,Bhaktapur Municipality,28,0,unfurnished,True,13,,False,7,False,16,43.09
office,25163,1663.46,Bagmati,Bhaktapur,Bhaktapur Municipality,9,0,fully-furnished,True,0,,False,7,True,5,58.45
office,97231,1802.26,Bagmati,Chitwan,Bharatpur Metropolitan City,2,0,fully-furnished,False,13,,False,4,True,31,48.72
office,135226,3729.28,Bagmati,Lalitpur,Lalitpur Metropolitan City,13,0,unfurnished,True,10,,False,6,False,13,42.1
home,8906568,1175.52,Koshi,Jhapa,Birtamode Municipality,1,1,unfurnished,True,20,,False,1,False,33,44.84
land,3238337,2940.48,Gandaki,Kaski,Pokhara Metropolitan City,29,0,,False,30,,False,0,False,0,73.16
land,18478053,2964.93,Bagmati,Chitwan,Bharatpur Metropolitan City,12,0,,False,13,,False,0,False,0,40.9
land,43274490,3038.15,Bagmati,Chitwan,Bharatpur Metropolitan City,22,0,,False,30,,False,0,False,0,71.69
land,20616889,912.29,Bagmati,Bhaktapur,Bhaktapur Municipality,15,0,,False,25,,False,0,False,0,62.75
office,51777,2296.08,Gandaki,Kaski,Pokhara Metropolitan City,27,0,semi-furnished,False,10,,False,1,True,8,37.32
office,148993,1939.31,Bagmati,Bhaktapur,Bhaktapur Municipality,5,0,unfurnished,False,30,,False,8,False,29,46.8
room,13785,166.29,Bagmati,Kathmandu,Kathmandu Metropolitan City,15,0,semi-furnished,True,10,single,False,4,False,29,9.55
office,32407,4900.04,Gandaki,Kaski,Pokhara Metropolitan City,19,0,unfurnished,True,25,,False,5,True,27,52.02
office,66658,3747.2,Gandaki,Kaski,Pokhara Metropolitan City,27,0,unfurnished,True,30,,False,2,False,31,56.58
office,82746,2692.71,Koshi,Jhapa,Birtamode Municipality,7,0,semi-furnished,True,25,,False,4,False,15,44.03
room,33985,179.0,Koshi,Jhapa,Birtamode Municipality,2,1,semi-furnished,False,10,1bhk,True,2,False,13,28.96
office,110587,2719.2,Koshi,Jhapa,Birtamode Municipality,29,0,unfurnished,True,20,,False,4,False,25,56.32
office,92128,1094.34,Bagmati,Lalitpur,Lalitpur Metropolitan City,21,0,unfurnished,True,16,,False,5,True,20,44.46
land,44774387,2090.87,Sudurpashchim,Kailali,Dhangadhi Sub-Metropolitan City,9,0,,False,16,,False,0,False,0,38.65
office,147733,2339.02,Lumbini,Rupandehi,Butwal Sub-Metropolitan City,10,0,unfurnished,False,16,,False,5,True,35,51.37
room,12747,385.38,Gandaki,Kaski,Pokhara Metropolitan City,2,1,fully-furnished,False,0,studio,False,4,False,17,53.83
land,26654505,3237.99,Gandaki,Kaski,Pokhara Metropolitan City,9,0,,False,30,,False,0,False,0,61.54
room,36927,580.94,Koshi,Jhapa,Birtamode Municipality,6,0,unfurnished,True,13,1bhk,False,1,False,1,47.59
land,15323581,3789.12,Koshi,Morang,Biratnagar Metropolitan City,1,0,,False,13,,False,0,False,0,57.85
home,37968927,3156.95,Bagmati,Chitwan,Bharatpur Metropolitan City,29,3,unfurnished,False,0,,False,2,False,1,46.99
home,15061329,1318.66,Bagmati,Bhaktapur,Bhaktapur Municipality,2,3,unfurnished,True,0,,False,4,False,40,42.52
office,118859,1103.3,Bagmati,Kathmandu,Kathmandu Metropolitan City,18,0,fully-furnished,False,25,,False,6,True,11,76.02
home,19147931,2513.91,Bagmati,Bhaktapur,Bhaktapur Municipality,13,1,unfurnished,True,16,,False,2,False,2,77.66
office,37839,393.12,Bagmati,Kathmandu,Kathmandu Metropolitan City,13,0,semi-furnished,True,16,,False,7,True,16,52.74
room,49619,522.62,Lumbini,Rupandehi,Butwal Sub-Metropolitan City,16,1,fully-furnished,False,16,2bhk,True,3,False,9,46.11
room,40508,710.46,Koshi,Jhapa,Birtamode Municipality,27,1,fully-furnished,False,20,studio,True,3,False,20,66.42
room,29646,296.98,Bagmati,Chitwan,Bharatpur Metropolitan City,24,0,semi-furnished,False,16,1bhk,False,3,False,29,25.73
home,24909424,2928.04,Sudurpashchim,Kailali,Dhangadhi Sub-Metropolitan City,18,5,unfurnished,True,25,,False,3,False,35,56.23
home,19484395,4294.92,Koshi,Jhapa,Birtamode Municipality,27,4,semi-furnished,False,20,,False,3,False,15,63.19
land,38200271,2732.88,Bagmati,Bhaktapur,Bhaktapur Municipality,30,0,,False,16,,False,0,False,0,66.58
room,34772,243.16,Bagmati,Kathmandu,Kathmandu Metropolitan City,16,1,unfurnished,False,13,double,False,5,False,22,38.67
land,23508574,802.25,Koshi,Morang,Biratnagar Metropolitan City,23,0,,False,13,,False,0,False,0,52.02
room,42865,636.29,Bagmati,Kathmandu,Kathmandu Metropolitan City,3,1,semi-furnished,False,10,2bhk,True,1,False,14,52.03
room,47551,925.99,Gandaki,Kaski,Pokhara Metropolitan City,12,1,unfurnished,True,16,studio,True,4,False,29,45.82
room,30633,671.44,Bagmati,Bhaktapur,Bhaktapur Municipality,18,0,fully-furnished,True,0,studio,True,3,False,17,49.39
land,11902343,865.34,Koshi,Morang,Biratnagar Metropolitan City,23,0,,False,25,,False,0,False,0,32.48
room,20123,120.84,Bagmati,Kathmandu,Kathmandu Metropolitan City,22,0,semi-furnished,True,13,double,True,2,False,29,26.1
room,40209,841.93,Lumbini,Rupandehi,Butwal Sub-Metropolitan City,15,1,fully-furnished,True,0,single,True,2,False,21,46.68
land,14198444,4973.16,Koshi,Morang,Biratnagar Metropolitan City,18,0,,False,16,,False,0,False,0,36.43
home,14998357,4231.88,Koshi,Morang,Biratnagar Metropolitan City,30,5,semi-furnished,False,10,,False,3,False,7,65.65
room,20611,301.1,Bagmati,Kathmandu,Kathmandu Metropolitan City,32,1,semi-furnished,False,13,single,False,4,False,1,45.63
home,36986531,1193.82,Bagmati,Lalitpur,Lalitpur Metropolitan City,21,3,semi-furnished,False,13,,False,2,False,29,76.02
office,91279,2527.36,Bagmati,Kathmandu,Kathmandu Metropolitan City,9,0,fully-furnished,False,16,,False,4,True,28,69.46
office,38402,4989.13,Bagmati,Chitwan,Bharatpur Metropolitan City,7,0,fully-furnished,False,30,,False,8,False,27,41.92
office,42780,4449.96,Bagmati,Bhaktapur,Bhaktapur Municipality,17,0,semi-furnished,True,20,,False,5,True,32,44.76
office,101452,366.34,Lumbini,Rupandehi,Butwal Sub-Metropolitan City,11,0,fully-furnished,False,20,,False,4,True,38,44.63
home,20761950,4118.42,Koshi,Jhapa,Birtamode Municipality,2,5,unfurnished,False,0,,False,4,False,31,38.08
room,29622,129.24,Bagmati,Kathmandu,Kathmandu Metropolitan City,22,1,fully-furnished,False,16,double,True,2,False,30,37.88
room,42800,845.01,Gandaki,Kaski,Pokhara Metropolitan City,15,0,semi-furnished,False,0,2bhk,False,2,False,1,36.68
room,32003,460.66,Bagmati,Bhaktapur,Bhaktapur Municipality,16,0,unfurnished,True,20,double,True,1,False,7,36.25
home,29903122,2319.61,Bagmati,Chitwan,Bharatpur Metropolitan City,31,4,semi-furnished,False,10,,False,1,False,7,67.62
room,49203,773.64,Koshi,Morang,Biratnagar Metropolitan City,2,1,fully-furnished,True,20,2bhk,True,3,False,7,65.86
room,13541,923.82,Koshi,Jhapa,Birtamode Municipality,15,0,unfurnished,True,20,studio,False,1,False,21,27.43
room,46308,467.2,Bagmati,Lalitpur,Lalitpur Metropolitan City,2,0,unfurnished,False,20,double,False,3,False,25,46.47
office,86746,4329.0,Bagmati,Lalitpur,Lalitpur Metropolitan City,14,0,fully-furnished,False,10,,False,2,True,32,41.74
home,44842796,1458.27,Lumbini,Rupandehi,Butwal Sub-Metropolitan City,10,5,fully-furnished,False,20,,False,1,False,20,73.95
home,37483803,2627.63,Lumbini,Rupandehi,Butwal Sub-Metropolitan City,30,1,fully-furnished,False,10,,False,4,False,31,61.84
office,97969,1927.41,Bagmati,Kathmandu,Kathmandu Metropolitan City,19,0,unfurnished,True,13,,False,4,True,16,51.31
room,19637,109.32,Bagmati,Chitwan,Bharatpur Metropolitan City,4,0,fully-furnished,False,20,double,False,5,False,19,29.29
home,8710463,3479.4,Bagmati,Kathmandu,Kathmandu Metropolitan City,20,2,unfurnished,False,20,,False,4,False,28,52.2
land,6189287,3488.87,Koshi,Jhapa,Birtamode Municipality,16,0,,False,13,,False,0,False,0,41.4
home,35818955,2513.97,Bagmati,Kathmandu,Kathmandu Metropolitan City,18,3,semi-furnished,True,20,,False,2,False,15,70.92
land,19346841,1024.72,Koshi,Jhapa,Birtamode Municipality,3,0,,False,30,,False,0,False,0,49.39
home,8252644,1524.6,Sudurpashchim,Kailali,Dhangadhi Sub-Metropolitan City,29,3,fully-furnished,True,10,,False,3,False,24,57.67
land,3196092,1386.64,Bagmati,Kathmandu,Kathmandu Metropolitan City,20,0,,False,0,,False,0,False,0,33.0
home,16664367,4143.6,Gandaki,Kaski,Pokhara Metropolitan City,24,1,unfurnished,True,25,,False,1,False,24,53.16
land,3606502,1655.73,Sudurpashchim,Kailali,Dhangadhi Sub-Metropolitan City,27,0,,False,10,,False,0,False,0,39.74
land,28526575,4958.54,Sudurpashchim,Kailali,Dhangadhi Sub-Metropolitan City,31,0,,False,20,,False,0,False,0,44.19
office,76152,3345.68,Bagmati,Kathmandu,Kathmandu Metropolitan City,20,0,semi-furnished,True,0,,False,1,True,22,41.31
land,9692307,3704.62,Bagmati,Bhaktapur,Bhaktapur Municipality,17,0,,False,30,,False,0,False,0,57.76
office,76846,2446.73,Bagmati,Kathmandu,Kathmandu Metropolitan City,1,0,fully-furnished,False,20,,False,6,True,34,58.08
land,3430822,1631.77,Koshi,Morang,Biratnagar Metropolitan City,12,0,,False,20,,False,0,False,0,58.38
land,42201026,4493.26,Koshi,Morang,Biratnagar Metropolitan City,8,0,,False,30,,False,0,False,0,50.19
room,31813,425.63,Bagmati,Lalitpur,Lalitpur Metropolitan City,20,2,unfurnished,False,10,1bhk,False,3,False,10,30.41
land,36454862,2650.13,Koshi,Jhapa,Birtamode Municipality,12,0,,False,0,,False,0,False,0,29.92
office,126283,3751.5,Gandaki,Kaski,Pokhara Metropolitan City,29,0,fully-furnished,False,30,,False,3,False,15,57.34
office,72654,932.02,Koshi,Morang,Biratnagar Metropolitan City,7,0,semi-furnished,False,20,,False,4,True,23,43.73
office,45637,2456.2,Koshi,Morang,Biratnagar Metropolitan City,14,0,unfurnished,False,25,,False,5,True,10,40.6
home,9620280,3602.31,Bagmati,Bhaktapur,Bhaktapur Municipality,19,3,semi-furnished,False,16,,False,2,False,31,44.66
home,12412173,803.56,Koshi,Jhapa,Birtamode Municipality,14,1,semi-furnished,False,30,,False,1,False,19,54.21
land,37316701,1497.95,Bagmati,Bhaktapur,Bhaktapur Municipality,24,0,,False,10,,False,0,False,0,52.43
office,140990,1273.88,Bagmati,Lalitpur,Lalitpur Metropolitan City,27,0,semi-furnished,False,16,,False,1,False,24,52.28
office,138278,3087.83,Koshi,Morang,Biratnagar Metropolitan City,25,0,semi-furnished,True,10,,False,7,True,0,45.26
room,47541,537.78,Bagmati,Kathmandu,Kathmandu Metropolitan City,15,1,semi-furnished,True,0,shared,True,2,False,24,38.6
home,30722946,4727.18,Bagmati,Lalitpur,Lalitpur Metropolitan City,31,3,unfurnished,True,13,,False,1,False,2,56.32
land,49009249,3894.16,Bagmati,Chitwan,Bharatpur Metropolitan City,25,0,,False,10,,False,0,False,0,45.98
land,37464628,1432.46,Bagmati,Lalitpur,Lalitpur Metropolitan City,29,0,,False,10,,False,0,False,0,45.63
office,22676,2737.39,Bagmati,Chitwan,Bharatpur Metropolitan City,8,0,fully-furnished,True,16,,False,7,True,30,50.52
office,82529,4213.36,Koshi,Morang,Biratnagar Metropolitan City,17,0,semi-furnished,False,20,,False,1,False,10,29.44
land,21734066,1234.23,Bagmati,Bhaktapur,Bhaktapur Municipality,32,0,,False,20,,False,0,False,0,52.9
room,14220,420.35,Koshi,Jhapa,Birtamode Municipality,27,0,fully-furnished,False,0,studio,True,3,False,13,36.27
land,9316177,1560.5,Gandaki,Kaski,Pokhara Metropolitan City,27,0,,False,10,,False,0,False,0,52.53
room,19665,503.77,Lumbini,Rupandehi,Butwal Sub-Metropolitan City,23,2,fully-furnished,False,20,shared,False,2,False,15,74.01
land,17177361,3168.02,Sudurpashchim,Kailali,Dhangadhi Sub-Metropolitan City,6,0,,False,20,,False,0,False,0,50.86
office,34919,3579.19,Bagmati,Kathmandu,Kathmandu Metropolitan City,11,0,fully-furnished,True,16,,False,2,False,31,43.71
home,19884973,1282.66,Koshi,Morang,Biratnagar Metropolitan City,11,2,semi-furnished,True,30,,False,2,False,4,73.65
room,10975,620.56,Lumbini,Rupandehi,Butwal Sub-Metropolitan City,18,1,unfurnished,True,10,studio,True,5,False,11,24.0
room,30396,553.17,Bagmati,Chitwan,Bharatpur Metropolitan City,22,2,fully-furnished,True,10,studio,False,2,False,19,46.12
home,27952959,4064.22,Bagmati,Bhaktapur,Bhaktapur Municipality,21,1,semi-furnished,False,0,,False,2,False,20,39.06
land,31250941,4277.91,Sudurpashchim,Kailali,Dhangadhi Sub-Metropolitan City,17,0,,False,10,,False,0,False,0,49.74
home,7504681,2504.43,Bagmati,Lalitpur,Lalitpur Metropolitan City,13,1,unfurnished,False,10,,False,3,False,22,45.28
land,40235938,3810.31,Bagmati,Chitwan,Bharatpur Metropolitan City,14,0,,False,13,,False,0,False,0,46.82
home,19604771,2118.6,Koshi,Morang,Biratnagar Metropolitan City,7,1,unfurnished,True,0,,False,4,False,38,34.14
room,36091,685.55,Koshi,Jhapa,Birtamode Municipality,3,1,semi-furnished,False,10,2bhk,False,1,False,17,49.57
land,15628712,2778.86,Bagmati,Bhaktapur,Bhaktapur Municipality,30,0,,False,13,,False,0,False,0,47.54
office,28721,2688.64,Bagmati,Lalitpur,Lalitpur Metropolitan City,26,0,fully-furnished,True,20,,False,8,True,27,69.13
land,11121775,3677.37,Lumbini,Rupandehi,Butwal Sub-Metropolitan City,31,0,,False,16,,False,0,False,0,56.18
room,19813,735.71,Gandaki,Kaski,Pokhara Metropolitan City,1,1,fully-furnished,True,10,2bhk,False,1,False,22,51.47
home,21484188,2529.54,Sudurpashchim,Kailali,Dhangadhi Sub-Metropolitan City,4,2,unfurnished,True,16,,False,3,False,19,55.5
land,23804008,3489.9,Bagmati,Kathmandu,Kathmandu Metropolitan City,7,0,,False,13,,False,0,False,0,57.48
home,42094216,3995.27,Bagmati,Chitwan,Bharatpur Metropolitan City,19,3,fully-furnished,True,10,,False,3,False,15,48.01
land,26557713,2588.64,Koshi,Morang,Biratnagar Metropolitan City,20,0,,False,25,,False,0,False,0,52.38
land,25572941,3526.69,Bagmati,Lalitpur,Lalitpur Metropolitan City,28,0,,False,16,,False,0,False,0,61.31
land,36218404,1143.12,Bagmati,Chitwan,Bharatpur Metropolitan City,19,0,,False,13,,False,0,False,0,49.81
land,24469400,2710.07,Gandaki,Kaski,Pokhara Metropolitan City,13,0,,False,13,,False,0,False,0,40.1
room,49512,991.11,Bagmati,Bhaktapur,Bhaktapur Municipality,21,0,unfurnished,True,16,single,True,1,False,20,42.7
room,25509,387.57,Gandaki,Kaski,Pokhara Metropolitan City,25,1,unfurnished,True,0,2bhk,True,2,False,15,49.5
office,142754,3040.5,Koshi,Jhapa,Birtamode Municipality,28,0,semi-furnished,True,30,,False,3,False,14,64.11
office,32172,2972.8,Gandaki,Kaski,Pokhara Metropolitan City,6,0,fully-furnished,True,20,,False,1,True,19,57.04
room,32808,364.65,Bagmati,Bhaktapur,Bhaktapur Municipality,10,2,unfurnished,True,20,2bhk,True,3,False,13,55.92
home,41158118,3633.09,Gandaki,Kaski,Pokhara Metropolitan City,20,5,fully-furnished,True,13,,False,2,False,30,66.54
land,44090357,2575.57,Koshi,Morang,Biratnagar Metropolitan City,25,0,,False,13,,False,0,False,0,33.74
office,43033,4116.1,Bagmati,Kathmandu,Kathmandu Metropolitan City,24,0,semi-furnished,True,25,,False,3,False,39,43.15
room,25628,118.74,Bagmati,Bhaktapur,Bhaktapur Municipality,22,1,semi-furnished,True,20,shared,True,5,False,20,45.57
room,39431,891.22,Sudurpashchim,Kailali,Dhangadhi Sub-Metropolitan City,18,0,fully-furnished,False,20,studio,False,3,False,6,47.47
land,6006582,2440.89,Koshi,Morang,Biratnagar Metropolitan City,31,0,,False,13,,False,0,False,0,44.53
land,42722935,719.48,Lumbini,Rupandehi,Butwal Sub-Metropolitan City,13,0,,False,30,,False,0,False,0,56.52
room,37840,595.43,Koshi,Morang,Biratnagar Metropolitan City,9,1,semi-furnished,False,20,2bhk,False,4,False,16,59.84
office,100123,3068.5,Koshi,Jhapa,Birtamode Municipality,29,0,unfurnished,False,16,,False,1,False,6,53.5
land,8704490,3212.24,Lumbini,Rupandehi,Butwal Sub-Metropolitan City,28,0,,False,30,,False,0,False,0,76.57
office,146271,679.73,Bagmati,Chitwan,Bharatpur Metropolitan City,6,0,fully-furnished,False,30,,False,8,True,21,53.21
office,115406,2268.51,Koshi,Jhapa,Birtamode Municipality,23,0,semi-furnished,True,25,,False,6,True,34,47.79
office,70378,3525.26,Sudurpashchim,Kailali,Dhangadhi Sub-Metropolitan City,2,0,semi-furnished,False,13,,False,3,True,18,26.78
room,29473,617.94,Gandaki,Kaski,Pokhara Metropolitan City,28,0,semi-furnished,False,0,2bhk,False,4,False,13,48.38
office,37788,1761.07,Gandaki,Kaski,Pokhara Metropolitan City,22,0,unfurnished,False,10,,False,7,True,30,25.17
home,13346439,4166.46,Sudurpashchim,Kailali,Dhangadhi Sub-Metropolitan City,22,3,fully-furnished,True,13,,False,1,False,15,61.56
room,19300,485.05,Sudurpashchim,Kailali,Dhangadhi Sub-Metropolitan City,32,2,semi-furnished,True,16,double,False,5,False,7,33.44
land,37369732,1542.21,Koshi,Jhapa,Birtamode Municipality,25,0,,False,13,,False,0,False,0,42.2
land,8332898,793.46,Gandaki,Kaski,Pokhara Metropolitan City,6,0,,False,30,,False,0,False,0,54.09
office,31017,3125.09,Bagmati,Bhaktapur,Bhaktapur Municipality,25,0,unfurnished,True,0,,False,5,False,9,30.32
office,119481,2763.65,Lumbini,Rupandehi,Butwal Sub-Metropolitan City,23,0,semi-furnished,True,10,,False,7,False,26,33.45
land,17470815,3913.64,Bagmati,Bhaktapur,Bhaktapur Municipality,13,0,,False,13,,False,0,False,0,44.33
room,24919,665.98,Bagmati,Chitwan,Bharatpur Metropolitan City,14,2,unfurnished,False,10,double,True,5,False,2,51.23
home,33298394,2357.29,Bagmati,Bhaktapur,Bhaktapur Municipality,15,1,semi-furnished,True,16,,False,2,False,7,56.01
room,38211,879.75,Lumbini,Rupandehi,Butwal Sub-Metropolitan City,18,2,semi-furnished,True,16,double,False,2,False,30,47.09
office,86773,3574.12,Koshi,Jhapa,Birtamode Municipality,21,0,unfurnished,False,30,,False,8,False,31,45.34
room,26694,685.06,Koshi,Morang,Biratnagar Metropolitan City,19,1,fully-furnished,False,10,studio,False,3,False,28,35.36
home,33178446,2435.03,Bagmati,Kathmandu,Kathmandu Metropolitan City,31,5,semi-furnished,False,0,,False,3,False,9,59.21
office,30553,2496.06,Bagmati,Kathmandu,Kathmandu Metropolitan City,27,0,semi-furnished,False,13,,False,4,False,5,50.9
room,21628,789.88,Bagmati,Lalitpur,Lalitpur Metropolitan City,31,0,unfurnished,True,0,2bhk,True,5,False,27,42.89
land,26962450,2302.18,Bagmati,Chitwan,Bharatpur Metropolitan City,27,0,,False,25,,False,0,False,0,57.66
home,22675908,3928.43,Sudurpashchim,Kailali,Dhangadhi Sub-Metropolitan City,16,3,fully-furnished,False,25,,False,4,False,23,58.01
room,16528,922.41,Gandaki,Kaski,Pokhara Metropolitan City,12,2,semi-furnished,True,0,single,False,4,False,0,54.14
land,23647043,3863.13,Bagmati,Lalitpur,Lalitpur Metropolitan City,4,0,,False,20,,False,0,False,0,46.1
office,110365,669.72,Koshi,Morang,Biratnagar Metropolitan City,5,0,unfurnished,False,30,,False,6,True,5,57.63
land,33052826,2860.24,Sudurpashchim,Kailali,Dhangadhi Sub-Metropolitan City,21,0,,False,30,,False,0,False,0,57.92
office,115704,659.55,Bagmati,Chitwan,Bharatpur Metropolitan City,28,0,semi-furnished,False,16,,False,7,True,32,36.19
office,80497,1619.12,Koshi,Jhapa,Birtamode Municipality,1,0,unfurnished,False,16,,False,7,True,39,23.79
room,30484,431.97,Bagmati,Kathmandu,Kathmandu Metropolitan City,9,1,fully-furnished,True,13,2bhk,True,2,False,22,45.5
land,15477941,3169.28,Gandaki,Kaski,Pokhara Metropolitan City,12,0,,False,16,,False,0,False,0,57.74
room,39534,383.99,Koshi,Jhapa,Birtamode Municipality,2,1,unfurnished,False,10,double,True,3,False,1,48.81
land,38697494,4465.38,Koshi,Morang,Biratnagar Metropolitan City,14,0,,False,16,,False,0,False,0,42.47
land,33270609,2783.58,Koshi,Jhapa,Birtamode Municipality,20,0,,False,30,,False,0,False,0,59.24
home,38577431,1863.99,Gandaki,Kaski,Pokhara Metropolitan City,6,3,fully-furnished,False,16,,False,3,False,19,51.72
land,20613098,2107.45,Bagmati,Bhaktapur,Bhaktapur Municipality,13,0,,False,13,,False,0,False,0,46.36
land,18161915,4640.19,Bagmati,Lalitpur,Lalitpur Metropolitan City,11,0,,False,30,,False,0,False,0,60.12
office,30759,4240.02,Sudurpashchim,Kailali,Dhangadhi Sub-Metropolitan City,15,0,unfurnished,False,16,,False,5,False,30,19.42
land,16660396,1087.74,Bagmati,Chitwan,Bharatpur Metropolitan City,14,0,,False,13,,False,0,False,0,41.31
home,39501789,1393.69,Bagmati,Lalitpur,Lalitpur Metropolitan City,1,3,fully-furnished,False,16,,False,3,False,34,61.15
room,42552,955.78,Bagmati,Lalitpur,Lalitpur Metropolitan City,14,1,unfurnished,True,0,studio,False,3,False,28,37.38
room,44306,925.01,Bagmati,Kathmandu,Kathmandu Metropolitan City,5,2,semi-furnished,False,20,single,False,4,False,11,55.27
home,11516329,4758.35,Bagmati,Bhaktapur,Bhaktapur Municipality,14,5,fully-furnished,False,20,,False,1,False,35,44.91
land,7364133,4830.22,Bagmati,Kathmandu,Kathmandu Metropolitan City,13,0,,False,30,,False,0,False,0,42.66
office,112219,1517.84,Bagmati,Chitwan,Bharatpur Metropolitan City,13,0,unfurnished,True,13,,False,3,True,38,35.12
office,131016,4896.95,Koshi,Morang,Biratnagar Metropolitan City,16,0,fully-furnished,True,10,,False,2,False,9,53.46
home,10848942,1180.85,Lumbini,Rupandehi,Butwal Sub-Metropolitan City,19,3,unfurnished,False,0,,False,2,False,15,24.2
room,11537,426.2,Bagmati,Lalitpur,Lalitpur Metropolitan City,23,0,semi-furnished,True,0,double,True,3,False,9,35.96
office,108043,2804.27,Bagmati,Kathmandu,Kathmandu Metropolitan City,29,0,unfurnished,True,0,,False,7,False,39,26.34
room,34658,387.79,Sudurpashchim,Kailali,Dhangadhi Sub-Metropolitan City,21,2,fully-furnished,False,13,shared,True,5,False,23,51.83
land,44196427,2448.42,Bagmati,Bhaktapur,Bhaktapur Municipality,10,0,,False,30,,False,0,False,0,57.99
room,28105,149.57,Bagmati,Chitwan,Bharatpur Metropolitan City,10,0,unfurnished,True,0,studio,True,4,False,20,19.87
land,38328541,953.16,Koshi,Jhapa,Birtamode Municipality,2,0,,False,25,,False,0,False,0,54.82
home,13287803,1362.79,Bagmati,Bhaktapur,Bhaktapur Municipality,17,4,unfurnished,True,16,,False,2,False,9,47.76
office,72705,4660.99,Bagmati,Lalitpur,Lalitpur Metropolitan City,23,0,fully-furnished,False,30,,False,7,True,1,73.17
home,10794870,2885.59,Sudurpashchim,Kailali,Dhangadhi Sub-Metropolitan City,18,1,fully-furnished,False,20,,False,2,False,8,63.81
office,92255,3872.3,Koshi,Morang,Biratnagar Metropolitan City,9,0,unfurnished,False,0,,False,4,True,9,38.93
land,20940304,4625.34,Bagmati,Kathmandu,Kathmandu Metropolitan City,30,0,,False,20,,False,0,False,0,91.1
office,45083,1494.22,Koshi,Morang,Biratnagar Metropolitan City,9,0,unfurnished,False,0,,False,3,False,5,17.26
room,10929,910.87,Bagmati,Chitwan,Bharatpur Metropolitan City,12,1,unfurnished,True,10,2bhk,False,1,False,25,47.84
land,14643556,3075.4,Koshi,Jhapa,Birtamode Municipality,19,0,,False,30,,False,0,False,0,51.47
room,31502,476.66,Bagmati,Bhaktapur,Bhaktapur Municipality,1,1,semi-furnished,False,16,studio,False,1,False,22,41.7
room,46300,671.11,Bagmati,Kathmandu,Kathmandu Metropolitan City,6,1,semi-furnished,False,13,double,True,1,False,28,45.33
room,16817,488.27,Koshi,Jhapa,Birtamode Municipality,23,1,unfurnished,False,20,1bhk,False,4,False,11,31.95
home,49224868,1665.22,Koshi,Jhapa,Birtamode Municipality,5,1,semi-furnished,True,10,,False,1,False,5,52.98
home,23753048,838.31,Bagmati,Lalitpur,Lalitpur Metropolitan City,25,4,unfurnished,False,25,,False,4,False,5,75.54
home,13137164,1670.72,Bagmati,Kathmandu,Kathmandu Metropolitan City,2,3,unfurnished,False,25,,False,2,False,35,49.51
room,15997,166.08,Bagmati,Bhaktapur,Bhaktapur Municipality,20,1,semi-furnished,True,13,double,False,4,False,4,43.49
home,32436746,4507.36,Sudurpashchim,Kailali,Dhangadhi Sub-Metropolitan City,23,4,fully-furnished,True,30,,False,3,False,14,70.17
office,92953,336.78,Bagmati,Bhaktapur,Bhaktapur Municipality,32,0,semi-furnished,False,30,,False,7,False,24,33.16
home,49454775,4052.05,Bagmati,Bhaktapur,Bhaktapur Municipality,24,5,unfurnished,True,30,,False,2,False,33,63.47
land,13352375,2965.85,Bagmati,Bhaktapur,Bhaktapur Municipality,8,0,,False,10,,False,0,False,0,59.25
home,39222382,2634.52,Koshi,Morang,Biratnagar Metropolitan City,3,5,semi-furnished,False,20,,False,3,False,27,58.82
office,100060,2661.19,Lumbini,Rupandehi,Butwal Sub-Metropolitan City,32,0,semi-furnished,False,13,,False,4,False,17,46.37
room,13200,401.25,Bagmati,Chitwan,Bharatpur Metropolitan City,31,1,semi-furnished,True,0,studio,False,3,False,21,23.74
home,35692507,1953.06,Koshi,Morang,Biratnagar Metropolitan City,32,3,fully-furnished,True,25,,False,3,False,33,76.08
home,13073218,2663.8,Koshi,Jhapa,Birtamode Municipality,28,1,unfurnished,False,16,,False,3,False,21,52.66
room,28859,420.03,Gandaki,Kaski,Pokhara Metropolitan City,27,0,semi-furnished,False,13,single,False,4,False,16,55.24
home,8343388,4636.76,Koshi,Jhapa,Birtamode Municipality,1,5,fully-furnished,False,25,,False,2,False,3,72.67
office,31254,4234.48,Bagmati,Lalitpur,Lalitpur Metropolitan City,13,0,unfurnished,False,20,,False,8,True,11,50.1
home,41336106,3002.17,Bagmati,Chitwan,Bharatpur Metropolitan City,9,2,semi-furnished,True,16,,False,4,False,26,58.86
land,49584144,2574.34,Sudurpashchim,Kailali,Dhangadhi Sub-Metropolitan City,17,0,,False,0,,False,0,False,0,50.03
land,16688951,734.86,Bagmati,Lalitpur,Lalitpur Metropolitan City,18,0,,False,10,,False,0,False,0,44.93
land,25390462,4305.57,Bagmati,Chitwan,Bharatpur Metropolitan City,5,0,,False,30,,False,0,False,0,62.86
office,135493,2061.22,Gandaki,Kaski,Pokhara Metropolitan City,16,0,unfurnished,False,16,,False,8,True,22,40.02
room,9033,475.15,Koshi,Morang,Biratnagar Metropolitan City,18,1,fully-furnished,True,16,single,False,4,False,27,41.41
office,26301,2630.13,Bagmati,Chitwan,Bharatpur Metropolitan City,9,0,unfurnished,False,25,,False,4,False,19,42.94
land,26422615,3755.57,Bagmati,Lalitpur,Lalitpur Metropolitan City,10,0,,False,16,,False,0,False,0,55.89
home,16456321,3899.02,Lumbini,Rupandehi,Butwal Sub-Metropolitan City,24,1,semi-furnished,False,25,,False,2,False,35,53.75
land,24476554,2652.15,Gandaki,Kaski,Pokhara Metropolitan City,32,0,,False,20,,False,0,False,0,58.33
land,30969967,2360.99,Bagmati,Bhaktapur,Bhaktapur Municipality,11,0,,False,13,,False,0,False,0,65.37
room,41554,529.92,Gandaki,Kaski,Pokhara Metropolitan City,26,1,semi-furnished,False,0,studio,True,4,False,26,44.46
land,7340204,3310.74,Koshi,Morang,Biratnagar Metropolitan City,7,0,,False,16,,False,0,False,0,55.08
room,45525,161.67,Lumbini,Rupandehi,Butwal Sub-Metropolitan City,24,1,semi-furnished,True,13,1bhk,True,3,False,6,35.18
office,43310,3213.59,Bagmati,Lalitpur,Lalitpur Metropolitan City,18,0,unfurnished,True,20,,False,6,False,17,37.4
office,122253,1947.37,Lumbini,Rupandehi,Butwal Sub-Metropolitan City,28,0,semi-furnished,True,16,,False,1,False,20,55.05
room,28048,674.78,Bagmati,Chitwan,Bharatpur Metropolitan City,14,1,semi-furnished,False,16,single,False,4,False,25,46.77
home,22826227,4286.29,Bagmati,Bhaktapur,Bhaktapur Municipality,1,5,fully-furnished,False,16,,False,2,False,19,81.78
room,38396,423.95,Bagmati,Lalitpur,Lalitpur Metropolitan City,14,2,fully-furnished,True,0,single,True,3,False,20,42.03
office,120466,4336.4,Bagmati,Chitwan,Bharatpur Metropolitan City,30,0,semi-furnished,False,10,,False,2,False,34,32.57
home,29513687,2280.07,Lumbini,Rupandehi,Butwal Sub-Metropolitan City,12,4,unfurnished,False,16,,False,3,False,6,49.57
room,49541,683.34,Gandaki,Kaski,Pokhara Metropolitan City,18,2,semi-furnished,True,16,1bhk,False,3,False,14,49.65
room,17474,314.01,Gandaki,Kaski,Pokhara Metropolitan City,10,1,semi-furnished,False,20,single,False,4,False,23,48.18
office,32808,4661.44,Bagmati,Chitwan,Bharatpur Metropolitan City,24,0,unfurnished,False,16,,False,1,True,33,29.3
land,18994469,2465.34,Bagmati,Chitwan,Bharatpur Metropolitan City,13,0,,False,10,,False,0,False,0,52.65
office,80950,1712.74,Bagmati,Chitwan,Bharatpur Metropolitan City,1,0,fully-furnished,False,16,,False,8,True,16,47.39
office,36316,4878.71,Lumbini,Rupandehi,Butwal Sub-Metropolitan City,16,0,unfurnished,False,25,,False,6,False,2,48.61
home,30022432,4743.09,Sudurpashchim,Kailali,Dhangadhi Sub-Metropolitan City,32,4,fully-furnished,True,16,,False,1,False,12,54.92
land,26349496,1034.68,Koshi,Jhapa,Birtamode Municipality,2,0,,False,20,,False,0,False,0,51.49
land,5366653,2584.82,Bagmati,Kathmandu,Kathmandu Metropolitan City,7,0,,False,16,,False,0,False,0,29.09
room,36342,539.99,Lumbini,Rupandehi,Butwal Sub-Metropolitan City,3,1,unfurnished,False,13,2bhk,True,4,False,28,33.48
land,18861228,3186.69,Bagmati,Bhaktapur,Bhaktapur Municipality,24,0,,False,25,,False,0,False,0,42.56
office,52766,2188.48,Sudurpashchim,Kailali,Dhangadhi Sub-Metropolitan City,29,0,semi-furnished,True,30,,False,7,False,15,57.93
room,11787,140.93,Koshi,Morang,Biratnagar Metropolitan City,27,2,fully-furnished,True,20,1bhk,True,3,False,24,44.48
home,12145112,4163.55,Bagmati,Lalitpur,Lalitpur Metropolitan City,15,2,unfurnished,True,0,,False,3,False,12,55.49
office,103263,1075.35,Bagmati,Kathmandu,Kathmandu Metropolitan City,20,0,semi-furnished,True,16,,False,7,True,20,66.3
office,135925,3912.54,Lumbini,Rupandehi,Butwal Sub-Metropolitan City,29,0,fully-furnished,False,20,,False,1,True,0,53.09
office,121473,4081.59,Bagmati,Kathmandu,Kathmandu Metropolitan City,15,0,unfurnished,False,30,,False,6,True,24,66.55
home,49921898,1562.19,Bagmati,Kathmandu,Kathmandu Metropolitan City,22,4,fully-furnished,False,30,,False,3,False,4,97.92
office,33590,4713.18,Bagmati,Bhaktapur,Bhaktapur Municipality,28,0,fully-furnished,True,25,,False,3,True,10,60.29
room,18424,390.04,Bagmati,Lalitpur,Lalitpur Metropolitan City,11,2,fully-furnished,True,20,studio,True,3,False,25,65.33
office,54616,2422.07,Bagmati,Chitwan,Bharatpur Metropolitan City,21,0,unfurnished,False,16,,False,6,True,11,31.95
room,13007,357.77,Koshi,Morang,Biratnagar Metropolitan City,18,0,unfurnished,True,20,2bhk,False,1,False,6,29.78
office,22397,2702.68,Koshi,Jhapa,Birtamode Municipality,13,0,unfurnished,False,10,,False,1,True,35,22.71
land,31778930,2611.6,Sudurpashchim,Kailali,Dhangadhi Sub-Metropolitan City,14,0,,False,20,,False,0,False,0,44.53
land,8386908,4406.41,Bagmati,Chitwan,Bharatpur Metropolitan City,18,0,,False,13,,False,0,False,0,36.27
home,9999664,917.19,Koshi,Jhapa,Birtamode Municipality,11,3,unfurnished,True,10,,False,2,False,20,61.6
land,32723582,1178.56,Bagmati,Chitwan,Bharatpur Metropolitan City,7,0,,False,10,,False,0,False,0,46.26
home,5108678,847.96,Sudurpashchim,Kailali,Dhangadhi Sub-Metropolitan City,25,5,semi-furnished,False,13,,False,4,False,30,56.89
land,35424887,3544.02,Bagmati,Kathmandu,Kathmandu Metropolitan City,27,0,,False,16,,False,0,False,0,51.09
home,45513629,2384.31,Bagmati,Lalitpur,Lalitpur Metropolitan City,30,3,fully-furnished,False,16,,False,4,False,4,60.48
home,7804925,2895.75,Koshi,Jhapa,Birtamode Municipality,7,3,unfurnished,False,20,,False,1,False,19,53.39
office,136136,510.17,Bagmati,Lalitpur,Lalitpur Metropolitan City,15,0,unfurnished,True,16,,False,5,False,25,25.33
office,97178,1703.0,Bagmati,Chitwan,Bharatpur Metropolitan City,30,0,unfurnished,True,16,,False,1,False,14,42.78
office,94596,4041.6,Bagmati,Kathmandu,Kathmandu Metropolitan City,17,0,fully-furnished,False,25,,False,1,True,19,48.68
room,47071,734.65,Bagmati,Bhaktapur,Bhaktapur Municipality,8,2,unfurnished,True,0,1bhk,True,3,False,17,57.41
home,14542981,4972.57,Bagmati,Lalitpur,Lalitpur Metropolitan City,26,5,semi-furnished,False,0,,False,4,False,17,64.32
land,7495267,4665.78,Bagmati,Bhaktapur,Bhaktapur Municipality,22,0,,False,20,,False,0,False,0,52.27
office,64686,3970.51,Gandaki,Kaski,Pokhara Metropolitan City,9,0,fully-furnished,False,30,,False,1,True,11,74.37
office,86852,2886.89,Bagmati,Lalitpur,Lalitpur Metropolitan City,2,0,semi-furnished,False,30,,False,5,True,9,53.92
home,38788344,3089.99,Gandaki,Kaski,Pokhara Metropolitan City,24,3,fully-furnished,True,0,,False,4,False,23,65.34
home,37213461,4375.39,Lumbini,Rupandehi,Butwal Sub-Metropolitan City,21,3,semi-furnished,False,16,,False,2,False,22,59.17
land,23418421,3857.94,Bagmati,Lalitpur,Lalitpur Metropolitan City,11,0,,False,0,,False,0,False,0,46.62
home,43343105,1595.47,Bagmati,Lalitpur,Lalitpur Metropolitan City,16,3,semi-furnished,False,20,,False,1,False,14,79.26
office,84611,2616.08,Koshi,Morang,Biratnagar Metropolitan City,7,0,fully-furnished,False,25,,False,1,True,2,68.56
office,137080,4565.51,Koshi,Morang,Biratnagar Metropolitan City,29,0,unfurnished,False,0,,False,3,False,24,29.17
room,24604,966.86,Bagmati,Kathmandu,Kathmandu Metropolitan City,6,1,unfurnished,False,10,double,False,4,False,17,26.98
land,30092642,3985.05,Bagmati,Chitwan,Bharatpur Metropolitan City,30,0,,False,16,,False,0,False,0,40.64
office,56675,344.13,Lumbini,Rupandehi,Butwal Sub-Metropolitan City,4,0,fully-furnished,False,13,,False,8,True,5,45.35
home,16881428,1756.12,Lumbini,Rupandehi,Butwal Sub-Metropolitan City,3,3,unfurnished,False,25,,False,4,False,21,61.34
room,8021,204.68,Lumbini,Rupandehi,Butwal Sub-Metropolitan City,22,1,unfurnished,False,20,single,False,4,False,23,15.89
land,28972252,4960.56,Gandaki,Kaski,Pokhara Metropolitan City,6,0,,False,0,,False,0,False,0,63.81
room,37819,535.28,Koshi,Morang,Biratnagar Metropolitan City,11,1,unfurnished,False,16,studio,True,1,False,3,56.52
office,135489,2143.36,Bagmati,Kathmandu,Kathmandu Metropolitan City,31,0,semi-furnished,False,13,,False,6,False,21,51.47
home,30998051,1437.14,Lumbini,Rupandehi,Butwal Sub-Metropolitan City,30,5,fully-furnished,False,20,,False,3,False,17,74.87
home,22302082,3357.19,Bagmati,Kathmandu,Kathmandu Metropolitan City,1,4,unfurnished,False,25,,False,4,False,0,74.08
office,145024,4634.19,Koshi,Jhapa,Birtamode Municipality,12,0,unfurnished,False,0,,False,4,True,26,17.95
office,133023,3236.54,Sudurpashchim,Kailali,Dhangadhi Sub-Metropolitan City,3,0,semi-furnished,False,16,,False,8,False,29,32.74
home,19953272,1406.12,Bagmati,Kathmandu,Kathmandu Metropolitan City,27,4,semi-furnished,True,25,,False,4,False,4,85.47
land,26997485,3964.94,Bagmati,Lalitpur,Lalitpur Metropolitan City,29,0,,False,0,,False,0,False,0,33.47
office,123936,1180.93,Bagmati,Bhaktapur,Bhaktapur Municipality,12,0,fully-furnished,False,20,,False,3,False,12,60.82
home,21230707,3674.53,Bagmati,Bhaktapur,Bhaktapur Municipality,13,1,fully-furnished,True,20,,False,2,False,16,65.97
office,126744,4001.24,Bagmati,Chitwan,Bharatpur Metropolitan City,2,0,unfurnished,True,30,,False,7,False,14,29.83
office,44999,3375.52,Bagmati,Kathmandu,Kathmandu Metropolitan City,23,0,semi-furnished,False,20,,False,7,False,8,43.75
land,19269879,2875.15,Bagmati,Chitwan,Bharatpur Metropolitan City,9,0,,False,16,,False,0,False,0,46.27
land,20777211,4404.39,Bagmati,Kathmandu,Kathmandu Metropolitan City,25,0,,False,13,,False,0,False,0,69.44
room,30324,578.54,Sudurpashchim,Kailali,Dhangadhi Sub-Metropolitan City,19,1,fully-furnished,True,20,2bhk,True,3,False,5,60.93
room,42695,914.06,Koshi,Morang,Biratnagar Metropolitan City,20,0,semi-furnished,True,16,studio,False,2,False,11,34.03
land,31472727,3095.66,Koshi,Morang,Biratnagar Metropolitan City,31,0,,False,20,,False,0,False,0,55.83
office,43648,428.84,Sudurpashchim,Kailali,Dhangadhi Sub-Metropolitan City,26,0,fully-furnished,True,25,,False,3,True,7,42.92
land,9243139,846.99,Gandaki,Kaski,Pokhara Metropolitan City,31,0,,False,20,,False,0,False,0,65.52
office,144704,4635.77,Koshi,Morang,Biratnagar Metropolitan City,27,0,unfurnished,True,20,,False,8,False,10,36.57
office,111706,4183.92,Sudurpashchim,Kailali,Dhangadhi Sub-Metropolitan City,13,0,fully-furnished,False,30,,False,3,False,36,46.01
office,34824,3008.5,Koshi,Morang,Biratnagar Metropolitan City,12,0,semi-furnished,False,13,,False,5,True,27,50.05
home,41366426,3993.02,Bagmati,Kathmandu,Kathmandu Metropolitan City,13,5,unfurnished,True,16,,False,1,False,1,62.54
land,35726860,1468.83,Koshi,Morang,Biratnagar Metropolitan City,3,0,,False,13,,False,0,False,0,37.34
land,12874369,4737.69,Koshi,Morang,Biratnagar Metropolitan City,10,0,,False,25,,False,0,False,0,46.49
land,35822836,3809.58,Bagmati,Bhaktapur,Bhaktapur Municipality,6,0,,False,13,,False,0,False,0,59.05
room,26050,160.14,Bagmati,Chitwan,Bharatpur Metropolitan City,18,2,unfurnished,True,0,single,False,4,False,13,7.74
office,22347,3356.1,Bagmati,Bhaktapur,Bhaktapur Municipality,21,0,fully-furnished,False,10,,False,7,False,16,17.42
home,31725635,1765.21,Bagmati,Chitwan,Bharatpur Metropolitan City,4,1,semi-furnished,False,13,,False,2,False,12,53.23
room,23591,227.58,Bagmati,Kathmandu,Kathmandu Metropolitan City,32,1,semi-furnished,True,16,single,True,3,False,10,52.79
home,37576425,1365.25,Lumbini,Rupandehi,Butwal Sub-Metropolitan City,15,1,semi-furnished,False,20,,False,1,False,39,64.03
land,10171081,2269.43,Lumbini,Rupandehi,Butwal Sub-Metropolitan City,7,0,,False,20,,False,0,False,0,48.88
office,23631,3445.75,Koshi,Jhapa,Birtamode Municipality,31,0,unfurnished,True,13,,False,2,True,2,40.76
home,20223290,1330.58,Bagmati,Lalitpur,Lalitpur Metropolitan City,23,2,unfurnished,False,30,,False,1,False,17,75.69
office,97776,2675.95,Gandaki,Kaski,Pokhara Metropolitan City,22,0,fully-furnished,False,20,,False,6,False,7,40.9
office,104662,4069.74,Bagmati,Lalitpur,Lalitpur Metropolitan City,14,0,semi-furnished,True,13,,False,3,True,29,45.07
office,34509,3571.16,Koshi,Morang,Biratnagar Metropolitan City,20,0,semi-furnished,True,13,,False,8,True,37,37.15
home,45351897,1347.2,Koshi,Jhapa,Birtamode Municipality,25,1,unfurnished,True,25,,False,1,False,11,62.75
office,141111,1407.48,Bagmati,Chitwan,Bharatpur Metropolitan City,29,0,unfurnished,False,25,,False,8,False,10,40.25
room,20946,671.82,Bagmati,Chitwan,Bharatpur Metropolitan City,13,1,semi-furnished,False,20,studio,True,5,False,27,42.33
room,34614,199.29,Koshi,Jhapa,Birtamode Municipality,31,1,fully-furnished,True,10,1bhk,True,2,False,8,17.95
land,34601584,1239.05,Sudurpashchim,Kailali,Dhangadhi Sub-Metropolitan City,19,0,,False,20,,False,0,False,0,44.65
land,41092612,3800.28,Koshi,Jhapa,Birtamode Municipality,2,0,,False,13,,False,0,False,0,48.86
land,35408831,3705.71,Bagmati,Kathmandu,Kathmandu Metropolitan City,27,0,,False,10,,False,0,False,0,43.84
office,41992,1653.52,Lumbini,Rupandehi,Butwal Sub-Metropolitan City,9,0,semi-furnished,False,25,,False,3,True,23,51.78
home,45238163,1727.46,Bagmati,Chitwan,Bharatpur Metropolitan City,3,2,fully-furnished,True,25,,False,3,False,40,71.08
land,19222011,1337.73,Bagmati,Kathmandu,Kathmandu Metropolitan City,22,0,,False,0,,False,0,False,0,45.57
office,71904,4152.08,Bagmati,Lalitpur,Lalitpur Metropolitan City,12,0,semi-furnished,True,13,,False,8,False,26,42.39
land,11447242,2943.32,Bagmati,Kathmandu,Kathmandu Metropolitan City,5,0,,False,20,,False,0,False,0,49.55
home,23313833,3365.44,Gandaki,Kaski,Pokhara Metropolitan City,22,4,semi-furnished,True,10,,False,2,False,20,61.49
office,124497,4001.33,Koshi,Jhapa,Birtamode Municipality,31,0,fully-furnished,False,10,,False,1,True,10,51.56
home,20856322,2752.89,Koshi,Jhapa,Birtamode Municipality,20,4,semi-furnished,True,0,,False,2,False,9,57.4
land,33419281,2558.99,Bagmati,Kathmandu,Kathmandu Metropolitan City,4,0,,False,16,,False,0,False,0,52.08
room,40980,231.08,Bagmati,Lalitpur,Lalitpur Metropolitan City,20,2,fully-furnished,False,13,shared,True,3,False,5,54.34
land,43177473,3362.75,Gandaki,Kaski,Pokhara Metropolitan City,26,0,,False,10,,False,0,False,0,56.67
office,126355,4766.71,Bagmati,Kathmandu,Kathmandu Metropolitan City,29,0,semi-furnished,True,20,,False,4,False,14,37.32
land,17227862,2073.7,Koshi,Jhapa,Birtamode Municipality,18,0,,False,25,,False,0,False,0,62.82
room,44564,562.05,Bagmati,Bhaktapur,Bhaktapur Municipality,12,1,semi-furnished,False,10,double,True,2,False,7,44.44
office,52578,1603.0,Bagmati,Kathmandu,Kathmandu Metropolitan City,15,0,unfurnished,True,0,,False,3,True,27,44.44
land,34920539,1355.87,Bagmati,Chitwan,Bharatpur Metropolitan City,12,0,,False,13,,False,0,False,0,60.77
room,38057,743.12,Bagmati,Kathmandu,Kathmandu Metropolitan City,13,1,fully-furnished,True,10,shared,True,3,False,29,41.71
office,127675,889.91,Bagmati,Lalitpur,Lalitpur Metropolitan City,4,0,fully-furnished,False,0,,False,1,False,5,43.83
room,40679,580.89,Koshi,Morang,Biratnagar Metropolitan City,21,0,unfurnished,False,0,shared,True,2,False,28,22.33
room,13157,374.99,Bagmati,Chitwan,Bharatpur Metropolitan City,26,1,semi-furnished,False,0,double,False,2,False,16,20.95
office,130687,3056.0,Bagmati,Kathmandu,Kathmandu Metropolitan City,5,0,fully-furnished,False,0,,False,6,True,19,61.53
land,49439771,1173.32,Bagmati,Chitwan,Bharatpur Metropolitan City,31,0,,False,16,,False,0,False,0,44.6
room,33711,954.45,Koshi,Morang,Biratnagar Metropolitan City,32,2,fully-furnished,True,20,2bhk,True,3,False,13,54.9
land,30549351,1217.4,Gandaki,Kaski,Pokhara Metropolitan City,28,0,,False,10,,False,0,False,0,53.93
room,16612,313.7,Bagmati,Lalitpur,Lalitpur Metropolitan City,28,0,fully-furnished,False,16,single,False,1,False,9,34.54
land,47260340,3310.59,Bagmati,Bhaktapur,Bhaktapur Municipality,21,0,,False,16,,False,0,False,0,49.01
room,38184,636.08,Sudurpashchim,Kailali,Dhangadhi Sub-Metropolitan City,27,0,semi-furnished,True,10,2bhk,False,1,False,29,33.42
land,8277927,1170.01,Sudurpashchim,Kailali,Dhangadhi Sub-Metropolitan City,3,0,,False,13,,False,0,False,0,42.14
land,43258320,3850.52,Koshi,Jhapa,Birtamode Municipality,4,0,,False,10,,False,0,False,0,42.43
land,29222061,864.54,Lumbini,Rupandehi,Butwal Sub-Metropolitan City,14,0,,False,25,,False,0,False,0,52.35
office,34926,2907.85,Bagmati,Lalitpur,Lalitpur Metropolitan City,16,0,semi-furnished,False,25,,False,6,True,33,34.98
office,102275,4967.15,Koshi,Morang,Biratnagar Metropolitan City,3,0,fully-furnished,False,13,,False,7,True,24,44.24
home,15474512,850.53,Lumbini,Rupandehi,Butwal Sub-Metropolitan City,3,4,fully-furnished,True,25,,False,1,False,18,89.85
home,28602516,2724.03,Lumbini,Rupandehi,Butwal Sub-Metropolitan City,13,4,semi-furnished,True,16,,False,2,False,1,73.3
home,45510966,4028.32,Sudurpashchim,Kailali,Dhangadhi Sub-Metropolitan City,4,4,unfurnished,False,0,,False,3,False,22,44.84
home,10330510,2738.09,Bagmati,Chitwan,Bharatpur Metropolitan City,27,3,semi-furnished,False,13,,False,1,False,27,58.96
office,133822,2051.1,Koshi,Jhapa,Birtamode Municipality,29,0,unfurnished,False,30,,False,8,True,5,37.82
room,31009,488.0,Koshi,Jhapa,Birtamode Municipality,23,1,semi-furnished,True,13,double,True,5,False,1,61.96
home,7172476,868.28,Lumbini,Rupandehi,Butwal Sub-Metropolitan City,10,2,semi-furnished,False,16,,False,3,False,13,61.66
office,51713,2565.92,Gandaki,Kaski,Pokhara Metropolitan City,31,0,fully-furnished,True,0,,False,7,False,35,52.0
land,10229717,4310.49,Lumbini,Rupandehi,Butwal Sub-Metropolitan City,11,0,,False,13,,False,0,False,0,40.19
office,33565,359.29,Bagmati,Chitwan,Bharatpur Metropolitan City,10,0,fully-furnished,False,25,,False,1,True,23,63.53
room,11788,121.4,Bagmati,Chitwan,Bharatpur Metropolitan City,21,1,semi-furnished,True,20,2bhk,True,5,False,18,35.91
home,35752479,2486.14,Sudurpashchim,Kailali,Dhangadhi Sub-Metropolitan City,32,2,unfurnished,False,10,,False,3,False,24,50.02
office,124639,361.99,Bagmati,Lalitpur,Lalitpur Metropolitan City,14,0,semi-furnished,True,20,,False,4,True,1,62.09
land,13562162,1660.63,Bagmati,Kathmandu,Kathmandu Metropolitan City,19,0,,False,20,,False,0,False,0,57.45
home,23654901,2865.22,Bagmati,Chitwan,Bharatpur Metropolitan City,2,1,semi-furnished,False,13,,False,3,False,26,61.95
home,29107268,3711.39,Koshi,Jhapa,Birtamode Municipality,32,1,unfurnished,False,10,,False,2,False,21,43.7
office,27298,3269.63,Bagmati,Bhaktapur,Bhaktapur Municipality,21,0,fully-furnished,True,10,,False,4,True,8,38.31
room,38677,435.05,Gandaki,Kaski,Pokhara Metropolitan City,3,2,fully-furnished,True,13,single,False,5,False,18,40.44
room,49224,930.72,Bagmati,Kathmandu,Kathmandu Metropolitan City,7,1,unfurnished,True,13,single,False,4,False,13,46.85
land,11528847,1635.29,Bagmati,Kathmandu,Kathmandu Metropolitan City,12,0,,False,16,,False,0,False,0,59.87
room,48252,537.32,Sudurpashchim,Kailali,Dhangadhi Sub-Metropolitan City,18,0,unfurnished,False,10,studio,True,3,False,4,35.84
office,126209,4196.9,Lumbini,Rupandehi,Butwal Sub-Metropolitan City,21,0,semi-furnished,False,13,,False,3,True,9,59.12
room,43665,325.96,Bagmati,Bhaktapur,Bhaktapur Municipality,10,2,fully-furnished,True,10,studio,True,4,False,2,39.16
room,12828,303.73,Bagmati,Chitwan,Bharatpur Metropolitan City,3,0,unfurnished,True,10,studio,False,5,False,25,24.92
room,24288,643.85,Bagmati,Lalitpur,Lalitpur Metropolitan City,8,2,fully-furnished,False,0,single,False,4,False,29,24.58
land,44314806,4202.71,Bagmati,Lalitpur,Lalitpur Metropolitan City,7,0,,False,10,,False,0,False,0,56.91
office,115195,4475.44,Koshi,Morang,Biratnagar Metropolitan City,10,0,semi-furnished,False,20,,False,4,False,4,48.63
home,11256987,1129.67,Bagmati,Kathmandu,Kathmandu Metropolitan City,17,2,fully-furnished,True,0,,False,1,False,19,65.18
room,23168,727.67,Bagmati,Kathmandu,Kathmandu Metropolitan City,6,1,semi-furnished,True,16,1bhk,True,3,False,9,50.38
land,41421477,2480.5,Lumbini,Rupandehi,Butwal Sub-Metropolitan City,24,0,,False,25,,False,0,False,0,68.1
land,22858330,2648.91,Bagmati,Chitwan,Bharatpur Metropolitan City,25,0,,False,25,,False,0,False,0,64.48
office,45943,625.28,Sudurpashchim,Kailali,Dhangadhi Sub-Metropolitan City,14,0,fully-furnished,False,30,,False,6,False,17,53.57
office,39984,4747.92,Koshi,Morang,Biratnagar Metropolitan City,9,0,semi-furnished,False,25,,False,8,False,3,45.65
room,37473,300.24,Lumbini,Rupandehi,Butwal Sub-Metropolitan City,2,1,semi-furnished,False,0,1bhk,True,2,False,19,35.08
home,46263269,3940.73,Bagmati,Lalitpur,Lalitpur Metropolitan City,26,3,fully-furnished,True,30,,False,4,False,19,72.72
land,14262859,772.76,Bagmati,Lalitpur,Lalitpur Metropolitan City,25,0,,False,16,,False,0,False,0,62.17
room,44472,946.27,Lumbini,Rupandehi,Butwal Sub-Metropolitan City,15,0,semi-furnished,False,16,double,True,1,False,2,65.16
office,123128,1688.02,Bagmati,Kathmandu,Kathmandu Metropolitan City,22,0,fully-furnished,True,13,,False,4,False,2,75.05
room,36889,155.29,Koshi,Jhapa,Birtamode Municipality,2,1,unfurnished,False,16,1bhk,False,5,False,12,14.8
room,38624,565.09,Sudurpashchim,Kailali,Dhangadhi Sub-Metropolitan City,17,0,unfurnished,True,16,single,True,1,False,29,34.96
office,78263,3841.42,Lumbini,Rupandehi,Butwal Sub-Metropolitan City,1,0,semi-furnished,True,25,,False,8,False,36,30.57
home,7481166,4226.67,Bagmati,Chitwan,Bharatpur Metropolitan City,13,4,unfurnished,True,0,,False,1,False,28,48.89
office,56442,4965.69,Bagmati,Lalitpur,Lalitpur Metropolitan City,4,0,unfurnished,True,10,,False,2,False,18,44.28
land,42722949,2137.01,Bagmati,Chitwan,Bharatpur Metropolitan City,23,0,,False,16,,False,0,False,0,35.2
room,42012,309.13,Lumbini,Rupandehi,Butwal Sub-Metropolitan City,15,1,unfurnished,False,13,shared,True,2,False,18,23.45
office,115275,4147.15,Bagmati,Lalitpur,Lalitpur Metropolitan City,2,0,fully-furnished,False,10,,False,1,True,19,47.71
office,48107,4905.75,Bagmati,Bhaktapur,Bhaktapur Municipality,26,0,unfurnished,False,25,,False,2,False,29,37.69
land,41112802,1630.76,Gandaki,Kaski,Pokhara Metropolitan City,30,0,,False,30,,False,0,False,0,53.11
office,84921,1583.32,Bagmati,Chitwan,Bharatpur Metropolitan City,10,0,unfurnished,True,10,,False,6,False,21,39.58
home,31039600,3567.18,Gandaki,Kaski,Pokhara Metropolitan City,31,5,semi-furnished,True,13,,False,1,False,15,69.85
home,37319967,4557.09,Bagmati,Chitwan,Bharatpur Metropolitan City,8,5,semi-furnished,False,0,,False,4,False,0,59.75
room,23007,529.92,Koshi,Morang,Biratnagar Metropolitan City,7,1,semi-furnished,True,0,2bhk,True,4,False,4,35.19
land,42422963,3699.19,Koshi,Morang,Biratnagar Metropolitan City,26,0,,False,20,,False,0,False,0,60.33
room,34256,453.83,Gandaki,Kaski,Pokhara Metropolitan City,17,1,unfurnished,False,0,single,False,3,False,11,47.04
land,18927418,3276.99,Lumbini,Rupandehi,Butwal Sub-Metropolitan City,15,0,,False,13,,False,0,False,0,44.22
office,149179,3704.2,Bagmati,Bhaktapur,Bhaktapur Municipality,7,0,semi-furnished,False,25,,False,3,False,20,45.05
land,14652419,802.57,Bagmati,Bhaktapur,Bhaktapur Municipality,22,0,,False,16,,False,0,False,0,56.9
land,10454850,3567.28,Bagmati,Kathmandu,Kathmandu Metropolitan City,4,0,,False,25,,False,0,False,0,56.88
land,30868845,2523.77,Bagmati,Kathmandu,Kathmandu Metropolitan City,21,0,,False,0,,False,0,False,0,46.72
home,46841477,4108.68,Lumbini,Rupandehi,Butwal Sub-Metropolitan City,17,5,fully-furnished,True,0,,False,2,False,0,77.73
home,25330986,3029.59,Bagmati,Kathmandu,Kathmandu Metropolitan City,13,4,unfurnished,True,30,,False,4,False,30,54.11
home,22696343,1109.02,Bagmati,Bhaktapur,Bhaktapur Municipality,14,3,unfurnished,True,16,,False,4,False,40,67.63
office,114979,4856.31,Gandaki,Kaski,Pokhara Metropolitan City,24,0,semi-furnished,True,20,,False,3,True,4,60.9
home,19315856,888.16,Sudurpashchim,Kailali,Dhangadhi Sub-Metropolitan City,9,1,unfurnished,False,30,,False,3,False,7,56.56
office,102231,3298.95,Lumbini,Rupandehi,Butwal Sub-Metropolitan City,5,0,unfurnished,True,30,,False,1,True,12,53.2
room,36597,721.25,Koshi,Jhapa,Birtamode Municipality,8,1,semi-furnished,True,13,2bhk,True,4,False,27,39.99
office,51957,370.27,Lumbini,Rupandehi,Butwal Sub-Metropolitan City,18,0,fully-furnished,True,30,,False,2,True,11,45.6
home,47618463,4519.15,Koshi,Morang,Biratnagar Metropolitan City,10,4,semi-furnished,True,10,,False,4,False,38,67.07
office,101869,3143.56,Gandaki,Kaski,Pokhara Metropolitan City,17,0,unfurnished,False,30,,False,3,True,20,53.8
office,109626,1513.25,Bagmati,Bhaktapur,Bhaktapur Municipality,17,0,unfurnished,False,30,,False,4,False,34,50.61
land,17935940,1019.86,Koshi,Jhapa,Birtamode Municipality,8,0,,False,10,,False,0,False,0,53.2
office,112737,414.25,Bagmati,Kathmandu,Kathmandu Metropolitan City,17,0,unfurnished,True,13,,False,8,False,5,35.89
room,11656,634.45,Koshi,Morang,Biratnagar Metropolitan City,23,2,unfurnished,True,16,1bhk,False,5,False,1,49.8
room,9036,719.29,Bagmati,Bhaktapur,Bhaktapur Municipality,7,1,semi-furnished,True,16,double,True,4,False,5,51.26
office,44937,1316.91,Koshi,Jhapa,Birtamode Municipality,2,0,semi-furnished,False,0,,False,1,True,39,35.77
room,22901,521.57,Koshi,Morang,Biratnagar Metropolitan City,32,2,unfurnished,True,20,shared,False,5,False,10,24.61
land,33295558,1795.88,Koshi,Morang,Biratnagar Metropolitan City,10,0,,False,13,,False,0,False,0,48.42
land,17533863,2761.78,Bagmati,Lalitpur,Lalitpur Metropolitan City,5,0,,False,16,,False,0,False,0,49.18
land,31568010,3755.08,Lumbini,Rupandehi,Butwal Sub-Metropolitan City,14,0,,False,10,,False,0,False,0,50.52
office,33641,4355.37,Koshi,Morang,Biratnagar Metropolitan City,30,0,fully-furnished,True,13,,False,5,True,13,53.8
land,27259434,3035.07,Gandaki,Kaski,Pokhara Metropolitan City,1,0,,False,16,,False,0,False,0,47.62
land,14148683,3185.56,Gandaki,Kaski,Pokhara Metropolitan City,10,0,,False,25,,False,0,False,0,51.84
home,16494644,1737.32,Bagmati,Chitwan,Bharatpur Metropolitan City,30,1,fully-furnished,False,25,,False,2,False,5,70.98
office,148658,3666.46,Bagmati,Bhaktapur,Bhaktapur Municipality,15,0,semi-furnished,False,20,,False,6,True,11,42.92
office,100895,330.94,Bagmati,Kathmandu,Kathmandu Metropolitan City,9,0,semi-furnished,True,20,,False,5,True,34,54.97
room,18496,493.17,Lumbini,Rupandehi,Butwal Sub-Metropolitan City,5,2,unfurnished,False,10,2bhk,False,3,False,2,38.05
room,9276,398.82,Bagmati,Bhaktapur,Bhaktapur Municipality,23,0,semi-furnished,True,0,1bhk,True,5,False,9,10.01
room,19332,215.94,Sudurpashchim,Kailali,Dhangadhi Sub-Metropolitan City,9,1,unfurnished,True,0,double,False,1,False,14,13.55
home,15303944,2153.4,Bagmati,Bhaktapur,Bhaktapur Municipality,16,5,fully-furnished,True,25,,False,2,False,17,70.6
room,29685,996.19,Bagmati,Bhaktapur,Bhaktapur Municipality,13,1,unfurnished,True,16,1bhk,True,5,False,0,39.06
office,75315,1339.23,Bagmati,Lalitpur,Lalitpur Metropolitan City,26,0,semi-furnished,False,30,,False,8,False,0,50.54
home,23686340,1867.8,Gandaki,Kaski,Pokhara Metropolitan City,1,3,fully-furnished,True,16,,False,1,False,27,69.3
room,43821,103.86,Koshi,Jhapa,Birtamode Municipality,30,1,semi-furnished,False,20,single,True,3,False,23,34.6
office,96035,1706.82,Bagmati,Lalitpur,Lalitpur Metropolitan City,27,0,semi-furnished,True,20,,False,1,True,18,59.11
land,4218591,726.11,Bagmati,Lalitpur,Lalitpur Metropolitan City,23,0,,False,25,,False,0,False,0,52.9
office,121297,3734.8,Koshi,Jhapa,Birtamode Municipality,7,0,fully-furnished,True,13,,False,3,False,23,48.98
home,42089356,1359.27,Bagmati,Bhaktapur,Bhaktapur Municipality,11,1,semi-furnished,True,16,,False,4,False,40,52.82
home,8843053,4669.18,Bagmati,Chitwan,Bharatpur Metropolitan City,23,3,semi-furnished,False,10,,False,3,False,12,49.43
land,25119890,1073.84,Koshi,Morang,Biratnagar Metropolitan City,7,0,,False,30,,False,0,False,0,48.48
room,36534,555.89,Bagmati,Bhaktapur,Bhaktapur Municipality,21,1,semi-furnished,False,20,1bhk,True,4,False,1,40.6
land,42430555,1888.35,Gandaki,Kaski,Pokhara Metropolitan City,29,0,,False,0,,False,0,False,0,43.02
land,27074928,4606.45,Gandaki,Kaski,Pokhara Metropolitan City,17,0,,False,30,,False,0,False,0,61.43
land,39478270,1206.25,Sudurpashchim,Kailali,Dhangadhi Sub-Metropolitan City,31,0,,False,16,,False,0,False,0,47.45
room,22430,260.28,Bagmati,Lalitpur,Lalitpur Metropolitan City,9,1,unfurnished,False,13,2bhk,False,5,False,28,24.09
land,26664225,3866.74,Bagmati,Bhaktapur,Bhaktapur Municipality,21,0,,False,20,,False,0,False,0,45.3
office,98588,2391.11,Koshi,Jhapa,Birtamode Municipality,21,0,unfurnished,True,0,,False,4,False,37,31.23
home,27237077,3776.29,Sudurpashchim,Kailali,Dhangadhi Sub-Metropolitan City,2,4,semi-furnished,True,16,,False,3,False,20,47.83
land,41251185,702.42,Bagmati,Lalitpur,Lalitpur Metropolitan City,25,0,,False,30,,False,0,False,0,69.68
office,34290,4050.56,Koshi,Morang,Biratnagar Metropolitan City,3,0,semi-furnished,True,10,,False,2,True,12,35.92
office,87373,336.48,Koshi,Jhapa,Birtamode Municipality,4,0,fully-furnished,False,16,,False,7,True,8,37.19
home,38275397,3684.81,Sudurpashchim,Kailali,Dhangadhi Sub-Metropolitan City,1,3,semi-furnished,True,25,,False,1,False,15,49.79
home,27035853,1241.56,Lumbini,Rupandehi,Butwal Sub-Metropolitan City,30,4,fully-furnished,True,10,,False,4,False,34,59.73
room,44753,562.03,Sudurpashchim,Kailali,Dhangadhi Sub-Metropolitan City,10,2,unfurnished,True,20,shared,True,5,False,14,51.38
home,43149569,3789.41,Koshi,Jhapa,Birtamode Municipality,4,1,unfurnished,True,16,,False,2,False,31,50.94
room,24557,381.37,Bagmati,Chitwan,Bharatpur Metropolitan City,18,1,semi-furnished,True,0,studio,False,5,False,28,35.59
office,121080,2112.33,Bagmati,Bhaktapur,Bhaktapur Municipality,9,0,semi-furnished,False,25,,False,4,False,28,53.81
land,20388950,833.27,Koshi,Morang,Biratnagar Metropolitan City,26,0,,False,10,,False,0,False,0,37.07
home,47736965,4810.18,Koshi,Morang,Biratnagar Metropolitan City,22,5,unfurnished,True,16,,False,4,False,23,55.22
room,22612,556.64,Sudurpashchim,Kailali,Dhangadhi Sub-Metropolitan City,29,2,semi-furnished,False,20,single,False,4,False,16,34.05
home,37803195,3644.2,Bagmati,Chitwan,Bharatpur Metropolitan City,20,2,fully-furnished,False,25,,False,1,False,29,74.06
office,109926,4436.76,Lumbini,Rupandehi,Butwal Sub-Metropolitan City,7,0,unfurnished,True,13,,False,1,True,31,27.19
home,14973197,3252.25,Sudurpashchim,Kailali,Dhangadhi Sub-Metropolitan City,25,2,fully-furnished,False,13,,False,1,False,15,63.65
office,92656,910.51,Gandaki,Kaski,Pokhara Metropolitan City,22,0,semi-furnished,True,25,,False,3,True,5,73.07
office,80109,1219.17,Bagmati,Bhaktapur,Bhaktapur Municipality,21,0,fully-furnished,False,25,,False,6,True,18,73.58
home,8599055,3295.79,Lumbini,Rupandehi,Butwal Sub-Metropolitan City,17,2,fully-furnished,True,10,,False,3,False,30,54.43
land,44095738,2522.69,Lumbini,Rupandehi,Butwal Sub-Metropolitan City,19,0,,False,13,,False,0,False,0,56.42
home,28130847,2118.65,Bagmati,Kathmandu,Kathmandu Metropolitan City,23,4,fully-furnished,True,0,,False,1,False,26,83.94
office,74800,646.12,Bagmati,Lalitpur,Lalitpur Metropolitan City,17,0,semi-furnished,False,30,,False,6,False,30,44.02
land,40830505,1163.43,Koshi,Jhapa,Birtamode Municipality,11,0,,False,10,,False,0,False,0,32.31
home,5957585,3643.4,Bagmati,Lalitpur,Lalitpur Metropolitan City,31,4,semi-furnished,True,16,,False,4,False,6,54.88
home,41307263,4606.68,Bagmati,Bhaktapur,Bhaktapur Municipality,10,2,unfurnished,True,13,,False,4,False,18,60.95
office,20572,1467.16,Bagmati,Chitwan,Bharatpur Metropolitan City,23,0,semi-furnished,False,13,,False,6,False,37,17.08
land,17243586,4868.96,Koshi,Morang,Biratnagar Metropolitan City,9,0,,False,25,,False,0,False,0,48.55
office,83869,2648.7,Koshi,Morang,Biratnagar Metropolitan City,1,0,unfurnished,False,30,,False,4,True,8,56.7
office,98722,3009.82,Lumbini,Rupandehi,Butwal Sub-Metropolitan City,13,0,fully-furnished,False,25,,False,7,True,1,63.3
home,30302032,2481.29,Sudurpashchim,Kailali,Dhangadhi Sub-Metropolitan City,16,2,semi-furnished,True,10,,False,2,False,9,61.03
office,108674,4759.82,Bagmati,Kathmandu,Kathmandu Metropolitan City,24,0,fully-furnished,False,0,,False,8,True,27,42.18
land,48514254,4811.6,Lumbini,Rupandehi,Butwal Sub-Metropolitan City,5,0,,False,0,,False,0,False,0,51.66
land,17011331,1590.99,Bagmati,Bhaktapur,Bhaktapur Municipality,4,0,,False,13,,False,0,False,0,43.44
land,34918539,2576.62,Bagmati,Chitwan,Bharatpur Metropolitan City,30,0,,False,10,,False,0,False,0,41.59
office,92251,3722.14,Bagmati,Lalitpur,Lalitpur Metropolitan City,12,0,unfurnished,True,25,,False,4,True,37,42.26
home,45896159,4089.43,Bagmati,Lalitpur,Lalitpur Metropolitan City,25,2,fully-furnished,True,30,,False,3,False,14,86.26
office,140539,1050.19,Bagmati,Kathmandu,Kathmandu Metropolitan City,6,0,semi-furnished,True,30,,False,1,True,9,76.05
home,23772246,2666.78,Sudurpashchim,Kailali,Dhangadhi Sub-Metropolitan City,30,2,semi-furnished,True,13,,False,3,False,39,54.18
room,43091,761.8,Sudurpashchim,Kailali,Dhangadhi Sub-Metropolitan City,32,2,fully-furnished,True,0,studio,True,2,False,5,58.98
land,14234764,4917.66,Sudurpashchim,Kailali,Dhangadhi Sub-Metropolitan City,6,0,,False,16,,False,0,False,0,33.2
land,31124401,1812.35,Sudurpashchim,Kailali,Dhangadhi Sub-Metropolitan City,19,0,,False,13,,False,0,False,0,60.84
room,25743,766.59,Sudurpashchim,Kailali,Dhangadhi Sub-Metropolitan City,9,2,semi-furnished,True,20,studio,True,4,False,28,58.23
office,53694,3565.44,Bagmati,Chitwan,Bharatpur Metropolitan City,10,0,semi-furnished,True,13,,False,8,True,28,45.22
office,91756,2505.59,Sudurpashchim,Kailali,Dhangadhi Sub-Metropolitan City,17,0,unfurnished,False,0,,False,8,True,38,36.0
office,80050,2549.19,Bagmati,Chitwan,Bharatpur Metropolitan City,21,0,fully-furnished,False,0,,False,3,False,9,29.61
room,12017,459.0,Sudurpashchim,Kailali,Dhangadhi Sub-Metropolitan City,10,1,unfurnished,True,16,2bhk,True,4,False,8,34.25
office,45673,306.16,Bagmati,Lalitpur,Lalitpur Metropolitan City,2,0,semi-furnished,True,25,,False,7,True,21,40.87
office,29734,4036.02,Koshi,Jhapa,Birtamode Municipality,1,0,unfurnished,False,16,,False,5,False,36,33.45
land,38144692,2704.71,Koshi,Morang,Biratnagar Metropolitan City,10,0,,False,10,,False,0,False,0,37.51
home,29223865,1360.85,Bagmati,Lalitpur,Lalitpur Metropolitan City,17,2,semi-furnished,False,0,,False,4,False,1,68.58
land,38050924,3091.51,Bagmati,Lalitpur,Lalitpur Metropolitan City,17,0,,False,16,,False,0,False,0,66.79
land,37523244,705.05,Bagmati,Kathmandu,Kathmandu Metropolitan City,31,0,,False,30,,False,0,False,0,70.96
office,25165,2024.99,Koshi,Jhapa,Birtamode Municipality,7,0,semi-furnished,False,25,,False,2,True,30,46.3
land,31497699,1672.18,Bagmati,Chitwan,Bharatpur Metropolitan City,19,0,,False,20,,False,0,False,0,45.34
office,39879,2429.16,Koshi,Morang,Biratnagar Metropolitan City,25,0,unfurnished,False,16,,False,2,True,20,32.33
land,41295667,4683.4,Bagmati,Lalitpur,Lalitpur Metropolitan City,3,0,,False,0,,False,0,False,0,54.95
office,85059,4131.64,Bagmati,Kathmandu,Kathmandu Metropolitan City,4,0,unfurnished,False,0,,False,3,True,23,43.63
home,42939731,3593.52,Bagmati,Kathmandu,Kathmandu Metropolitan City,23,4,fully-furnished,True,25,,False,2,False,2,87.83
land,34585992,3366.45,Bagmati,Lalitpur,Lalitpur Metropolitan City,12,0,,False,13,,False,0,False,0,49.02
room,29873,707.0,Lumbini,Rupandehi,Butwal Sub-Metropolitan City,30,1,unfurnished,False,13,1bhk,False,3,False,8,22.88
room,48339,445.22,Bagmati,Bhaktapur,Bhaktapur Municipality,10,1,unfurnished,True,0,shared,True,4,False,9,28.28
room,10578,496.73,Bagmati,Lalitpur,Lalitpur Metropolitan City,14,1,fully-furnished,True,10,studio,True,4,False,25,64.86
office,35101,2082.81,Koshi,Jhapa,Birtamode Municipality,29,0,unfurnished,False,30,,False,1,False,21,29.57
land,47110603,1995.07,Lumbini,Rupandehi,Butwal Sub-Metropolitan City,30,0,,False,0,,False,0,False,0,45.23
room,13166,564.59,Koshi,Morang,Biratnagar Metropolitan City,26,1,semi-furnished,True,20,single,True,3,False,16,56.37
home,28856178,3884.78,Koshi,Jhapa,Birtamode Municipality,19,4,semi-furnished,False,13,,False,1,False,36,38.82
office,69005,1158.49,Sudurpashchim,Kailali,Dhangadhi Sub-Metropolitan City,14,0,fully-furnished,False,10,,False,8,True,6,47.75
land,37767638,4617.49,Bagmati,Lalitpur,Lalitpur Metropolitan City,4,0,,False,13,,False,0,False,0,59.63
room,41533,709.69,Bagmati,Lalitpur,Lalitpur Metropolitan City,27,1,unfurnished,True,10,single,True,3,False,26,43.0
land,47230081,924.96,Koshi,Jhapa,Birtamode Municipality,14,0,,False,16,,False,0,False,0,73.72
room,10613,889.83,Gandaki,Kaski,Pokhara Metropolitan City,1,1,fully-furnished,False,13,double,False,5,False,30,29.07
home,27272241,2206.78,Lumbini,Rupandehi,Butwal Sub-Metropolitan City,1,3,unfurnished,True,30,,False,4,False,35,72.15
home,23919046,4386.23,Bagmati,Lalitpur,Lalitpur Metropolitan City,5,4,unfurnished,False,20,,False,3,False,28,58.09
office,96529,1685.03,Bagmati,Chitwan,Bharatpur Metropolitan City,1,0,fully-furnished,False,0,,False,8,False,30,40.04
land,33736611,2548.05,Bagmati,Bhaktapur,Bhaktapur Municipality,17,0,,False,10,,False,0,False,0,53.58
room,30553,827.8,Lumbini,Rupandehi,Butwal Sub-Metropolitan City,4,1,unfurnished,True,16,studio,False,5,False,29,30.73
office,63338,4721.33,Sudurpashchim,Kailali,Dhangadhi Sub-Metropolitan City,30,0,semi-furnished,False,13,,False,5,False,18,36.04
home,45961684,817.94,Bagmati,Lalitpur,Lalitpur Metropolitan City,18,2,unfurnished,True,16,,False,1,False,21,42.57
home,9295133,2198.06,Koshi,Jhapa,Birtamode Municipality,30,5,fully-furnished,False,16,,False,2,False,33,66.54
land,38432530,4313.27,Bagmati,Kathmandu,Kathmandu Metropolitan City,10,0,,False,13,,False,0,False,0,56.21
office,123327,2283.08,Bagmati,Chitwan,Bharatpur Metropolitan City,16,0,unfurnished,False,16,,False,2,True,23,47.01
office,111911,3614.68,Koshi,Jhapa,Birtamode Municipality,9,0,fully-furnished,True,30,,False,8,True,26,60.84
room,23208,879.75,Koshi,Morang,Biratnagar Metropolitan City,2,0,semi-furnished,True,10,2bhk,True,4,False,20,44.14
home,34527405,1022.0,Bagmati,Chitwan,Bharatpur Metropolitan City,16,2,unfurnished,False,0,,False,4,False,40,41.43
room,31078,510.91,Bagmati,Bhaktapur,Bhaktapur Municipality,20,2,fully-furnished,True,0,double,True,2,False,17,38.94
office,83998,2920.72,Bagmati,Kathmandu,Kathmandu Metropolitan City,12,0,unfurnished,True,16,,False,7,True,20,40.75
room,32687,562.24,Bagmati,Chitwan,Bharatpur Metropolitan City,22,1,semi-furnished,False,13,2bhk,False,1,False,16,48.66
home,10102051,2222.07,Bagmati,Kathmandu,Kathmandu Metropolitan City,12,2,unfurnished,False,16,,False,1,False,20,69.63
office,85732,1125.33,Bagmati,Chitwan,Bharatpur Metropolitan City,20,0,fully-furnished,False,16,,False,1,False,9,50.23
home,16244881,3613.37,Bagmati,Kathmandu,Kathmandu Metropolitan City,6,5,unfurnished,False,0,,False,2,False,13,57.02
land,28611110,4430.08,Bagmati,Bhaktapur,Bhaktapur Municipality,14,0,,False,20,,False,0,False,0,45.14
room,39492,808.88,Koshi,Jhapa,Birtamode Municipality,9,2,fully-furnished,False,20,2bhk,False,2,False,15,60.24
office,114683,4913.32,Bagmati,Bhaktapur,Bhaktapur Municipality,25,0,fully-furnished,True,0,,False,8,False,35,39.98
room,8475,972.95,Gandaki,Kaski,Pokhara Metropolitan City,29,2,fully-furnished,True,10,shared,False,3,False,15,70.21
room,16458,256.14,Gandaki,Kaski,Pokhara Metropolitan City,28,2,semi-furnished,True,0,shared,False,2,False,10,27.87
room,16246,296.49,Sudurpashchim,Kailali,Dhangadhi Sub-Metropolitan City,31,2,fully-furnished,True,10,1bhk,False,4,False,29,30.59
room,10736,809.79,Bagmati,Kathmandu,Kathmandu Metropolitan City,11,1,semi-furnished,False,13,shared,False,5,False,19,46.08
office,58426,3351.42,Gandaki,Kaski,Pokhara Metropolitan City,30,0,fully-furnished,True,16,,False,8,True,23,56.97
room,38161,882.5,Koshi,Jhapa,Birtamode Municipality,26,1,unfurnished,False,13,studio,True,3,False,30,31.69
room,22959,549.51,Bagmati,Chitwan,Bharatpur Metropolitan City,28,1,fully-furnished,True,20,single,True,3,False,17,46.31
room,36685,926.22,Koshi,Morang,Biratnagar Metropolitan City,30,0,fully-furnished,False,10,double,False,3,False,18,50.03
home,37761856,1953.27,Bagmati,Chitwan,Bharatpur Metropolitan City,27,4,fully-furnished,False,10,,False,1,False,5,75.55
land,19437581,4395.65,Bagmati,Bhaktapur,Bhaktapur Municipality,15,0,,False,20,,False,0,False,0,44.67
land,36860082,1737.69,Sudurpashchim,Kailali,Dhangadhi Sub-Metropolitan City,8,0,,False,16,,False,0,False,0,59.96
office,52473,2858.22,Bagmati,Lalitpur,Lalitpur Metropolitan City,10,0,semi-furnished,False,20,,False,1,False,35,54.28
land,27560187,4770.58,Bagmati,Lalitpur,Lalitpur Metropolitan City,2,0,,False,30,,False,0,False,0,61.87
home,18269245,1976.85,Gandaki,Kaski,Pokhara Metropolitan City,30,3,semi-furnished,False,0,,False,2,False,40,50.07
office,80398,2704.02,Lumbini,Rupandehi,Butwal Sub-Metropolitan City,11,0,fully-furnished,False,16,,False,6,False,39,46.35
office,84833,1961.23,Koshi,Morang,Biratnagar Metropolitan City,19,0,semi-furnished,False,20,,False,6,False,1,43.41
room,33344,719.5,Koshi,Morang,Biratnagar Metropolitan City,16,1,unfurnished,True,16,single,False,5,False,11,41.07
land,13767863,3384.34,Bagmati,Chitwan,Bharatpur Metropolitan City,15,0,,False,25,,False,0,False,0,35.08
home,9140816,1402.33,Koshi,Morang,Biratnagar Metropolitan City,24,4,unfurnished,True,30,,False,1,False,25,71.62
land,15413397,3324.11,Koshi,Morang,Biratnagar Metropolitan City,5,0,,False,0,,False,0,False,0,25.79
room,27388,365.86,Bagmati,Chitwan,Bharatpur Metropolitan City,32,1,fully-furnished,True,10,single,True,4,False,20,57.17
room,41612,282.23,Koshi,Jhapa,Birtamode Municipality,30,1,semi-furnished,True,10,2bhk,False,2,False,5,34.29
home,24175075,4487.82,Bagmati,Lalitpur,Lalitpur Metropolitan City,19,1,unfurnished,True,20,,False,2,False,27,54.02
room,13914,618.29,Gandaki,Kaski,Pokhara Metropolitan City,2,1,unfurnished,True,20,single,False,2,False,11,41.52
room,26501,736.66,Lumbini,Rupandehi,Butwal Sub-Metropolitan City,4,2,unfurnished,False,0,double,True,2,False,10,34.42
office,137970,705.82,Bagmati,Chitwan,Bharatpur Metropolitan City,1,0,unfurnished,True,30,,False,2,True,19,65.28
room,21246,525.69,Gandaki,Kaski,Pokhara Metropolitan City,24,1,unfurnished,False,10,studio,False,5,False,13,14.25
home,13618264,1804.71,Bagmati,Lalitpur,Lalitpur Metropolitan City,32,1,fully-furnished,True,0,,False,2,False,39,65.07
home,7646336,4974.51,Bagmati,Lalitpur,Lalitpur Metropolitan City,6,1,semi-furnished,False,20,,False,1,False,10,63.16
land,48461362,3187.1,Sudurpashchim,Kailali,Dhangadhi Sub-Metropolitan City,5,0,,False,16,,False,0,False,0,36.1
room,45504,269.43,Bagmati,Chitwan,Bharatpur Metropolitan City,11,0,unfurnished,True,20,double,True,2,False,6,31.75
office,145711,742.27,Koshi,Morang,Biratnagar Metropolitan City,14,0,fully-furnished,True,30,,False,7,False,31,66.75
room,13575,920.16,Bagmati,Kathmandu,Kathmandu Metropolitan City,5,0,unfurnished,True,20,1bhk,True,5,False,3,46.6
office,126579,468.09,Sudurpashchim,Kailali,Dhangadhi Sub-Metropolitan City,19,0,fully-furnished,True,10,,False,4,True,1,43.41
room,36171,633.19,Gandaki,Kaski,Pokhara Metropolitan City,17,0,semi-furnished,True,13,1bhk,False,4,False,11,57.0
office,112190,1929.74,Bagmati,Kathmandu,Kathmandu Metropolitan City,30,0,fully-furnished,False,25,,False,8,True,14,64.98
office,23420,853.06,Bagmati,Lalitpur,Lalitpur Metropolitan City,14,0,fully-furnished,False,25,,False,2,True,3,58.78
office,119574,4784.3,Koshi,Morang,Biratnagar Metropolitan City,2,0,unfurnished,False,30,,False,4,True,27,46.44
office,97831,364.22,Koshi,Jhapa,Birtamode Municipality,2,0,unfurnished,False,16,,False,7,False,38,14.04
home,35951448,1716.44,Gandaki,Kaski,Pokhara Metropolitan City,16,1,fully-furnished,False,0,,False,3,False,33,62.56
land,7409144,4426.59,Bagmati,Kathmandu,Kathmandu Metropolitan City,32,0,,False,13,,False,0,False,0,61.07
office,48338,1473.34,Bagmati,Kathmandu,Kathmandu Metropolitan City,13,0,semi-furnished,True,30,,False,1,False,21,64.07
office,111205,1640.98,Sudurpashchim,Kailali,Dhangadhi Sub-Metropolitan City,19,0,unfurnished,True,20,,False,3,True,29,45.21
land,38205237,1501.97,Koshi,Morang,Biratnagar Metropolitan City,32,0,,False,30,,False,0,False,0,74.44
home,27660315,3111.72,Koshi,Morang,Biratnagar Metropolitan City,24,3,semi-furnished,False,30,,False,1,False,13,66.7
office,140499,4830.12,Bagmati,Lalitpur,Lalitpur Metropolitan City,2,0,semi-furnished,True,30,,False,4,False,31,43.65
home,42754929,1620.9,Sudurpashchim,Kailali,Dhangadhi Sub-Metropolitan City,32,2,fully-furnished,True,20,,False,1,False,2,75.78
home,29433815,1872.41,Bagmati,Chitwan,Bharatpur Metropolitan City,27,5,semi-furnished,False,16,,False,3,False,33,79.54
office,50262,761.85,Koshi,Jhapa,Birtamode Municipality,18,0,semi-furnished,True,10,,False,1,False,14,30.65
office,42106,1922.47,Bagmati,Lalitpur,Lalitpur Metropolitan City,22,0,unfurnished,False,16,,False,7,True,7,44.13
room,14778,104.38,Bagmati,Chitwan,Bharatpur Metropolitan City,20,0,unfurnished,False,13,single,False,4,False,5,20.88
land,28450676,3758.76,Sudurpashchim,Kailali,Dhangadhi Sub-Metropolitan City,20,0,,False,0,,False,0,False,0,36.26
office,60228,855.83,Bagmati,Lalitpur,Lalitpur Metropolitan City,25,0,semi-furnished,True,30,,False,4,False,4,56.64
home,6485473,3943.77,Bagmati,Lalitpur,Lalitpur Metropolitan City,26,3,semi-furnished,False,25,,False,3,False,24,74.65
room,40818,767.37,Koshi,Morang,Biratnagar Metropolitan City,12,1,semi-furnished,False,10,studio,False,1,False,8,61.35
home,23299992,4484.6,Bagmati,Kathmandu,Kathmandu Metropolitan City,19,3,semi-furnished,False,30,,False,3,False,26,71.69
land,3466090,1692.73,Koshi,Jhapa,Birtamode Municipality,1,0,,False,30,,False,0,False,0,45.95
land,12238663,3467.17,Bagmati,Lalitpur,Lalitpur Metropolitan City,27,0,,False,10,,False,0,False,0,36.23
home,30260263,4868.43,Lumbini,Rupandehi,Butwal Sub-Metropolitan City,15,5,semi-furnished,False,25,,False,2,False,6,74.55
home,20552751,4150.94,Lumbini,Rupandehi,Butwal Sub-Metropolitan City,25,5,semi-furnished,True,20,,False,3,False,40,72.52
land,43571289,1812.14,Lumbini,Rupandehi,Butwal Sub-Metropolitan City,13,0,,False,20,,False,0,False,0,59.04
office,34876,455.79,Bagmati,Lalitpur,Lalitpur Metropolitan City,24,0,fully-furnished,True,16,,False,5,True,15,54.99
room,39054,269.94,Bagmati,Chitwan,Bharatpur Metropolitan City,18,2,fully-furnished,True,16,double,False,5,False,10,41.66
land,42857147,4188.59,Koshi,Morang,Biratnagar Metropolitan City,20,0,,False,13,,False,0,False,0,37.2
room,29581,484.97,Bagmati,Chitwan,Bharatpur Metropolitan City,25,1,fully-furnished,True,16,2bhk,False,4,False,4,61.09
room,8785,550.44,Lumbini,Rupandehi,Butwal Sub-Metropolitan City,11,0,semi-furnished,True,16,double,False,3,False,14,49.89
room,15703,310.81,Bagmati,Chitwan,Bharatpur Metropolitan City,12,2,unfurnished,True,20,double,True,4,False,8,30.62
office,109589,3528.2,Sudurpashchim,Kailali,Dhangadhi Sub-Metropolitan City,6,0,fully-furnished,True,0,,False,8,True,29,47.58
land,44806305,3637.28,Sudurpashchim,Kailali,Dhangadhi Sub-Metropolitan City,9,0,,False,13,,False,0,False,0,49.44
office,116687,4774.58,Koshi,Morang,Biratnagar Metropolitan City,26,0,unfurnished,True,0,,False,5,False,35,37.15
land,45755044,1447.04,Bagmati,Chitwan,Bharatpur Metropolitan City,19,0,,False,30,,False,0,False,0,48.21
room,43508,796.48,Gandaki,Kaski,Pokhara Metropolitan City,23,1,unfurnished,True,16,double,False,3,False,27,30.96
office,26327,3399.86,Koshi,Jhapa,Birtamode Municipality,8,0,fully-furnished,False,13,,False,7,False,40,30.96
office,64780,4191.31,Lumbini,Rupandehi,Butwal Sub-Metropolitan City,7,0,unfurnished,True,25,,False,2,False,2,57.11
room,8132,939.12,Sudurpashchim,Kailali,Dhangadhi Sub-Metropolitan City,5,2,unfurnished,True,0,studio,True,1,False,9,49.28
room,13355,443.64,Koshi,Jhapa,Birtamode Municipality,17,0,unfurnished,True,0,1bhk,False,3,False,25,26.43
home,37847959,4467.28,Bagmati,Chitwan,Bharatpur Metropolitan City,20,2,unfurnished,False,25,,False,2,False,15,55.22
office,129940,2929.97,Lumbini,Rupandehi,Butwal Sub-Metropolitan City,19,0,unfurnished,False,16,,False,1,True,30,29.55
land,14581773,2164.74,Sudurpashchim,Kailali,Dhangadhi Sub-Metropolitan City,10,0,,False,13,,False,0,False,0,55.82
home,42240532,3954.05,Bagmati,Lalitpur,Lalitpur Metropolitan City,6,1,unfurnished,True,30,,False,2,False,25,54.73
land,30644472,3563.13,Lumbini,Rupandehi,Butwal Sub-Metropolitan City,27,0,,False,25,,False,0,False,0,69.57
home,18641113,2314.46,Bagmati,Kathmandu,Kathmandu Metropolitan City,28,5,fully-furnished,False,16,,False,1,False,26,69.3
office,120733,4882.93,Bagmati,Chitwan,Bharatpur Metropolitan City,9,0,unfurnished,True,30,,False,1,True,30,60.2
land,19506588,900.57,Bagmati,Kathmandu,Kathmandu Metropolitan City,29,0,,False,16,,False,0,False,0,63.25
land,32168437,4651.91,Sudurpashchim,Kailali,Dhangadhi Sub-Metropolitan City,27,0,,False,30,,False,0,False,0,51.11
home,7357059,2894.58,Gandaki,Kaski,Pokhara Metropolitan City,3,5,unfurnished,True,13,,False,3,False,38,53.7
office,90887,3695.92,Bagmati,Bhaktapur,Bhaktapur Municipality,32,0,semi-furnished,False,25,,False,3,False,22,46.13
office,55261,3464.03,Bagmati,Kathmandu,Kathmandu Metropolitan City,19,0,semi-furnished,False,13,,False,8,True,27,46.74
office,31771,3481.81,Lumbini,Rupandehi,Butwal Sub-Metropolitan City,24,0,unfurnished,True,20,,False,2,False,37,38.7
office,20457,3013.76,Bagmati,Chitwan,Bharatpur Metropolitan City,31,0,fully-furnished,True,13,,False,6,True,9,46.44
home,31655769,4894.87,Bagmati,Kathmandu,Kathmandu Metropolitan City,28,5,fully-furnished,True,10,,False,2,False,24,69.23
room,32328,957.73,Bagmati,Chitwan,Bharatpur Metropolitan City,11,2,fully-furnished,True,0,1bhk,True,4,False,24,45.72
land,8807693,1676.53,Bagmati,Chitwan,Bharatpur Metropolitan City,25,0,,False,16,,False,0,False,0,31.79
room,25810,682.57,Sudurpashchim,Kailali,Dhangadhi Sub-Metropolitan City,10,2,semi-furnished,False,13,single,True,3,False,22,43.81
home,43571214,3992.24,Sudurpashchim,Kailali,Dhangadhi Sub-Metropolitan City,31,5,fully-furnished,True,25,,False,3,False,13,65.84
office,84561,1212.38,Koshi,Jhapa,Birtamode Municipality,14,0,semi-furnished,True,10,,False,5,True,9,36.32
room,42054,243.41,Sudurpashchim,Kailali,Dhangadhi Sub-Metropolitan City,26,1,semi-furnished,True,10,studio,True,2,False,10,20.57
land,18396639,1702.23,Gandaki,Kaski,Pokhara Metropolitan City,3,0,,False,25,,False,0,False,0,44.4
land,42196098,3035.84,Lumbini,Rupandehi,Butwal Sub-Metropolitan City,1,0,,False,13,,False,0,False,0,37.67
home,7283670,4729.54,Bagmati,Bhaktapur,Bhaktapur Municipality,17,2,unfurnished,False,0,,False,3,False,12,38.97
home,47429964,3667.76,Gandaki,Kaski,Pokhara Metropolitan City,13,5,unfurnished,True,20,,False,3,False,23,83.63
land,35673006,2248.2,Koshi,Jhapa,Birtamode Municipality,9,0,,False,20,,False,0,False,0,45.88
room,14620,297.21,Bagmati,Kathmandu,Kathmandu Metropolitan City,30,1,unfurnished,True,16,studio,False,5,False,0,47.61
room,31366,859.74,Koshi,Jhapa,Birtamode Municipality,24,1,semi-furnished,True,0,shared,False,5,False,25,33.48
office,23947,2344.86,Gandaki,Kaski,Pokhara Metropolitan City,11,0,semi-furnished,True,25,,False,3,False,12,58.09
room,16702,336.77,Koshi,Jhapa,Birtamode Municipality,14,1,unfurnished,True,10,1bhk,False,5,False,29,22.44
home,29984257,1137.27,Lumbini,Rupandehi,Butwal Sub-Metropolitan City,14,1,fully-furnished,True,0,,False,3,False,37,41.69
room,9956,801.44,Koshi,Jhapa,Birtamode Municipality,24,1,semi-furnished,True,16,studio,False,5,False,12,53.85
office,59015,1348.82,Bagmati,Kathmandu,Kathmandu Metropolitan City,30,0,semi-furnished,False,16,,False,2,False,36,62.1
office,96490,968.93,Sudurpashchim,Kailali,Dhangadhi Sub-Metropolitan City,16,0,semi-furnished,True,25,,False,1,True,33,31.39
home,36521218,1415.87,Koshi,Morang,Biratnagar Metropolitan City,20,4,fully-furnished,True,0,,False,3,False,22,51.94
home,43437338,2038.82,Koshi,Jhapa,Birtamode Municipality,29,4,fully-furnished,False,20,,False,3,False,38,60.23
land,26344914,3092.23,Bagmati,Chitwan,Bharatpur Metropolitan City,13,0,,False,13,,False,0,False,0,39.83
office,106838,2346.75,Bagmati,Chitwan,Bharatpur Metropolitan City,24,0,unfurnished,False,10,,False,2,False,3,47.28
office,39610,447.16,Sudurpashchim,Kailali,Dhangadhi Sub-Metropolitan City,14,0,unfurnished,True,0,,False,3,False,13,21.09
office,147529,3509.61,Koshi,Jhapa,Birtamode Municipality,15,0,fully-furnished,False,25,,False,7,False,13,67.48
home,38889448,1997.34,Bagmati,Bhaktapur,Bhaktapur Municipality,14,4,semi-furnished,True,20,,False,1,False,27,76.77
land,5240447,3195.12,Koshi,Jhapa,Birtamode Municipality,7,0,,False,20,,False,0,False,0,48.96
room,9501,456.7,Bagmati,Kathmandu,Kathmandu Metropolitan City,28,2,fully-furnished,True,16,shared,False,4,False,24,61.23
home,46207373,2959.21,Sudurpashchim,Kailali,Dhangadhi Sub-Metropolitan City,31,3,unfurnished,False,0,,False,4,False,27,49.86
land,30839014,2831.29,Bagmati,Kathmandu,Kathmandu Metropolitan City,13,0,,False,13,,False,0,False,0,50.14
land,35939876,1927.93,Koshi,Morang,Biratnagar Metropolitan City,1,0,,False,30,,False,0,False,0,51.52
room,45660,491.8,Gandaki,Kaski,Pokhara Metropolitan City,27,1,semi-furnished,False,10,2bhk,True,5,False,14,44.48
land,41426536,1262.3,Sudurpashchim,Kailali,Dhangadhi Sub-Metropolitan City,21,0,,False,0,,False,0,False,0,47.16
office,149416,1920.42,Koshi,Morang,Biratnagar Metropolitan City,28,0,fully-furnished,True,16,,False,5,False,28,49.55
home,22718282,1948.44,Bagmati,Lalitpur,Lalitpur Metropolitan City,29,3,fully-furnished,False,20,,False,3,False,39,53.7
land,24701001,1378.29,Gandaki,Kaski,Pokhara Metropolitan City,26,0,,False,0,,False,0,False,0,39.28
home,43295567,2948.32,Bagmati,Bhaktapur,Bhaktapur Municipality,3,5,unfurnished,False,13,,False,4,False,38,54.47
room,23217,368.35,Bagmati,Bhaktapur,Bhaktapur Municipality,15,1,semi-furnished,False,20,shared,True,1,False,5,47.96
room,23409,128.97,Bagmati,Lalitpur,Lalitpur Metropolitan City,25,2,fully-furnished,True,20,1bhk,True,2,False,10,65.05
office,20090,2094.28,Bagmati,Chitwan,Bharatpur Metropolitan City,19,0,semi-furnished,True,10,,False,8,False,16,25.99
room,46196,487.28,Lumbini,Rupandehi,Butwal Sub-Metropolitan City,30,0,unfurnished,True,16,single,True,2,False,3,50.99
land,48672915,3826.21,Koshi,Morang,Biratnagar Metropolitan City,16,0,,False,16,,False,0,False,0,61.95
room,12596,739.14,Koshi,Morang,Biratnagar Metropolitan City,27,0,fully-furnished,False,0,shared,True,2,False,6,61.87
home,49393027,3801.52,Koshi,Morang,Biratnagar Metropolitan City,27,4,fully-furnished,True,30,,False,2,False,32,68.6
room,9698,789.78,Koshi,Morang,Biratnagar Metropolitan City,1,1,unfurnished,False,16,double,True,1,False,28,38.19
land,26744511,4378.94,Bagmati,Kathmandu,Kathmandu Metropolitan City,12,0,,False,30,,False,0,False,0,68.0
land,40509598,4618.25,Lumbini,Rupandehi,Butwal Sub-Metropolitan City,6,0,,False,0,,False,0,False,0,42.2
land,41815659,3312.62,Koshi,Jhapa,Birtamode Municipality,19,0,,False,0,,False,0,False,0,37.48
office,66693,470.06,Gandaki,Kaski,Pokhara Metropolitan City,24,0,semi-furnished,True,20,,False,2,True,36,51.81
office,124196,2657.83,Koshi,Jhapa,Birtamode Municipality,6,0,unfurnished,False,0,,False,8,True,34,0.0
room,21369,637.7,Bagmati,Kathmandu,Kathmandu Metropolitan City,10,1,unfurnished,False,0,studio,True,5,False,13,43.01
home,14428606,1671.65,Bagmati,Lalitpur,Lalitpur Metropolitan City,15,1,fully-furnished,False,20,,False,3,False,10,72.74
land,6500540,877.8,Bagmati,Bhaktapur,Bhaktapur Municipality,17,0,,False,30,,False,0,False,0,57.91
office,81759,4697.48,Gandaki,Kaski,Pokhara Metropolitan City,5,0,semi-furnished,False,20,,False,6,False,9,66.41
room,14961,449.79,Lumbini,Rupandehi,Butwal Sub-Metropolitan City,1,0,unfurnished,True,16,2bhk,True,1,False,20,29.99
land,27870431,3245.21,Gandaki,Kaski,Pokhara Metropolitan City,25,0,,False,0,,False,0,False,0,40.94
room,19011,706.4,Koshi,Jhapa,Birtamode Municipality,32,0,fully-furnished,False,0,2bhk,True,5,False,2,58.59
home,46243842,4474.17,Bagmati,Lalitpur,Lalitpur Metropolitan City,15,5,fully-furnished,True,0,,False,2,False,20,57.8
office,123288,579.97,Koshi,Morang,Biratnagar Metropolitan City,9,0,fully-furnished,True,0,,False,5,False,38,30.2
land,28964626,4490.33,Koshi,Jhapa,Birtamode Municipality,2,0,,False,25,,False,0,False,0,49.11
office,67095,4844.37,Bagmati,Lalitpur,Lalitpur Metropolitan City,4,0,fully-furnished,False,10,,False,2,True,9,61.44
home,13217423,824.72,Bagmati,Kathmandu,Kathmandu Metropolitan City,28,4,semi-furnished,True,25,,False,1,False,16,77.29
office,111942,4419.28,Bagmati,Chitwan,Bharatpur Metropolitan City,3,0,fully-furnished,False,0,,False,5,True,35,24.09
room,25276,607.53,Gandaki,Kaski,Pokhara Metropolitan City,28,1,unfurnished,False,0,studio,True,5,False,21,26.98
land,49460192,4259.09,Koshi,Morang,Biratnagar Metropolitan City,27,0,,False,16,,False,0,False,0,43.17
room,44536,488.98,Bagmati,Chitwan,Bharatpur Metropolitan City,26,1,unfurnished,False,20,2bhk,True,4,False,8,43.97
room,48544,374.54,Bagmati,Bhaktapur,Bhaktapur Municipality,6,0,semi-furnished,False,16,2bhk,False,4,False,5,47.62
home,31208320,2707.39,Koshi,Morang,Biratnagar Metropolitan City,19,5,fully-furnished,False,10,,False,1,False,6,72.66
room,49288,225.09,Koshi,Jhapa,Birtamode Municipality,32,2,fully-furnished,False,13,2bhk,False,5,False,10,21.96
home,34929907,1343.8,Bagmati,Kathmandu,Kathmandu Metropolitan City,25,4,fully-furnished,True,30,,False,4,False,24,93.12
office,44856,337.03,Bagmati,Bhaktapur,Bhaktapur Municipality,28,0,semi-furnished,True,13,,False,7,False,30,35.91
land,13563023,2289.18,Bagmati,Kathmandu,Kathmandu Metropolitan City,26,0,,False,30,,False,0,False,0,76.85
office,28245,510.58,Lumbini,Rupandehi,Butwal Sub-Metropolitan City,19,0,semi-furnished,False,10,,False,4,True,9,47.62
home,18628405,1553.11,Koshi,Morang,Biratnagar Metropolitan City,18,3,fully-furnished,False,30,,False,4,False,2,89.76
room,12097,640.18,Bagmati,Kathmandu,Kathmandu Metropolitan City,20,2,fully-furnished,True,13,single,False,2,False,0,67.75
home,10882536,1636.72,Koshi,Morang,Biratnagar Metropolitan City,22,2,unfurnished,True,20,,False,3,False,23,68.33
land,44854206,3334.26,Koshi,Jhapa,Birtamode Municipality,22,0,,False,10,,False,0,False,0,48.44
home,13293283,1427.58,Bagmati,Chitwan,Bharatpur Metropolitan City,16,1,unfurnished,True,10,,False,3,False,16,51.34
land,45994987,4607.73,Gandaki,Kaski,Pokhara Metropolitan City,18,0,,False,30,,False,0,False,0,80.42
room,43274,826.7,Bagmati,Lalitpur,Lalitpur Metropolitan City,2,2,unfurnished,True,13,2bhk,True,4,False,28,54.15
home,14971538,989.56,Lumbini,Rupandehi,Butwal Sub-Metropolitan City,20,1,fully-furnished,False,20,,False,2,False,14,70.56
home,42973519,3415.38,Bagmati,Lalitpur,Lalitpur Metropolitan City,32,5,fully-furnished,True,25,,False,1,False,2,76.16
home,32407253,1483.02,Koshi,Jhapa,Birtamode Municipality,20,3,semi-furnished,False,30,,False,2,False,21,53.43
office,121751,4870.3,Koshi,Morang,Biratnagar Metropolitan City,29,0,semi-furnished,True,16,,False,4,False,32,42.53
home,38151134,3945.74,Sudurpashchim,Kailali,Dhangadhi Sub-Metropolitan City,13,2,semi-furnished,False,13,,False,2,False,8,56.24
home,36268777,1290.37,Koshi,Morang,Biratnagar Metropolitan City,21,5,unfurnished,True,20,,False,1,False,21,57.65
home,20461968,2212.92,Bagmati,Kathmandu,Kathmandu Metropolitan City,17,5,unfurnished,True,20,,False,4,False,10,75.47
room,36517,457.04,Bagmati,Kathmandu,Kathmandu Metropolitan City,29,2,semi-furnished,True,20,double,False,3,False,10,70.79
office,36958,3697.91,Sudurpashchim,Kailali,Dhangadhi Sub-Metropolitan City,6,0,fully-furnished,False,13,,False,4,True,13,51.69
room,16930,192.45,Koshi,Jhapa,Birtamode Municipality,13,2,fully-furnished,True,0,studio,False,1,False,8,20.55
home,13172598,3469.4,Bagmati,Chitwan,Bharatpur Metropolitan City,1,1,semi-furnished,True,13,,False,3,False,22,53.13
office,80471,1956.88,Bagmati,Bhaktapur,Bhaktapur Municipality,20,0,semi-furnished,False,10,,False,4,True,38,34.16
land,27321903,3639.16,Lumbini,Rupandehi,Butwal Sub-Metropolitan City,8,0,,False,10,,False,0,False,0,43.33
home,35260971,4099.06,Gandaki,Kaski,Pokhara Metropolitan City,18,2,unfurnished,False,30,,False,4,False,1,67.28
land,45492038,3909.14,Bagmati,Lalitpur,Lalitpur Metropolitan City,3,0,,False,13,,False,0,False,0,48.13
room,40527,639.78,Gandaki,Kaski,Pokhara Metropolitan City,20,1,unfurnished,False,20,2bhk,False,1,False,23,29.53
land,6602896,2900.46,Sudurpashchim,Kailali,Dhangadhi Sub-Metropolitan City,31,0,,False,25,,False,0,False,0,48.6
land,13297612,3162.56,Bagmati,Bhaktapur,Bhaktapur Municipality,24,0,,False,16,,False,0,False,0,46.49
home,19736470,2635.84,Bagmati,Chitwan,Bharatpur Metropolitan City,30,5,fully-furnished,False,13,,False,1,False,13,42.13
land,18375430,1419.73,Gandaki,Kaski,Pokhara Metropolitan City,11,0,,False,30,,False,0,False,0,81.05
room,36768,936.44,Koshi,Morang,Biratnagar Metropolitan City,3,0,semi-furnished,False,10,2bhk,True,3,False,23,47.99
home,25780525,3133.42,Sudurpashchim,Kailali,Dhangadhi Sub-Metropolitan City,26,4,semi-furnished,False,13,,False,1,False,29,48.0
home,28706356,2416.98,Bagmati,Kathmandu,Kathmandu Metropolitan City,26,4,fully-furnished,True,25,,False,4,False,24,80.04
home,17145724,1304.61,Bagmati,Bhaktapur,Bhaktapur Municipality,10,5,fully-furnished,True,20,,False,2,False,32,63.08
home,22554949,3133.51,Koshi,Jhapa,Birtamode Municipality,31,4,fully-furnished,False,13,,False,2,False,38,71.2
home,29169471,4606.5,Gandaki,Kaski,Pokhara Metropolitan City,1,5,semi-furnished,True,25,,False,1,False,25,86.72
office,91182,4470.99,Koshi,Jhapa,Birtamode Municipality,3,0,semi-furnished,True,0,,False,3,True,16,38.08
home,23597025,2988.41,Bagmati,Chitwan,Bharatpur Metropolitan City,22,5,unfurnished,True,0,,False,3,False,27,59.64
land,15167883,4857.55,Koshi,Morang,Biratnagar Metropolitan City,10,0,,False,0,,False,0,False,0,39.33
office,109418,2498.11,Bagmati,Kathmandu,Kathmandu Metropolitan City,16,0,fully-furnished,False,30,,False,1,False,35,46.65
office,89340,3241.82,Gandaki,Kaski,Pokhara Metropolitan City,17,0,fully-furnished,True,25,,False,7,False,37,47.92
room,24908,615.44,Koshi,Morang,Biratnagar Metropolitan City,24,1,fully-furnished,True,16,1bhk,True,1,False,6,55.97
home,38322553,2213.11,Koshi,Jhapa,Birtamode Municipality,26,2,semi-furnished,False,16,,False,4,False,33,47.39
office,47472,2020.7,Lumbini,Rupandehi,Butwal Sub-Metropolitan City,32,0,semi-furnished,False,0,,False,4,False,5,38.92
room,22421,626.34,Lumbini,Rupandehi,Butwal Sub-Metropolitan City,5,0,unfurnished,False,10,studio,False,2,False,6,35.45
land,10716277,4352.96,Gandaki,Kaski,Pokhara Metropolitan City,32,0,,False,13,,False,0,False,0,48.92
land,18028616,1022.48,Bagmati,Kathmandu,Kathmandu Metropolitan City,7,0,,False,20,,False,0,False,0,60.28
room,8014,573.12,Bagmati,Lalitpur,Lalitpur Metropolitan City,20,1,semi-furnished,True,10,studio,False,4,False,19,33.11
land,43514217,4969.14,Bagmati,Bhaktapur,Bhaktapur Municipality,17,0,,False,0,,False,0,False,0,35.39
land,28801573,1118.17,Bagmati,Lalitpur,Lalitpur Metropolitan City,26,0,,False,30,,False,0,False,0,52.94
office,102423,1765.77,Bagmati,Chitwan,Bharatpur Metropolitan City,2,0,unfurnished,True,13,,False,8,True,33,44.79
office,95011,3181.56,Bagmati,Kathmandu,Kathmandu Metropolitan City,30,0,semi-furnished,False,25,,False,4,False,28,33.7
land,15161833,1208.14,Bagmati,Bhaktapur,Bhaktapur Municipality,26,0,,False,30,,False,0,False,0,71.41
office,49323,2332.04,Gandaki,Kaski,Pokhara Metropolitan City,12,0,unfurnished,True,0,,False,6,False,36,41.49
home,46637686,4626.92,Lumbini,Rupandehi,Butwal Sub-Metropolitan City,18,4,fully-furnished,False,13,,False,4,False,39,56.36
home,12955419,2761.0,Gandaki,Kaski,Pokhara Metropolitan City,32,1,unfurnished,False,13,,False,1,False,29,25.03
home,32763527,3866.66,Lumbini,Rupandehi,Butwal Sub-Metropolitan City,12,1,unfurnished,False,20,,False,3,False,26,47.67
office,119115,464.19,Sudurpashchim,Kailali,Dhangadhi Sub-Metropolitan City,5,0,unfurnished,False,25,,False,8,True,22,34.73
office,127198,4351.36,Sudurpashchim,Kailali,Dhangadhi Sub-Metropolitan City,31,0,unfurnished,False,30,,False,4,True,26,33.14
room,33079,145.95,Bagmati,Chitwan,Bharatpur Metropolitan City,32,1,fully-furnished,False,16,studio,False,3,False,19,27.67
room,33378,566.42,Koshi,Jhapa,Birtamode Municipality,22,2,unfurnished,False,20,2bhk,False,4,False,23,49.07
room,23637,857.76,Bagmati,Lalitpur,Lalitpur Metropolitan City,23,1,semi-furnished,False,13,2bhk,True,2,False,8,57.76
room,19118,498.42,Bagmati,Kathmandu,Kathmandu Metropolitan City,16,0,unfurnished,False,20,1bhk,False,3,False,28,30.92
room,23533,889.78,Gandaki,Kaski,Pokhara Metropolitan City,22,2,semi-furnished,False,20,single,False,5,False,0,43.58
home,40814521,1634.63,Koshi,Morang,Biratnagar Metropolitan City,14,3,semi-furnished,True,10,,False,1,False,15,56.91
office,88794,4887.28,Koshi,Jhapa,Birtamode Municipality,20,0,fully-furnished,False,30,,False,1,False,14,49.34
home,23443960,4863.88,Lumbini,Rupandehi,Butwal Sub-Metropolitan City,4,1,semi-furnished,True,25,,False,4,False,13,67.71
room,11007,382.8,Bagmati,Bhaktapur,Bhaktapur Municipality,2,1,semi-furnished,False,20,double,False,5,False,13,36.5
home,36358569,4683.01,Gandaki,Kaski,Pokhara Metropolitan City,19,3,unfurnished,False,13,,False,4,False,27,57.09
home,14159727,4373.21,Bagmati,Kathmandu,Kathmandu Metropolitan City,14,4,fully-furnished,False,13,,False,1,False,21,83.68
land,7685259,4218.1,Bagmati,Bhaktapur,Bhaktapur Municipality,19,0,,False,0,,False,0,False,0,47.67
land,32273600,3401.63,Bagmati,Lalitpur,Lalitpur Metropolitan City,12,0,,False,0,,False,0,False,0,44.72
land,23067543,1194.43,Lumbini,Rupandehi,Butwal Sub-Metropolitan City,21,0,,False,20,,False,0,False,0,52.96
office,81516,2959.17,Bagmati,Chitwan,Bharatpur Metropolitan City,31,0,fully-furnished,True,10,,False,1,False,5,49.3
room,37306,900.5,Bagmati,Chitwan,Bharatpur Metropolitan City,14,1,semi-furnished,False,20,1bhk,True,3,False,0,67.14
home,36362802,933.16,Koshi,Morang,Biratnagar Metropolitan City,27,1,unfurnished,False,30,,False,4,False,21,52.55
office,103428,2560.16,Koshi,Jhapa,Birtamode Municipality,4,0,unfurnished,True,10,,False,3,True,25,37.66
home,38016504,1334.98,Bagmati,Lalitpur,Lalitpur Metropolitan City,8,4,semi-furnished,False,20,,False,3,False,6,75.95
home,38591252,2527.15,Gandaki,Kaski,Pokhara Metropolitan City,32,4,fully-furnished,False,25,,False,1,False,31,66.97
land,27385025,4333.6,Bagmati,Lalitpur,Lalitpur Metropolitan City,26,0,,False,0,,False,0,False,0,31.96
office,24694,491.9,Bagmati,Kathmandu,Kathmandu Metropolitan City,18,0,semi-furnished,True,30,,False,5,False,33,54.64
home,39731831,1757.59,Bagmati,Chitwan,Bharatpur Metropolitan City,1,3,semi-furnished,True,16,,False,3,False,18,63.86
room,39405,658.17,Bagmati,Kathmandu,Kathmandu Metropolitan City,17,1,unfurnished,True,20,single,True,1,False,27,52.57
home,22201936,4175.07,Lumbini,Rupandehi,Butwal Sub-Metropolitan City,25,2,unfurnished,True,16,,False,4,False,33,46.13
room,10729,994.46,Koshi,Morang,Biratnagar Metropolitan City,17,1,unfurnished,True,0,double,True,1,False,14,43.69
office,128114,4270.29,Koshi,Morang,Biratnagar Metropolitan City,1,0,semi-furnished,True,16,,False,1,True,23,36.87
home,45738550,4575.52,Bagmati,Bhaktapur,Bhaktapur Municipality,3,5,unfurnished,False,16,,False,2,False,14,76.3
home,31813386,2304.51,Bagmati,Kathmandu,Kathmandu Metropolitan City,16,3,semi-furnished,True,10,,False,1,False,28,46.6
room,11940,824.58,Bagmati,Lalitpur,Lalitpur Metropolitan City,18,1,unfurnished,False,10,double,True,1,False,4,49.06
home,26901511,3145.39,Koshi,Morang,Biratnagar Metropolitan City,6,1,fully-furnished,False,10,,False,2,False,5,65.83
home,30803992,3983.87,Sudurpashchim,Kailali,Dhangadhi Sub-Metropolitan City,3,5,fully-furnished,True,13,,False,1,False,2,64.36
land,22319633,1978.48,Gandaki,Kaski,Pokhara Metropolitan City,23,0,,False,25,,False,0,False,0,63.73
home,37575546,2662.55,Lumbini,Rupandehi,Butwal Sub-Metropolitan City,23,5,semi-furnished,True,20,,False,2,False,17,81.55
room,14879,573.64,Koshi,Morang,Biratnagar Metropolitan City,16,1,fully-furnished,True,16,double,True,5,False,27,26.29
office,96923,4304.17,Bagmati,Bhaktapur,Bhaktapur Municipality,18,0,semi-furnished,True,20,,False,6,True,23,52.57
office,122687,3937.82,Koshi,Morang,Biratnagar Metropolitan City,27,0,unfurnished,True,13,,False,6,True,15,18.09
land,44646124,3830.1,Bagmati,Kathmandu,Kathmandu Metropolitan City,28,0,,False,13,,False,0,False,0,45.79
room,30189,448.91,Bagmati,Chitwan,Bharatpur Metropolitan City,30,0,unfurnished,False,20,1bhk,False,5,False,23,45.96
room,16927,559.38,Bagmati,Lalitpur,Lalitpur Metropolitan City,2,1,semi-furnished,False,13,single,True,3,False,0,49.21
office,66176,1929.35,Lumbini,Rupandehi,Butwal Sub-Metropolitan City,24,0,unfurnished,True,13,,False,6,True,3,38.04
home,27128167,2675.87,Sudurpashchim,Kailali,Dhangadhi Sub-Metropolitan City,10,3,semi-furnished,False,25,,False,4,False,31,55.42
room,15698,432.94,Bagmati,Chitwan,Bharatpur Metropolitan City,12,1,fully-furnished,False,10,shared,True,4,False,19,60.06
land,22127553,2821.88,Lumbini,Rupandehi,Butwal Sub-Metropolitan City,2,0,,False,30,,False,0,False,0,42.67
room,28351,592.68,Koshi,Morang,Biratnagar Metropolitan City,19,2,semi-furnished,False,0,studio,False,2,False,6,28.83
office,63239,851.84,Koshi,Morang,Biratnagar Metropolitan City,32,0,semi-furnished,True,13,,False,1,True,28,55.92
office,123708,3233.11,Koshi,Jhapa,Birtamode Municipality,17,0,fully-furnished,False,13,,False,2,True,9,66.67
home,18243558,2468.66,Lumbini,Rupandehi,Butwal Sub-Metropolitan City,31,1,semi-furnished,False,0,,False,2,False,17,46.48
office,57082,562.65,Bagmati,Lalitpur,Lalitpur Metropolitan City,4,0,semi-furnished,False,20,,False,4,False,22,36.41
room,20277,931.27,Koshi,Morang,Biratnagar Metropolitan City,24,0,semi-furnished,True,10,shared,False,4,False,13,58.81
land,23234812,3962.1,Sudurpashchim,Kailali,Dhangadhi Sub-Metropolitan City,23,0,,False,30,,False,0,False,0,66.61
land,6410144,3964.27,Bagmati,Lalitpur,Lalitpur Metropolitan City,27,0,,False,13,,False,0,False,0,56.14
land,25121025,1081.82,Gandaki,Kaski,Pokhara Metropolitan City,31,0,,False,25,,False,0,False,0,53.3
room,45950,184.14,Lumbini,Rupandehi,Butwal Sub-Metropolitan City,11,2,unfurnished,True,10,studio,False,1,False,24,24.88
land,41638178,855.0,Gandaki,Kaski,Pokhara Metropolitan City,27,0,,False,20,,False,0,False,0,55.89
room,10189,981.57,Sudurpashchim,Kailali,Dhangadhi Sub-Metropolitan City,2,1,semi-furnished,True,20,single,True,1,False,11,49.41
home,24128406,1479.41,Gandaki,Kaski,Pokhara Metropolitan City,3,1,fully-furnished,True,25,,False,2,False,13,88.14
home,17411178,3267.23,Koshi,Jhapa,Birtamode Municipality,32,1,unfurnished,True,20,,False,4,False,33,55.57
land,22013724,2971.32,Bagmati,Bhaktapur,Bhaktapur Municipality,14,0,,False,16,,False,0,False,0,42.74
land,32009612,4023.58,Sudurpashchim,Kailali,Dhangadhi Sub-Metropolitan City,27,0,,False,16,,False,0,False,0,57.34
room,43630,765.23,Gandaki,Kaski,Pokhara Metropolitan City,9,1,semi-furnished,True,10,shared,True,4,False,13,53.41
office,126977,999.83,Bagmati,Chitwan,Bharatpur Metropolitan City,18,0,semi-furnished,False,13,,False,1,False,29,44.99
home,45216394,3998.83,Sudurpashchim,Kailali,Dhangadhi Sub-Metropolitan City,11,4,semi-furnished,True,16,,False,3,False,33,69.08
office,59629,4176.51,Bagmati,Lalitpur,Lalitpur Metropolitan City,29,0,semi-furnished,True,13,,False,7,False,5,39.47
room,22236,833.9,Bagmati,Chitwan,Bharatpur Metropolitan City,25,1,fully-furnished,True,13,shared,False,4,False,9,51.6
home,15240565,843.0,Bagmati,Bhaktapur,Bhaktapur Municipality,18,4,unfurnished,True,30,,False,4,False,17,66.01
office,125882,3438.06,Koshi,Jhapa,Birtamode Municipality,27,0,unfurnished,True,0,,False,3,True,36,14.87
home,42593374,1918.42,Bagmati,Bhaktapur,Bhaktapur Municipality,9,4,fully-furnished,True,0,,False,2,False,29,64.13
home,23108751,3769.41,Gandaki,Kaski,Pokhara Metropolitan City,32,1,semi-furnished,True,10,,False,4,False,31,75.56
room,11372,551.3,Bagmati,Chitwan,Bharatpur Metropolitan City,32,1,semi-furnished,False,20,studio,False,4,False,21,23.89
room,44806,552.17,Koshi,Jhapa,Birtamode Municipality,30,0,fully-furnished,False,13,single,True,4,False,20,41.16
office,143291,3303.99,Lumbini,Rupandehi,Butwal Sub-Metropolitan City,17,0,unfurnished,False,10,,False,7,True,10,44.32
land,20136922,2467.67,Lumbini,Rupandehi,Butwal Sub-Metropolitan City,24,0,,False,16,,False,0,False,0,52.28
home,16916628,4158.47,Koshi,Morang,Biratnagar Metropolitan City,17,1,fully-furnished,False,10,,False,1,False,32,48.13
office,33074,2442.79,Koshi,Jhapa,Birtamode Municipality,17,0,semi-furnished,True,0,,False,4,False,5,27.6
room,34794,824.02,Bagmati,Lalitpur,Lalitpur Metropolitan City,2,1,unfurnished,True,10,double,False,5,False,10,45.97
land,15457396,4952.23,Bagmati,Kathmandu,Kathmandu Metropolitan City,17,0,,False,30,,False,0,False,0,55.3
office,46845,2230.56,Bagmati,Bhaktapur,Bhaktapur Municipality,28,0,fully-furnished,False,25,,False,1,False,8,39.7
home,7721752,806.57,Gandaki,Kaski,Pokhara Metropolitan City,7,5,unfurnished,True,25,,False,4,False,2,87.71
room,13342,214.22,Bagmati,Kathmandu,Kathmandu Metropolitan City,10,1,semi-furnished,False,13,1bhk,False,3,False,19,43.69
room,19808,525.77,Bagmati,Kathmandu,Kathmandu Metropolitan City,9,1,unfurnished,False,0,single,False,2,False,10,35.78
home,5418697,2110.87,Sudurpashchim,Kailali,Dhangadhi Sub-Metropolitan City,3,4,semi-furnished,False,0,,False,2,False,2,57.23
land,13277234,3259.96,Koshi,Jhapa,Birtamode Municipality,1,0,,False,10,,False,0,False,0,52.07
office,125326,1651.25,Bagmati,Lalitpur,Lalitpur Metropolitan City,30,0,fully-furnished,False,0,,False,5,False,15,47.83
land,43908833,1757.07,Bagmati,Bhaktapur,Bhaktapur Municipality,19,0,,False,10,,False,0,False,0,58.71
room,19771,819.86,Lumbini,Rupandehi,Butwal Sub-Metropolitan City,16,2,semi-furnished,False,13,studio,True,2,False,7,47.57
office,146880,4550.34,Gandaki,Kaski,Pokhara Metropolitan City,6,0,semi-furnished,False,20,,False,1,False,9,62.28
office,39633,1859.26,Bagmati,Chitwan,Bharatpur Metropolitan City,21,0,semi-furnished,False,10,,False,1,True,25,42.36
land,24077918,2655.19,Lumbini,Rupandehi,Butwal Sub-Metropolitan City,10,0,,False,0,,False,0,False,0,43.89
land,48981968,4584.71,Bagmati,Kathmandu,Kathmandu Metropolitan City,23,0,,False,16,,False,0,False,0,44.17
office,20359,2303.45,Sudurpashchim,Kailali,Dhangadhi Sub-Metropolitan City,3,0,semi-furnished,False,0,,False,2,True,5,40.18
land,49181370,2650.65,Sudurpashchim,Kailali,Dhangadhi Sub-Metropolitan City,25,0,,False,20,,False,0,False,0,42.23
home,17591187,2332.9,Gandaki,Kaski,Pokhara Metropolitan City,16,5,fully-furnished,True,0,,False,3,False,17,61.85
room,35433,971.49,Sudurpashchim,Kailali,Dhangadhi Sub-Metropolitan City,21,1,semi-furnished,True,16,1bhk,False,2,False,4,40.77
home,16853946,1421.2,Bagmati,Lalitpur,Lalitpur Metropolitan City,3,4,unfurnished,False,16,,False,3,False,40,48.51
land,5316683,1313.54,Koshi,Morang,Biratnagar Metropolitan City,2,0,,False,13,,False,0,False,0,66.13
land,39532257,3753.41,Bagmati,Lalitpur,Lalitpur Metropolitan City,21,0,,False,20,,False,0,False,0,68.0
room,22506,144.91,Bagmati,Kathmandu,Kathmandu Metropolitan City,7,1,semi-furnished,False,13,2bhk,True,2,False,13,52.5
home,29716496,2125.98,Gandaki,Kaski,Pokhara Metropolitan City,1,3,fully-furnished,False,25,,False,1,False,0,71.2
room,25271,465.06,Sudurpashchim,Kailali,Dhangadhi Sub-Metropolitan City,8,1,semi-furnished,False,0,2bhk,True,1,False,25,26.3
land,10470500,2595.6,Lumbini,Rupandehi,Butwal Sub-Metropolitan City,18,0,,False,30,,False,0,False,0,46.84
room,22678,596.62,Bagmati,Bhaktapur,Bhaktapur Municipality,11,1,unfurnished,False,0,studio,False,4,False,16,23.72
office,69148,3144.11,Bagmati,Lalitpur,Lalitpur Metropolitan City,25,0,fully-furnished,False,20,,False,2,False,15,48.05
land,49011934,4918.44,Gandaki,Kaski,Pokhara Metropolitan City,5,0,,False,13,,False,0,False,0,61.49
land,39788826,3308.28,Koshi,Morang,Biratnagar Metropolitan City,25,0,,False,10,,False,0,False,0,42.53
land,28219034,3232.09,Gandaki,Kaski,Pokhara Metropolitan City,32,0,,False,13,,False,0,False,0,61.24
land,5896443,3807.54,Lumbini,Rupandehi,Butwal Sub-Metropolitan City,17,0,,False,16,,False,0,False,0,53.44
room,29892,845.23,Koshi,Morang,Biratnagar Metropolitan City,23,1,semi-furnished,False,0,2bhk,False,4,False,27,50.06
land,3828792,2385.42,Koshi,Morang,Biratnagar Metropolitan City,17,0,,False,16,,False,0,False,0,34.89
room,19946,232.48,Sudurpashchim,Kailali,Dhangadhi Sub-Metropolitan City,28,2,fully-furnished,True,16,single,True,4,False,25,49.85
land,4339987,2903.89,Bagmati,Lalitpur,Lalitpur Metropolitan City,28,0,,False,25,,False,0,False,0,67.86
land,3216611,2574.82,Bagmati,Lalitpur,Lalitpur Metropolitan City,15,0,,False,20,,False,0,False,0,46.51
room,12406,833.12,Bagmati,Lalitpur,Lalitpur Metropolitan City,1,2,fully-furnished,True,10,double,False,4,False,21,60.29
land,47850675,4694.99,Bagmati,Bhaktapur,Bhaktapur Municipality,23,0,,False,25,,False,0,False,0,59.05
office,131560,4169.42,Sudurpashchim,Kailali,Dhangadhi Sub-Metropolitan City,30,0,semi-furnished,True,0,,False,5,False,8,33.48
home,27538616,1241.76,Koshi,Jhapa,Birtamode Municipality,7,4,unfurnished,False,13,,False,4,False,1,54.21
office,146059,3287.98,Lumbini,Rupandehi,Butwal Sub-Metropolitan City,13,0,unfurnished,False,16,,False,2,True,9,39.96
room,32143,973.84,Bagmati,Kathmandu,Kathmandu Metropolitan City,8,2,fully-furnished,False,13,2bhk,True,3,False,1,84.48
office,81207,797.45,Bagmati,Kathmandu,Kathmandu Metropolitan City,23,0,unfurnished,False,30,,False,7,False,12,52.52
land,35887663,3842.54,Koshi,Morang,Biratnagar Metropolitan City,9,0,,False,25,,False,0,False,0,60.46
room,26491,949.49,Lumbini,Rupandehi,Butwal Sub-Metropolitan City,29,2,semi-furnished,True,13,1bhk,False,5,False,9,41.94
home,43835153,2423.84,Gandaki,Kaski,Pokhara Metropolitan City,24,5,semi-furnished,True,10,,False,3,False,9,65.03
land,28499096,964.8,Bagmati,Kathmandu,Kathmandu Metropolitan City,13,0,,False,13,,False,0,False,0,65.51
land,35943909,2340.55,Koshi,Jhapa,Birtamode Municipality,10,0,,False,0,,False,0,False,0,27.6
office,51322,1290.85,Bagmati,Lalitpur,Lalitpur Metropolitan City,13,0,unfurnished,True,10,,False,2,True,35,38.7
home,31394913,2147.93,Lumbini,Rupandehi,Butwal Sub-Metropolitan City,3,5,fully-furnished,False,13,,False,2,False,15,70.28
room,19250,481.17,Koshi,Morang,Biratnagar Metropolitan City,12,0,fully-furnished,False,20,studio,False,4,False,16,44.89
land,30060371,3101.68,Bagmati,Lalitpur,Lalitpur Metropolitan City,12,0,,False,20,,False,0,False,0,55.29
room,23122,210.0,Gandaki,Kaski,Pokhara Metropolitan City,24,1,fully-furnished,True,20,double,True,4,False,20,50.9
office,21058,4556.63,Lumbini,Rupandehi,Butwal Sub-Metropolitan City,22,0,fully-furnished,False,25,,False,8,False,3,59.3
room,40436,723.45,Koshi,Morang,Biratnagar Metropolitan City,31,2,unfurnished,True,16,shared,True,1,False,29,46.91
room,28923,371.63,Bagmati,Bhaktapur,Bhaktapur Municipality,14,1,semi-furnished,True,20,2bhk,True,1,False,22,36.52
office,97019,448.79,Koshi,Morang,Biratnagar Metropolitan City,23,0,fully-furnished,False,10,,False,1,False,32,34.3
home,30042334,3284.4,Bagmati,Kathmandu,Kathmandu Metropolitan City,25,4,unfurnished,False,16,,False,2,False,39,68.39
home,32309056,3221.8,Bagmati,Chitwan,Bharatpur Metropolitan City,13,5,semi-furnished,False,0,,False,3,False,20,62.03
office,140945,1370.8,Bagmati,Kathmandu,Kathmandu Metropolitan City,18,0,unfurnished,False,13,,False,2,True,4,42.73
room,46863,872.3,Bagmati,Kathmandu,Kathmandu Metropolitan City,10,2,semi-furnished,True,13,shared,True,1,False,29,54.63
land,45974812,2871.2,Bagmati,Kathmandu,Kathmandu Metropolitan City,5,0,,False,20,,False,0,False,0,42.09
land,45121285,4825.36,Koshi,Jhapa,Birtamode Municipality,14,0,,False,20,,False,0,False,0,48.2
room,29034,974.02,Gandaki,Kaski,Pokhara Metropolitan City,29,1,unfurnished,False,20,2bhk,True,1,False,2,69.63
office,59264,4318.93,Koshi,Morang,Biratnagar Metropolitan City,3,0,semi-furnished,False,16,,False,1,True,26,31.39
home,27436039,1586.98,Bagmati,Chitwan,Bharatpur Metropolitan City,25,3,semi-furnished,False,10,,False,1,False,11,51.6
home,31131264,3778.0,Bagmati,Lalitpur,Lalitpur Metropolitan City,22,5,unfurnished,True,10,,False,2,False,36,64.31
land,8594196,4297.09,Bagmati,Chitwan,Bharatpur Metropolitan City,32,0,,False,30,,False,0,False,0,41.63
home,30831620,1762.11,Lumbini,Rupandehi,Butwal Sub-Metropolitan City,19,4,fully-furnished,False,30,,False,3,False,30,68.16
land,19766166,918.11,Bagmati,Kathmandu,Kathmandu Metropolitan City,27,0,,False,20,,False,0,False,0,64.9
land,26989431,2598.44,Sudurpashchim,Kailali,Dhangadhi Sub-Metropolitan City,4,0,,False,0,,False,0,False,0,32.54
home,22432102,1360.54,Koshi,Jhapa,Birtamode Municipality,22,1,unfurnished,True,0,,False,2,False,10,44.13
land,7521460,2153.2,Bagmati,Chitwan,Bharatpur Metropolitan City,32,0,,False,16,,False,0,False,0,56.23
land,47590992,2575.33,Sudurpashchim,Kailali,Dhangadhi Sub-Metropolitan City,22,0,,False,30,,False,0,False,0,58.72
room,22308,209.66,Bagmati,Lalitpur,Lalitpur Metropolitan City,18,1,semi-furnished,False,13,2bhk,True,2,False,16,39.72
land,49750880,4590.6,Koshi,Morang,Biratnagar Metropolitan City,22,0,,False,30,,False,0,False,0,52.96
land,9637328,3481.23,Koshi,Morang,Biratnagar Metropolitan City,29,0,,False,25,,False,0,False,0,55.83
office,112260,2959.35,Koshi,Morang,Biratnagar Metropolitan City,11,0,semi-furnished,True,25,,False,5,True,10,54.42
land,13739591,3496.76,Bagmati,Lalitpur,Lalitpur Metropolitan City,7,0,,False,20,,False,0,False,0,59.59
land,3459014,1173.68,Bagmati,Chitwan,Bharatpur Metropolitan City,19,0,,False,30,,False,0,False,0,52.83
home,31626880,3712.14,Bagmati,Lalitpur,Lalitpur Metropolitan City,24,5,unfurnished,True,20,,False,1,False,18,65.09
office,138720,1023.03,Bagmati,Bhaktapur,Bhaktapur Municipality,21,0,fully-furnished,True,30,,False,1,True,28,53.63
land,36963042,922.06,Bagmati,Chitwan,Bharatpur Metropolitan City,10,0,,False,25,,False,0,False,0,56.23
room,40977,656.44,Bagmati,Chitwan,Bharatpur Metropolitan City,28,2,semi-furnished,False,20,shared,True,5,False,4,46.68
home,30876178,1838.63,Lumbini,Rupandehi,Butwal Sub-Metropolitan City,8,4,unfurnished,False,20,,False,1,False,26,47.99
room,28536,996.53,Bagmati,Chitwan,Bharatpur Metropolitan City,8,1,fully-furnished,True,20,2bhk,True,1,False,3,63.78
land,17611499,4495.48,Gandaki,Kaski,Pokhara Metropolitan City,21,0,,False,0,,False,0,False,0,44.5
office,50909,4469.89,Koshi,Morang,Biratnagar Metropolitan City,11,0,semi-furnished,True,20,,False,5,True,8,57.76
room,33759,256.74,Bagmati,Bhaktapur,Bhaktapur Municipality,26,2,fully-furnished,True,10,single,True,3,False,7,47.32
home,34595774,3054.96,Bagmati,Chitwan,Bharatpur Metropolitan City,16,1,semi-furnished,False,16,,False,1,False,19,57.15
home,33629060,3487.13,Bagmati,Bhaktapur,Bhaktapur Municipality,32,4,semi-furnished,False,0,,False,4,False,31,55.35
land,25685568,2629.93,Bagmati,Bhaktapur,Bhaktapur Municipality,3,0,,False,10,,False,0,False,0,53.25
land,17674220,1736.74,Bagmati,Chitwan,Bharatpur Metropolitan City,2,0,,False,25,,False,0,False,0,48.93
room,47213,116.8,Bagmati,Kathmandu,Kathmandu Metropolitan City,5,2,fully-furnished,False,16,double,False,3,False,5,45.67
room,36630,896.83,Koshi,Jhapa,Birtamode Municipality,19,1,unfurnished,True,16,studio,True,5,False,17,43.19
home,11938926,3133.31,Koshi,Morang,Biratnagar Metropolitan City,15,5,fully-furnished,True,16,,False,2,False,40,64.29
office,82666,2725.07,Bagmati,Bhaktapur,Bhaktapur Municipality,28,0,unfurnished,True,13,,False,3,True,22,26.46
home,45405247,2988.47,Lumbini,Rupandehi,Butwal Sub-Metropolitan City,6,3,unfurnished,True,0,,False,1,False,27,47.49
land,23968931,2070.62,Bagmati,Bhaktapur,Bhaktapur Municipality,13,0,,False,25,,False,0,False,0,77.79
land,34493044,729.4,Lumbini,Rupandehi,Butwal Sub-Metropolitan City,23,0,,False,30,,False,0,False,0,56.09
office,114793,2062.29,Bagmati,Kathmandu,Kathmandu Metropolitan City,31,0,unfurnished,False,20,,False,5,False,12,43.81
office,112320,2671.47,Koshi,Morang,Biratnagar Metropolitan City,25,0,semi-furnished,True,30,,False,2,True,34,55.78
room,24856,165.66,Bagmati,Kathmandu,Kathmandu Metropolitan City,23,1,unfurnished,False,13,2bhk,True,2,False,28,31.25
room,20381,190.74,Koshi,Morang,Biratnagar Metropolitan City,22,0,unfurnished,False,20,single,False,3,False,3,41.68
home,11677480,1260.88,Koshi,Jhapa,Birtamode Municipality,23,1,unfurnished,False,16,,False,3,False,21,36.85
home,28855974,1763.39,Bagmati,Lalitpur,Lalitpur Metropolitan City,28,5,fully-furnished,False,25,,False,1,False,16,85.66
office,140793,2634.15,Bagmati,Lalitpur,Lalitpur Metropolitan City,16,0,fully-furnished,True,10,,False,5,True,26,58.13
office,46046,4967.32,Lumbini,Rupandehi,Butwal Sub-Metropolitan City,3,0,unfurnished,True,10,,False,2,True,33,33.9
office,134452,4468.16,Bagmati,Lalitpur,Lalitpur Metropolitan City,5,0,unfurnished,True,13,,False,5,False,20,44.74
land,32610834,4583.58,Bagmati,Bhaktapur,Bhaktapur Municipality,5,0,,False,25,,False,0,False,0,64.86
office,85279,3859.87,Koshi,Morang,Biratnagar Metropolitan City,16,0,fully-furnished,True,0,,False,5,True,15,51.06
land,19155641,1396.49,Bagmati,Lalitpur,Lalitpur Metropolitan City,26,0,,False,0,,False,0,False,0,36.78
room,9726,706.0,Koshi,Jhapa,Birtamode Municipality,17,0,fully-furnished,True,20,single,True,4,False,9,58.67
room,10918,709.76,Sudurpashchim,Kailali,Dhangadhi Sub-Metropolitan City,6,1,fully-furnished,True,13,single,False,1,False,17,41.12
office,54313,933.17,Bagmati,Lalitpur,Lalitpur Metropolitan City,3,0,semi-furnished,True,16,,False,8,False,40,42.25
home,45707052,1982.51,Gandaki,Kaski,Pokhara Metropolitan City,5,5,semi-furnished,True,10,,False,2,False,1,76.73
home,22167307,3590.02,Bagmati,Chitwan,Bharatpur Metropolitan City,20,2,unfurnished,True,13,,False,3,False,8,56.04
land,6018856,2253.26,Bagmati,Lalitpur,Lalitpur Metropolitan City,27,0,,False,30,,False,0,False,0,72.32
room,8785,101.75,Bagmati,Kathmandu,Kathmandu Metropolitan City,26,1,fully-furnished,True,0,double,False,3,False,10,26.85
room,38956,142.59,Lumbini,Rupandehi,Butwal Sub-Metropolitan City,9,1,unfurnished,True,10,1bhk,False,4,False,24,11.01
home,10150951,2854.31,Lumbini,Rupandehi,Butwal Sub-Metropolitan City,6,5,unfurnished,False,25,,False,4,False,31,56.86
office,133346,4613.78,Koshi,Jhapa,Birtamode Municipality,29,0,fully-furnished,True,20,,False,8,False,4,52.71
home,43504431,3038.73,Bagmati,Bhaktapur,Bhaktapur Municipality,6,2,unfurnished,False,25,,False,2,False,2,78.07
office,67349,482.52,Bagmati,Chitwan,Bharatpur Metropolitan City,15,0,fully-furnished,False,13,,False,6,False,32,43.07
office,90588,1618.58,Bagmati,Lalitpur,Lalitpur Metropolitan City,15,0,unfurnished,True,16,,False,7,False,2,43.76
land,24407615,4468.4,Gandaki,Kaski,Pokhara Metropolitan City,23,0,,False,20,,False,0,False,0,76.12
home,41194026,4022.37,Koshi,Morang,Biratnagar Metropolitan City,7,3,fully-furnished,False,25,,False,2,False,2,77.64
room,23436,640.86,Koshi,Morang,Biratnagar Metropolitan City,20,1,semi-furnished,True,20,shared,False,1,False,30,51.6
home,35607454,4359.25,Koshi,Jhapa,Birtamode Municipality,21,1,fully-furnished,True,25,,False,4,False,40,56.97
room,26291,512.77,Bagmati,Lalitpur,Lalitpur Metropolitan City,13,1,fully-furnished,False,13,2bhk,False,3,False,24,51.07
room,10360,354.17,Gandaki,Kaski,Pokhara Metropolitan City,18,2,unfurnished,False,16,studio,True,2,False,25,44.9
land,12384381,2658.79,Bagmati,Lalitpur,Lalitpur Metropolitan City,3,0,,False,25,,False,0,False,0,70.01
room,48537,792.13,Bagmati,Kathmandu,Kathmandu Metropolitan City,2,1,semi-furnished,True,0,double,False,4,False,3,59.02
room,9023,583.67,Lumbini,Rupandehi,Butwal Sub-Metropolitan City,32,1,fully-furnished,True,13,1bhk,False,4,False,15,54.74
office,39521,4769.87,Bagmati,Lalitpur,Lalitpur Metropolitan City,17,0,semi-furnished,True,30,,False,5,False,31,48.39
room,15535,523.02,Bagmati,Kathmandu,Kathmandu Metropolitan City,27,0,fully-furnished,False,16,single,True,2,False,5,52.4
office,106456,3556.81,Koshi,Morang,Biratnagar Metropolitan City,4,0,semi-furnished,True,30,,False,1,False,15,55.45
room,42741,693.47,Bagmati,Bhaktapur,Bhaktapur Municipality,25,2,unfurnished,False,20,2bhk,True,2,False,20,54.68
room,14625,562.08,Bagmati,Kathmandu,Kathmandu Metropolitan City,15,2,semi-furnished,True,13,studio,True,3,False,14,52.2
room,20559,194.75,Bagmati,Kathmandu,Kathmandu Metropolitan City,8,0,fully-furnished,False,13,double,True,2,False,2,57.48
room,14350,834.03,Bagmati,Chitwan,Bharatpur Metropolitan City,25,0,fully-furnished,False,13,1bhk,True,4,False,1,66.23
home,35889818,1816.54,Bagmati,Kathmandu,Kathmandu Metropolitan City,18,3,fully-furnished,True,13,,False,4,False,30,62.11
land,12265878,1602.94,Bagmati,Chitwan,Bharatpur Metropolitan City,22,0,,False,13,,False,0,False,0,41.85
home,27585966,1318.58,Bagmati,Lalitpur,Lalitpur Metropolitan City,14,3,fully-furnished,True,0,,False,1,False,40,56.41
land,9876024,749.8,Bagmati,Bhaktapur,Bhaktapur Municipality,25,0,,False,10,,False,0,False,0,51.24
home,29191459,4093.05,Koshi,Jhapa,Birtamode Municipality,4,2,fully-furnished,True,25,,False,3,False,16,62.6
office,144024,3373.73,Bagmati,Bhaktapur,Bhaktapur Municipality,29,0,fully-furnished,False,30,,False,4,False,8,74.95
office,73655,881.36,Koshi,Morang,Biratnagar Metropolitan City,8,0,fully-furnished,False,25,,False,5,False,9,59.52
land,25109043,4359.38,Koshi,Jhapa,Birtamode Municipality,18,0,,False,13,,False,0,False,0,44.15
office,40214,2815.98,Gandaki,Kaski,Pokhara Metropolitan City,21,0,semi-furnished,True,25,,False,6,True,34,37.85
room,19991,970.74,Bagmati,Lalitpur,Lalitpur Metropolitan City,20,1,fully-furnished,True,13,1bhk,False,5,False,7,45.17
land,45183373,4780.73,Koshi,Morang,Biratnagar Metropolitan City,14,0,,False,13,,False,0,False,0,48.68
land,36275081,820.48,Bagmati,Bhaktapur,Bhaktapur Municipality,22,0,,False,13,,False,0,False,0,33.02
office,135673,3053.77,Bagmati,Kathmandu,Kathmandu Metropolitan City,6,0,unfurnished,False,30,,False,4,False,16,63.59
home,36766721,1559.5,Bagmati,Chitwan,Bharatpur Metropolitan City,23,4,semi-furnished,False,13,,False,3,False,17,60.94
room,35992,130.53,Koshi,Jhapa,Birtamode Municipality,16,1,fully-furnished,True,16,single,False,5,False,17,57.91
home,34151436,2050.14,Sudurpashchim,Kailali,Dhangadhi Sub-Metropolitan City,25,2,unfurnished,False,13,,False,3,False,13,71.09
office,126899,3990.24,Lumbini,Rupandehi,Butwal Sub-Metropolitan City,15,0,unfurnished,False,25,,False,5,False,1,48.68
home,22056637,892.99,Bagmati,Lalitpur,Lalitpur Metropolitan City,8,1,semi-furnished,True,30,,False,3,False,16,71.62
home,34134656,982.8,Koshi,Morang,Biratnagar Metropolitan City,28,1,unfurnished,True,10,,False,3,False,29,57.03
office,37835,2166.55,Bagmati,Kathmandu,Kathmandu Metropolitan City,10,0,semi-furnished,True,25,,False,8,False,12,70.71
office,68723,1322.75,Bagmati,Lalitpur,Lalitpur Metropolitan City,4,0,fully-furnished,True,25,,False,5,True,40,44.3
room,38141,944.05,Sudurpashchim,Kailali,Dhangadhi Sub-Metropolitan City,18,1,fully-furnished,True,16,single,False,5,False,29,27.0
office,124652,1879.78,Bagmati,Chitwan,Bharatpur Metropolitan City,17,0,semi-furnished,False,25,,False,6,False,32,38.13
home,12327926,3845.57,Bagmati,Lalitpur,Lalitpur Metropolitan City,29,4,unfurnished,False,25,,False,2,False,28,66.92
home,23781060,4370.03,Bagmati,Lalitpur,Lalitpur Metropolitan City,9,1,fully-furnished,True,20,,False,2,False,25,70.42
office,73563,781.1,Bagmati,Bhaktapur,Bhaktapur Municipality,25,0,semi-furnished,True,30,,False,5,True,17,68.07
room,18706,189.37,Koshi,Jhapa,Birtamode Municipality,24,2,fully-furnished,True,0,single,False,1,False,30,12.35
home,48610655,959.02,Bagmati,Bhaktapur,Bhaktapur Municipality,11,3,unfurnished,False,20,,False,3,False,10,44.05
home,33185654,4075.34,Sudurpashchim,Kailali,Dhangadhi Sub-Metropolitan City,29,4,semi-furnished,False,10,,False,2,False,39,55.56
room,23023,295.32,Gandaki,Kaski,Pokhara Metropolitan City,17,2,fully-furnished,True,16,1bhk,True,5,False,13,45.18
land,3799904,1214.68,Bagmati,Bhaktapur,Bhaktapur Municipality,23,0,,False,10,,False,0,False,0,30.75
land,14081957,2596.4,Koshi,Jhapa,Birtamode Municipality,32,0,,False,0,,False,0,False,0,39.37
home,40025796,4805.79,Bagmati,Chitwan,Bharatpur Metropolitan City,17,4,unfurnished,False,30,,False,3,False,13,72.26
land,34970841,4581.2,Lumbini,Rupandehi,Butwal Sub-Metropolitan City,24,0,,False,10,,False,0,False,0,44.91
land,40602105,1480.52,Bagmati,Lalitpur,Lalitpur Metropolitan City,23,0,,False,20,,False,0,False,0,54.81
home,19896915,3135.68,Sudurpashchim,Kailali,Dhangadhi Sub-Metropolitan City,5,1,unfurnished,False,0,,False,4,False,39,31.1
home,20283058,2687.03,Gandaki,Kaski,Pokhara Metropolitan City,30,1,fully-furnished,False,10,,False,3,False,5,63.65
room,18479,904.35,Bagmati,Chitwan,Bharatpur Metropolitan City,4,2,unfurnished,False,20,2bhk,True,5,False,4,37.36
land,34680003,3312.23,Koshi,Jhapa,Birtamode Municipality,1,0,,False,10,,False,0,False,0,37.4
land,13510730,1067.18,Bagmati,Bhaktapur,Bhaktapur Municipality,31,0,,False,30,,False,0,False,0,65.64
room,47073,261.99,Bagmati,Lalitpur,Lalitpur Metropolitan City,23,1,unfurnished,False,0,double,True,2,False,2,38.34
office,67287,840.44,Koshi,Morang,Biratnagar Metropolitan City,23,0,semi-furnished,True,10,,False,3,True,0,55.71
land,43601448,4414.01,Sudurpashchim,Kailali,Dhangadhi Sub-Metropolitan City,28,0,,False,13,,False,0,False,0,34.86
office,145140,355.4,Bagmati,Lalitpur,Lalitpur Metropolitan City,22,0,unfurnished,False,0,,False,4,True,3,38.34
office,87590,3353.24,Lumbini,Rupandehi,Butwal Sub-Metropolitan City,32,0,unfurnished,False,13,,False,6,False,0,23.9
land,22909589,2141.61,Koshi,Morang,Biratnagar Metropolitan City,20,0,,False,20,,False,0,False,0,54.01
home,46743361,2441.47,Lumbini,Rupandehi,Butwal Sub-Metropolitan City,16,3,unfurnished,False,10,,False,4,False,11,68.38
office,139442,790.6,Sudurpashchim,Kailali,Dhangadhi Sub-Metropolitan City,22,0,fully-furnished,False,30,,False,3,True,19,43.66
room,24990,921.97,Gandaki,Kaski,Pokhara Metropolitan City,21,2,fully-furnished,True,16,studio,False,2,False,29,48.08
home,30344287,1247.8,Bagmati,Chitwan,Bharatpur Metropolitan City,19,4,semi-furnished,True,16,,False,4,False,36,64.22
room,48671,501.87,Sudurpashchim,Kailali,Dhangadhi Sub-Metropolitan City,21,0,fully-furnished,True,16,2bhk,False,4,False,20,52.77
office,86060,4763.2,Bagmati,Bhaktapur,Bhaktapur Municipality,19,0,semi-furnished,True,25,,False,8,False,13,45.29
office,40985,640.65,Lumbini,Rupandehi,Butwal Sub-Metropolitan City,4,0,semi-furnished,True,30,,False,2,False,17,47.57
home,34429906,4925.14,Koshi,Morang,Biratnagar Metropolitan City,17,5,fully-furnished,False,16,,False,1,False,18,47.57
office,28948,2128.2,Bagmati,Kathmandu,Kathmandu Metropolitan City,13,0,unfurnished,False,13,,False,7,True,27,40.77
land,13672687,3573.39,Bagmati,Bhaktapur,Bhaktapur Municipality,15,0,,False,16,,False,0,False,0,68.8
room,31868,206.03,Gandaki,Kaski,Pokhara Metropolitan City,32,2,semi-furnished,True,0,double,True,1,False,0,43.49
room,45755,693.76,Sudurpashchim,Kailali,Dhangadhi Sub-Metropolitan City,30,1,unfurnished,True,13,double,True,3,False,5,43.57
office,96065,392.69,Koshi,Morang,Biratnagar Metropolitan City,25,0,unfurnished,True,30,,False,6,False,34,41.27
office,46940,3579.58,Gandaki,Kaski,Pokhara Metropolitan City,3,0,fully-furnished,True,13,,False,2,True,40,49.41
room,41789,212.51,Koshi,Jhapa,Birtamode Municipality,13,1,semi-furnished,False,20,2bhk,False,4,False,26,21.55
office,23262,2303.09,Bagmati,Kathmandu,Kathmandu Metropolitan City,3,0,semi-furnished,False,16,,False,2,False,15,57.23
office,122751,4966.47,Gandaki,Kaski,Pokhara Metropolitan City,3,0,semi-furnished,True,25,,False,8,False,18,51.26
office,115447,687.51,Gandaki,Kaski,Pokhara Metropolitan City,29,0,unfurnished,False,10,,False,8,False,11,38.12
room,27729,737.09,Bagmati,Lalitpur,Lalitpur Metropolitan City,31,0,unfurnished,False,13,shared,False,4,False,3,35.98
home,38519022,3993.31,Sudurpashchim,Kailali,Dhangadhi Sub-Metropolitan City,19,3,fully-furnished,False,10,,False,4,False,32,64.04
home,45558050,1852.91,Koshi,Morang,Biratnagar Metropolitan City,5,5,unfurnished,False,10,,False,4,False,13,64.25
home,14150492,3458.57,Bagmati,Chitwan,Bharatpur Metropolitan City,6,2,unfurnished,True,20,,False,2,False,7,56.05
land,11249264,2682.41,Koshi,Morang,Biratnagar Metropolitan City,1,0,,False,10,,False,0,False,0,54.21
land,37323252,3789.01,Bagmati,Bhaktapur,Bhaktapur Municipality,19,0,,False,13,,False,0,False,0,45.68
office,83304,4641.21,Koshi,Morang,Biratnagar Metropolitan City,30,0,fully-furnished,False,30,,False,5,True,29,45.16
office,74747,1694.49,Koshi,Jhapa,Birtamode Municipality,1,0,unfurnished,True,20,,False,2,True,25,36.05
room,40214,687.62,Bagmati,Chitwan,Bharatpur Metropolitan City,29,2,semi-furnished,False,16,2bhk,False,4,False,12,30.75
office,66240,520.28,Bagmati,Chitwan,Bharatpur Metropolitan City,26,0,fully-furnished,True,20,,False,6,True,37,51.12
room,20127,892.42,Koshi,Jhapa,Birtamode Municipality,22,0,semi-furnished,False,0,shared,False,5,False,4,16.58
office,59201,2499.69,Sudurpashchim,Kailali,Dhangadhi Sub-Metropolitan City,10,0,unfurnished,False,10,,False,3,True,27,21.57
room,47801,472.74,Bagmati,Lalitpur,Lalitpur Metropolitan City,3,1,unfurnished,False,10,2bhk,False,3,False,1,26.64
office,74379,956.56,Bagmati,Kathmandu,Kathmandu Metropolitan City,31,0,semi-furnished,True,20,,False,1,True,10,60.1
room,13830,150.05,Bagmati,Lalitpur,Lalitpur Metropolitan City,16,1,unfurnished,True,10,single,True,1,False,29,22.68
room,24488,460.44,Bagmati,Lalitpur,Lalitpur Metropolitan City,2,1,semi-furnished,False,13,shared,True,3,False,11,44.95
office,56238,1914.93,Bagmati,Bhaktapur,Bhaktapur Municipality,7,0,fully-furnished,False,20,,False,8,False,22,38.91
home,35404794,1106.0,Lumbini,Rupandehi,Butwal Sub-Metropolitan City,21,5,unfurnished,True,25,,False,4,False,5,64.49
room,35801,971.99,Gandaki,Kaski,Pokhara Metropolitan City,23,2,fully-furnished,True,20,2bhk,False,5,False,13,64.12
land,12453388,3509.3,Bagmati,Chitwan,Bharatpur Metropolitan City,30,0,,False,13,,False,0,False,0,42.14
land,42134816,3280.03,Koshi,Jhapa,Birtamode Municipality,8,0,,False,0,,False,0,False,0,41.16
home,45450357,4414.99,Koshi,Jhapa,Birtamode Municipality,17,3,unfurnished,False,16,,False,2,False,37,38.19
office,88840,945.72,Gandaki,Kaski,Pokhara Metropolitan City,19,0,semi-furnished,True,16,,False,8,True,27,48.74
land,3263375,4194.41,Lumbini,Rupandehi,Butwal Sub-Metropolitan City,6,0,,False,10,,False,0,False,0,55.04
land,44617611,3622.6,Lumbini,Rupandehi,Butwal Sub-Metropolitan City,4,0,,False,13,,False,0,False,0,54.02
land,47319280,3022.11,Bagmati,Bhaktapur,Bhaktapur Municipality,13,0,,False,16,,False,0,False,0,49.21
land,27516914,1234.06,Bagmati,Bhaktapur,Bhaktapur Municipality,9,0,,False,25,,False,0,False,0,61.32
land,28681945,4565.86,Bagmati,Lalitpur,Lalitpur Metropolitan City,18,0,,False,10,,False,0,False,0,47.4
room,17863,719.77,Bagmati,Chitwan,Bharatpur Metropolitan City,27,0,fully-furnished,False,13,studio,False,2,False,20,41.69
home,15446090,953.17,Gandaki,Kaski,Pokhara Metropolitan City,23,3,fully-furnished,True,16,,False,2,False,20,68.33
land,6600675,762.32,Gandaki,Kaski,Pokhara Metropolitan City,18,0,,False,25,,False,0,False,0,56.72
room,47013,949.96,Lumbini,Rupandehi,Butwal Sub-Metropolitan City,21,1,fully-furnished,False,10,single,True,3,False,16,51.91
home,23791813,1006.94,Bagmati,Chitwan,Bharatpur Metropolitan City,23,3,fully-furnished,True,25,,False,2,False,11,67.75
land,20783728,805.11,Sudurpashchim,Kailali,Dhangadhi Sub-Metropolitan City,30,0,,False,13,,False,0,False,0,36.46
room,48614,177.44,Bagmati,Kathmandu,Kathmandu Metropolitan City,13,0,semi-furnished,False,0,2bhk,True,2,False,21,15.09
home,37813762,3977.26,Koshi,Morang,Biratnagar Metropolitan City,9,4,unfurnished,True,16,,False,4,False,22,42.91
room,36676,458.05,Koshi,Morang,Biratnagar Metropolitan City,29,1,semi-furnished,False,16,double,False,3,False,9,31.92
land,9531311,2713.06,Sudurpashchim,Kailali,Dhangadhi Sub-Metropolitan City,19,0,,False,10,,False,0,False,0,43.62
office,136826,797.04,Koshi,Jhapa,Birtamode Municipality,28,0,unfurnished,True,20,,False,4,True,38,32.28
home,14317120,3772.77,Bagmati,Chitwan,Bharatpur Metropolitan City,30,1,semi-furnished,True,25,,False,1,False,13,66.43
home,34304028,3191.45,Bagmati,Chitwan,Bharatpur Metropolitan City,16,2,semi-furnished,False,20,,False,2,False,18,59.61
office,135941,1311.53,Lumbini,Rupandehi,Butwal Sub-Metropolitan City,13,0,unfurnished,True,30,,False,3,True,14,40.07
land,32635567,1336.56,Lumbini,Rupandehi,Butwal Sub-Metropolitan City,8,0,,False,13,,False,0,False,0,56.72
room,13736,515.76,Gandaki,Kaski,Pokhara Metropolitan City,21,1,fully-furnished,True,0,studio,True,2,False,1,59.66
room,26094,141.27,Koshi,Jhapa,Birtamode Municipality,6,1,fully-furnished,False,13,double,False,3,False,9,21.89
home,42810955,3944.74,Bagmati,Chitwan,Bharatpur Metropolitan City,11,4,unfurnished,True,13,,False,2,False,10,64.09
land,14083028,3405.78,Bagmati,Kathmandu,Kathmandu Metropolitan City,30,0,,False,16,,False,0,False,0,47.84
home,39132397,1460.28,Koshi,Jhapa,Birtamode Municipality,21,1,unfurnished,False,20,,False,3,False,30,49.75
land,27973422,1509.93,Bagmati,Lalitpur,Lalitpur Metropolitan City,14,0,,False,10,,False,0,False,0,41.74
land,7026335,3228.41,Bagmati,Kathmandu,Kathmandu Metropolitan City,3,0,,False,25,,False,0,False,0,44.28
home,33462786,2236.85,Koshi,Jhapa,Birtamode Municipality,9,4,semi-furnished,False,13,,False,4,False,23,52.87
office,92448,2553.34,Sudurpashchim,Kailali,Dhangadhi Sub-Metropolitan City,8,0,unfurnished,False,16,,False,1,True,18,35.94
office,113288,1335.03,Bagmati,Chitwan,Bharatpur Metropolitan City,14,0,semi-furnished,False,13,,False,7,False,4,42.38
room,29816,761.36,Koshi,Morang,Biratnagar Metropolitan City,27,0,semi-furnished,False,16,double,False,1,False,26,24.98
room,40748,808.85,Sudurpashchim,Kailali,Dhangadhi Sub-Metropolitan City,7,2,unfurnished,False,13,2bhk,False,5,False,13,31.65
office,141714,496.34,Koshi,Morang,Biratnagar Metropolitan City,1,0,unfurnished,True,25,,False,4,False,20,46.5
home,39617240,3894.41,Bagmati,Bhaktapur,Bhaktapur Municipality,26,3,unfurnished,True,0,,False,1,False,36,44.05
home,22821780,2169.48,Bagmati,Bhaktapur,Bhaktapur Municipality,9,3,semi-furnished,False,20,,False,3,False,12,68.91
home,32730235,2835.63,Lumbini,Rupandehi,Butwal Sub-Metropolitan City,15,1,semi-furnished,True,13,,False,2,False,27,48.84
home,36666261,1576.52,Bagmati,Chitwan,Bharatpur Metropolitan City,4,1,unfurnished,True,10,,False,4,False,9,65.65
home,18442984,867.79,Bagmati,Bhaktapur,Bhaktapur Municipality,8,3,unfurnished,True,13,,False,2,False,38,43.77
home,49764831,938.34,Bagmati,Bhaktapur,Bhaktapur Municipality,24,3,unfurnished,False,10,,False,3,False,1,67.4
office,27134,1231.24,Lumbini,Rupandehi,Butwal Sub-Metropolitan City,22,0,unfurnished,False,20,,False,4,False,31,48.39
office,148056,536.4,Koshi,Jhapa,Birtamode Municipality,2,0,semi-furnished,True,13,,False,5,False,27,41.19
office,49095,3532.82,Koshi,Jhapa,Birtamode Municipality,20,0,semi-furnished,True,25,,False,5,True,33,42.29
home,6100583,4602.77,Koshi,Jhapa,Birtamode Municipality,23,5,semi-furnished,False,20,,False,2,False,21,53.43
home,30300283,4129.58,Koshi,Jhapa,Birtamode Municipality,31,4,unfurnished,True,10,,False,2,False,20,60.64
home,25412513,1829.2,Lumbini,Rupandehi,Butwal Sub-Metropolitan City,32,4,unfurnished,True,16,,False,1,False,17,48.45
home,21170777,4080.02,Lumbini,Rupandehi,Butwal Sub-Metropolitan City,13,3,unfurnished,False,16,,False,4,False,25,43.39
land,23016035,1130.56,Bagmati,Lalitpur,Lalitpur Metropolitan City,23,0,,False,20,,False,0,False,0,54.82
land,37440398,4915.38,Koshi,Jhapa,Birtamode Municipality,4,0,,False,16,,False,0,False,0,56.15
office,100750,4730.44,Bagmati,Bhaktapur,Bhaktapur Municipality,31,0,fully-furnished,False,13,,False,5,True,15,53.58
land,24743902,3372.81,Koshi,Morang,Biratnagar Metropolitan City,28,0,,False,16,,False,0,False,0,40.32
home,42678018,1946.91,Bagmati,Lalitpur,Lalitpur Metropolitan City,20,5,fully-furnished,True,30,,False,1,False,34,77.37
land,15791888,2398.68,Gandaki,Kaski,Pokhara Metropolitan City,8,0,,False,13,,False,0,False,0,46.96
office,104594,4081.15,Lumbini,Rupandehi,Butwal Sub-Metropolitan City,5,0,fully-furnished,False,16,,False,4,True,5,50.68
home,19432518,1122.47,Bagmati,Bhaktapur,Bhaktapur Municipality,2,1,unfurnished,False,10,,False,1,False,0,66.13
home,19512231,2328.01,Bagmati,Bhaktapur,Bhaktapur Municipality,7,1,fully-furnished,True,30,,False,4,False,40,56.31
land,42838980,4002.5,Gandaki,Kaski,Pokhara Metropolitan City,19,0,,False,20,,False,0,False,0,69.47
land,15320582,2785.65,Bagmati,Bhaktapur,Bhaktapur Municipality,11,0,,False,10,,False,0,False,0,55.87
office,129280,1180.3,Bagmati,Lalitpur,Lalitpur Metropolitan City,31,0,fully-furnished,True,20,,False,6,True,15,71.38
office,72278,3287.34,Bagmati,Lalitpur,Lalitpur Metropolitan City,32,0,unfurnished,True,0,,False,1,True,37,29.6
office,130479,4383.45,Bagmati,Lalitpur,Lalitpur Metropolitan City,25,0,fully-furnished,True,13,,False,5,True,16,54.52
office,29532,2051.77,Gandaki,Kaski,Pokhara Metropolitan City,8,0,semi-furnished,False,25,,False,8,False,27,32.35
land,6931396,4898.39,Bagmati,Lalitpur,Lalitpur Metropolitan City,30,0,,False,25,,False,0,False,0,51.63
office,38432,926.86,Sudurpashchim,Kailali,Dhangadhi Sub-Metropolitan City,1,0,unfurnished,True,0,,False,5,True,2,41.8
land,41111230,1917.04,Gandaki,Kaski,Pokhara Metropolitan City,13,0,,False,25,,False,0,False,0,71.95
home,30530865,1504.47,Bagmati,Lalitpur,Lalitpur Metropolitan City,14,1,fully-furnished,False,30,,False,2,False,11,67.53
land,26508450,1296.98,Bagmati,Chitwan,Bharatpur Metropolitan City,15,0,,False,10,,False,0,False,0,45.2
office,105923,1996.45,Lumbini,Rupandehi,Butwal Sub-Metropolitan City,11,0,fully-furnished,True,0,,False,4,True,6,51.4
office,41708,3710.07,Koshi,Jhapa,Birtamode Municipality,23,0,unfurnished,True,10,,False,7,False,1,24.95
land,10436783,2617.52,Bagmati,Lalitpur,Lalitpur Metropolitan City,26,0,,False,0,,False,0,False,0,50.1
office,144922,3763.22,Koshi,Jhapa,Birtamode Municipality,27,0,unfurnished,True,10,,False,6,True,21,27.99
office,76663,3843.86,Gandaki,Kaski,Pokhara Metropolitan City,17,0,semi-furnished,True,30,,False,1,True,10,60.0
room,30151,534.99,Bagmati,Kathmandu,Kathmandu Metropolitan City,6,1,unfurnished,True,13,2bhk,True,3,False,25,40.85
land,7070060,4051.02,Gandaki,Kaski,Pokhara Metropolitan City,18,0,,False,25,,False,0,False,0,49.39
land,24456643,2086.11,Koshi,Morang,Biratnagar Metropolitan City,29,0,,False,0,,False,0,False,0,41.41
room,27084,247.43,Sudurpashchim,Kailali,Dhangadhi Sub-Metropolitan City,21,2,semi-furnished,False,0,double,False,5,False,8,23.38
office,20909,532.7,Koshi,Jhapa,Birtamode Municipality,32,0,unfurnished,True,0,,False,8,False,17,18.88
land,18588896,4715.18,Bagmati,Chitwan,Bharatpur Metropolitan City,22,0,,False,13,,False,0,False,0,39.75
land,13966969,2839.47,Koshi,Morang,Biratnagar Metropolitan City,6,0,,False,16,,False,0,False,0,51.62
office,115038,1439.16,Bagmati,Bhaktapur,Bhaktapur Municipality,29,0,fully-furnished,True,20,,False,1,True,35,69.5
home,11039187,2316.23,Gandaki,Kaski,Pokhara Metropolitan City,1,2,fully-furnished,True,13,,False,1,False,27,64.45
office,100996,643.08,Gandaki,Kaski,Pokhara Metropolitan City,2,0,unfurnished,True,13,,False,1,True,19,53.85
office,108396,601.82,Bagmati,Kathmandu,Kathmandu Metropolitan City,21,0,semi-furnished,False,30,,False,8,True,5,49.61
land,26598410,1867.52,Lumbini,Rupandehi,Butwal Sub-Metropolitan City,26,0,,False,30,,False,0,False,0,61.39
office,102674,4775.0,Lumbini,Rupandehi,Butwal Sub-Metropolitan City,26,0,unfurnished,True,10,,False,5,True,28,26.65
room,13259,588.72,Bagmati,Kathmandu,Kathmandu Metropolitan City,20,1,unfurnished,True,20,single,True,1,False,24,33.83
room,34353,549.86,Bagmati,Chitwan,Bharatpur Metropolitan City,27,2,semi-furnished,False,0,1bhk,False,2,False,8,31.18
land,41134228,2780.94,Koshi,Jhapa,Birtamode Municipality,7,0,,False,10,,False,0,False,0,54.89
office,29843,1740.19,Bagmati,Lalitpur,Lalitpur Metropolitan City,28,0,semi-furnished,False,30,,False,1,True,9,69.39
land,26488557,3727.06,Gandaki,Kaski,Pokhara Metropolitan City,17,0,,False,10,,False,0,False,0,51.68
office,106129,2370.01,Bagmati,Chitwan,Bharatpur Metropolitan City,11,0,fully-furnished,False,30,,False,4,True,3,53.61
home,42287616,3001.36,Koshi,Morang,Biratnagar Metropolitan City,18,4,fully-furnished,False,25,,False,4,False,11,72.24
home,27780122,1702.83,Lumbini,Rupandehi,Butwal Sub-Metropolitan City,13,4,unfurnished,True,10,,False,3,False,1,69.35
office,99485,1218.61,Gandaki,Kaski,Pokhara Metropolitan City,28,0,unfurnished,False,30,,False,7,False,34,46.07
room,24283,709.6,Bagmati,Chitwan,Bharatpur Metropolitan City,9,1,semi-furnished,False,13,double,True,5,False,2,32.34
office,123420,2204.73,Sudurpashchim,Kailali,Dhangadhi Sub-Metropolitan City,30,0,fully-furnished,False,10,,False,6,True,15,36.25
land,6793053,3412.31,Bagmati,Chitwan,Bharatpur Metropolitan City,25,0,,False,30,,False,0,False,0,55.27
office,55411,1213.83,Bagmati,Lalitpur,Lalitpur Metropolitan City,28,0,fully-furnished,True,13,,False,3,True,23,61.71
home,28043074,4505.4,Koshi,Jhapa,Birtamode Municipality,17,2,semi-furnished,True,16,,False,2,False,33,32.1
office,45553,4468.4,Sudurpashchim,Kailali,Dhangadhi Sub-Metropolitan City,12,0,semi-furnished,False,0,,False,5,False,17,25.65
room,28085,766.18,Koshi,Morang,Biratnagar Metropolitan City,8,1,semi-furnished,False,10,single,True,1,False,14,42.06
room,45200,363.73,Koshi,Morang,Biratnagar Metropolitan City,17,1,semi-furnished,False,10,single,False,2,False,27,38.39
office,137864,2676.64,Bagmati,Chitwan,Bharatpur Metropolitan City,16,0,semi-furnished,True,10,,False,2,True,26,50.36
office,106589,4539.75,Bagmati,Chitwan,Bharatpur Metropolitan City,12,0,semi-furnished,False,10,,False,8,True,16,42.84
home,46726341,1700.51,Lumbini,Rupandehi,Butwal Sub-Metropolitan City,21,5,unfurnished,False,13,,False,1,False,23,50.16
land,11001347,2698.29,Gandaki,Kaski,Pokhara Metropolitan City,4,0,,False,13,,False,0,False,0,34.88
land,35219435,4383.52,Koshi,Morang,Biratnagar Metropolitan City,15,0,,False,20,,False,0,False,0,46.82
home,36241697,2226.34,Bagmati,Bhaktapur,Bhaktapur Municipality,4,5,fully-furnished,False,13,,False,2,False,4,85.44
land,23123268,1779.27,Bagmati,Kathmandu,Kathmandu Metropolitan City,9,0,,False,10,,False,0,False,0,66.47
office,117619,1750.13,Lumbini,Rupandehi,Butwal Sub-Metropolitan City,11,0,fully-furnished,True,13,,False,7,True,27,54.97
office,69495,3709.35,Koshi,Jhapa,Birtamode Municipality,8,0,unfurnished,False,10,,False,8,False,38,25.67
home,37956123,2979.27,Bagmati,Lalitpur,Lalitpur Metropolitan City,5,5,unfurnished,True,16,,False,3,False,0,78.64
land,26487852,2582.41,Koshi,Jhapa,Birtamode Municipality,18,0,,False,20,,False,0,False,0,44.91
land,24368878,4571.69,Bagmati,Kathmandu,Kathmandu Metropolitan City,7,0,,False,0,,False,0,False,0,44.28
home,5110576,2544.32,Bagmati,Bhaktapur,Bhaktapur Municipality,6,3,fully-furnished,True,16,,False,2,False,35,78.33
office,34787,3302.7,Sudurpashchim,Kailali,Dhangadhi Sub-Metropolitan City,15,0,fully-furnished,True,20,,False,7,True,16,39.58
room,38283,434.73,Sudurpashchim,Kailali,Dhangadhi Sub-Metropolitan City,10,2,semi-furnished,False,20,shared,True,1,False,29,51.97
land,21098351,1064.54,Bagmati,Kathmandu,Kathmandu Metropolitan City,19,0,,False,10,,False,0,False,0,51.44
office,49207,3315.7,Bagmati,Chitwan,Bharatpur Metropolitan City,1,0,semi-furnished,True,10,,False,7,True,22,51.12
home,45239977,3907.44,Koshi,Morang,Biratnagar Metropolitan City,21,3,semi-furnished,False,25,,False,4,False,27,47.9
office,23763,3087.26,Gandaki,Kaski,Pokhara Metropolitan City,11,0,semi-furnished,False,16,,False,8,False,38,41.13
home,6064955,2663.03,Sudurpashchim,Kailali,Dhangadhi Sub-Metropolitan City,25,4,semi-furnished,True,0,,False,3,False,37,39.64
room,26398,384.81,Gandaki,Kaski,Pokhara Metropolitan City,7,1,unfurnished,True,10,shared,False,1,False,27,20.13
room,33104,657.08,Bagmati,Bhaktapur,Bhaktapur Municipality,27,2,unfurnished,True,20,studio,True,3,False,9,55.32
office,62815,4561.75,Lumbini,Rupandehi,Butwal Sub-Metropolitan City,2,0,fully-furnished,True,0,,False,1,True,32,47.61
home,14179013,1493.82,Bagmati,Chitwan,Bharatpur Metropolitan City,25,4,semi-furnished,False,0,,False,1,False,8,48.77
room,30874,154.8,Bagmati,Chitwan,Bharatpur Metropolitan City,19,1,semi-furnished,False,13,double,False,2,False,25,10.55
home,44641857,4046.11,Bagmati,Chitwan,Bharatpur Metropolitan City,31,3,fully-furnished,False,25,,False,4,False,23,66.28
office,132684,2583.45,Koshi,Morang,Biratnagar Metropolitan City,15,0,semi-furnished,False,25,,False,3,False,4,54.29
home,41964189,4740.49,Bagmati,Bhaktapur,Bhaktapur Municipality,22,3,semi-furnished,False,30,,False,1,False,5,76.98
room,39476,866.89,Lumbini,Rupandehi,Butwal Sub-Metropolitan City,11,1,unfurnished,False,20,2bhk,False,3,False,28,47.27
home,44245314,2884.67,Bagmati,Bhaktapur,Bhaktapur Municipality,26,5,unfurnished,True,10,,False,1,False,14,60.93
room,8060,134.24,Sudurpashchim,Kailali,Dhangadhi Sub-Metropolitan City,18,0,unfurnished,False,0,shared,True,2,False,9,26.48
office,61964,2507.99,Bagmati,Bhaktapur,Bhaktapur Municipality,21,0,fully-furnished,False,0,,False,4,False,24,41.91
room,35343,653.52,Gandaki,Kaski,Pokhara Metropolitan City,11,0,semi-furnished,True,16,2bhk,True,1,False,8,48.9
room,24126,120.18,Bagmati,Kathmandu,Kathmandu Metropolitan City,10,1,semi-furnished,False,0,single,False,5,False,15,6.58
office,105289,2750.01,Gandaki,Kaski,Pokhara Metropolitan City,10,0,semi-furnished,False,20,,False,4,True,32,46.78
room,48171,740.71,Bagmati,Kathmandu,Kathmandu Metropolitan City,7,0,semi-furnished,True,16,single,True,2,False,26,47.58
land,8827546,1955.06,Gandaki,Kaski,Pokhara Metropolitan City,24,0,,False,20,,False,0,False,0,64.6
home,33849112,3541.3,Bagmati,Chitwan,Bharatpur Metropolitan City,27,1,unfurnished,True,25,,False,1,False,40,55.65
land,40133023,2726.27,Gandaki,Kaski,Pokhara Metropolitan City,15,0,,False,20,,False,0,False,0,46.5
home,21125949,931.94,Bagmati,Kathmandu,Kathmandu Metropolitan City,5,4,semi-furnished,False,16,,False,4,False,29,67.03
home,35611054,2236.69,Lumbini,Rupandehi,Butwal Sub-Metropolitan City,27,4,semi-furnished,False,13,,False,3,False,21,66.95
home,38840601,4577.96,Bagmati,Kathmandu,Kathmandu Metropolitan City,17,1,unfurnished,False,30,,False,3,False,12,79.65
land,12375783,4577.49,Koshi,Morang,Biratnagar Metropolitan City,7,0,,False,16,,False,0,False,0,54.47
room,11231,284.88,Gandaki,Kaski,Pokhara Metropolitan City,24,1,fully-furnished,True,10,2bhk,True,2,False,11,54.14
room,9867,402.73,Bagmati,Lalitpur,Lalitpur Metropolitan City,21,2,fully-furnished,True,16,shared,True,4,False,4,60.93
land,10121835,2592.07,Koshi,Jhapa,Birtamode Municipality,25,0,,False,13,,False,0,False,0,48.24
room,39294,833.47,Bagmati,Lalitpur,Lalitpur Metropolitan City,20,2,fully-furnished,True,16,shared,True,3,False,21,70.94
office,42841,1471.47,Bagmati,Bhaktapur,Bhaktapur Municipality,30,0,unfurnished,False,0,,False,7,False,30,13.94
room,18333,700.03,Bagmati,Bhaktapur,Bhaktapur Municipality,11,1,unfurnished,False,20,1bhk,True,4,False,14,42.19
home,41038328,3094.03,Bagmati,Lalitpur,Lalitpur Metropolitan City,24,3,unfurnished,True,20,,False,3,False,38,53.58
land,25401844,3618.4,Koshi,Morang,Biratnagar Metropolitan City,25,0,,False,20,,False,0,False,0,54.06
room,33793,852.59,Bagmati,Lalitpur,Lalitpur Metropolitan City,21,1,semi-furnished,False,13,shared,True,2,False,26,56.77
land,27857209,1011.97,Bagmati,Kathmandu,Kathmandu Metropolitan City,17,0,,False,10,,False,0,False,0,49.17
home,29526828,2881.16,Bagmati,Chitwan,Bharatpur Metropolitan City,25,3,semi-furnished,False,0,,False,1,False,32,24.54
office,36375,3893.14,Lumbini,Rupandehi,Butwal Sub-Metropolitan City,23,0,unfurnished,False,16,,False,8,True,39,27.27
office,104106,973.29,Gandaki,Kaski,Pokhara Metropolitan City,32,0,semi-furnished,True,25,,False,3,True,3,74.67
land,5177813,2779.3,Bagmati,Chitwan,Bharatpur Metropolitan City,30,0,,False,30,,False,0,False,0,60.98
home,33411052,3744.42,Lumbini,Rupandehi,Butwal Sub-Metropolitan City,18,1,unfurnished,True,0,,False,4,False,6,53.16
room,46496,771.87,Gandaki,Kaski,Pokhara Metropolitan City,1,1,unfurnished,True,16,shared,False,4,False,10,45.55
office,43485,1656.33,Bagmati,Bhaktapur,Bhaktapur Municipality,23,0,unfurnished,True,30,,False,3,False,31,38.17
room,11422,963.52,Sudurpashchim,Kailali,Dhangadhi Sub-Metropolitan City,6,2,semi-furnished,True,13,shared,False,1,False,22,42.55
room,13305,709.61,Koshi,Morang,Biratnagar Metropolitan City,27,2,semi-furnished,False,0,1bhk,True,4,False,29,25.23
office,21854,2214.46,Gandaki,Kaski,Pokhara Metropolitan City,17,0,semi-furnished,False,13,,False,2,False,7,68.09
home,32872063,3265.45,Bagmati,Lalitpur,Lalitpur Metropolitan City,14,2,fully-furnished,True,13,,False,3,False,4,79.66
home,32118078,2458.69,Sudurpashchim,Kailali,Dhangadhi Sub-Metropolitan City,24,1,unfurnished,True,0,,False,2,False,27,34.12
room,44270,621.76,Lumbini,Rupandehi,Butwal Sub-Metropolitan City,25,1,unfurnished,False,20,1bhk,False,2,False,2,41.72
home,38196112,2259.52,Koshi,Jhapa,Birtamode Municipality,4,1,semi-furnished,True,16,,False,2,False,11,58.02
land,18774652,1776.89,Koshi,Morang,Biratnagar Metropolitan City,28,0,,False,0,,False,0,False,0,39.44
home,44353312,1982.58,Bagmati,Lalitpur,Lalitpur Metropolitan City,31,1,fully-furnished,False,16,,False,2,False,6,81.32
office,109413,2493.45,Bagmati,Lalitpur,Lalitpur Metropolitan City,16,0,unfurnished,True,30,,False,6,False,14,55.71
land,14661961,4088.9,Koshi,Jhapa,Birtamode Municipality,27,0,,False,10,,False,0,False,0,35.44
office,81662,1937.0,Bagmati,Kathmandu,Kathmandu Metropolitan City,13,0,fully-furnished,False,16,,False,8,False,25,66.3
home,5125303,4161.63,Bagmati,Chitwan,Bharatpur Metropolitan City,20,3,fully-furnished,True,10,,False,2,False,30,57.69
land,23705633,3935.31,Gandaki,Kaski,Pokhara Metropolitan City,14,0,,False,30,,False,0,False,0,67.32
home,30564254,2079.35,Sudurpashchim,Kailali,Dhangadhi Sub-Metropolitan City,29,2,unfurnished,False,10,,False,2,False,21,40.56
land,49338796,3094.19,Koshi,Jhapa,Birtamode Municipality,8,0,,False,30,,False,0,False,0,58.38
land,39241657,4289.66,Bagmati,Bhaktapur,Bhaktapur Municipality,16,0,,False,0,,False,0,False,0,44.93
room,12397,969.93,Koshi,Jhapa,Birtamode Municipality,27,1,fully-furnished,True,0,single,True,5,False,24,20.73
office,23934,4037.29,Bagmati,Lalitpur,Lalitpur Metropolitan City,32,0,fully-furnished,False,16,,False,7,False,14,65.79
room,12825,257.67,Koshi,Jhapa,Birtamode Municipality,31,1,fully-furnished,False,13,1bhk,False,3,False,0,53.13
home,16612019,3366.66,Gandaki,Kaski,Pokhara Metropolitan City,32,5,semi-furnished,True,30,,False,2,False,31,70.01
home,18283218,3458.36,Koshi,Morang,Biratnagar Metropolitan City,23,1,unfurnished,True,10,,False,3,False,21,38.27
office,128851,2248.39,Bagmati,Bhaktapur,Bhaktapur Municipality,22,0,fully-furnished,False,0,,False,4,True,23,47.53
office,28789,2443.58,Koshi,Jhapa,Birtamode Municipality,4,0,fully-furnished,False,13,,False,3,False,39,38.6
land,43224600,1387.89,Bagmati,Chitwan,Bharatpur Metropolitan City,23,0,,False,20,,False,0,False,0,57.46
home,9955118,4609.13,Gandaki,Kaski,Pokhara Metropolitan City,1,3,fully-furnished,False,20,,False,4,False,28,66.29
office,52255,2999.42,Lumbini,Rupandehi,Butwal Sub-Metropolitan City,18,0,semi-furnished,True,16,,False,6,False,26,45.58
home,30952947,4826.99,Koshi,Morang,Biratnagar Metropolitan City,11,1,unfurnished,False,25,,False,3,False,36,61.56
home,22685895,3159.98,Bagmati,Kathmandu,Kathmandu Metropolitan City,20,5,semi-furnished,True,25,,False,3,False,20,82.33
office,30069,4358.17,Lumbini,Rupandehi,Butwal Sub-Metropolitan City,27,0,unfurnished,True,20,,False,7,False,40,23.69
land,42099003,3740.25,Koshi,Morang,Biratnagar Metropolitan City,3,0,,False,30,,False,0,False,0,68.57
room,37071,748.24,Bagmati,Lalitpur,Lalitpur Metropolitan City,23,1,fully-furnished,True,20,2bhk,False,5,False,24,68.5
office,95913,4641.31,Gandaki,Kaski,Pokhara Metropolitan City,1,0,semi-furnished,True,10,,False,8,True,26,68.81
land,30498702,3586.83,Koshi,Jhapa,Birtamode Municipality,21,0,,False,0,,False,0,False,0,27.89
office,77454,4977.66,Sudurpashchim,Kailali,Dhangadhi Sub-Metropolitan City,3,0,fully-furnished,True,25,,False,3,True,14,57.07
land,41778201,1379.16,Gandaki,Kaski,Pokhara Metropolitan City,5,0,,False,20,,False,0,False,0,39.88
office,48814,2314.47,Koshi,Jhapa,Birtamode Municipality,31,0,semi-furnished,True,0,,False,4,False,14,40.42
room,32597,988.23,Bagmati,Chitwan,Bharatpur Metropolitan City,15,1,semi-furnished,False,0,studio,True,5,False,20,30.09
room,29363,693.42,Bagmati,Kathmandu,Kathmandu Metropolitan City,26,2,semi-furnished,True,20,studio,False,4,False,1,80.11
room,21187,836.83,Koshi,Morang,Biratnagar Metropolitan City,26,1,fully-furnished,False,13,2bhk,True,5,False,30,35.88
room,42909,904.84,Koshi,Morang,Biratnagar Metropolitan City,28,2,unfurnished,True,0,shared,False,5,False,3,24.28
home,11343102,1691.85,Bagmati,Kathmandu,Kathmandu Metropolitan City,22,2,unfurnished,True,16,,False,4,False,8,62.34
room,11191,799.62,Koshi,Morang,Biratnagar Metropolitan City,32,0,unfurnished,False,20,single,False,1,False,27,14.32
room,28675,209.94,Bagmati,Lalitpur,Lalitpur Metropolitan City,25,2,unfurnished,True,0,single,True,5,False,21,34.6
land,36988486,1601.43,Bagmati,Kathmandu,Kathmandu Metropolitan City,29,0,,False,13,,False,0,False,0,38.47
office,112942,4613.07,Bagmati,Chitwan,Bharatpur Metropolitan City,29,0,fully-furnished,False,25,,False,8,False,15,49.09
home,23541803,3128.78,Koshi,Jhapa,Birtamode Municipality,3,1,fully-furnished,True,20,,False,3,False,36,39.57
office,38802,2761.28,Koshi,Jhapa,Birtamode Municipality,5,0,fully-furnished,True,0,,False,6,False,8,37.26
room,12440,422.62,Sudurpashchim,Kailali,Dhangadhi Sub-Metropolitan City,12,0,fully-furnished,True,10,shared,False,1,False,18,48.9
home,17176319,1064.82,Bagmati,Chitwan,Bharatpur Metropolitan City,19,3,unfurnished,False,20,,False,1,False,14,61.36
home,36424408,3653.4,Bagmati,Bhaktapur,Bhaktapur Municipality,29,4,semi-furnished,True,25,,False,4,False,10,66.61
room,28299,904.82,Sudurpashchim,Kailali,Dhangadhi Sub-Metropolitan City,5,0,unfurnished,True,20,1bhk,False,5,False,6,40.28
office,111713,1663.92,Sudurpashchim,Kailali,Dhangadhi Sub-Metropolitan City,19,0,unfurnished,True,0,,False,2,True,26,31.5
home,35045711,3461.28,Gandaki,Kaski,Pokhara Metropolitan City,14,1,fully-furnished,False,30,,False,4,False,15,76.88
home,28370724,2782.08,Sudurpashchim,Kailali,Dhangadhi Sub-Metropolitan City,1,3,unfurnished,True,20,,False,3,False,7,49.3
home,36534721,1126.25,Gandaki,Kaski,Pokhara Metropolitan City,7,5,semi-furnished,True,13,,False,4,False,28,72.4
office,37903,635.94,Koshi,Jhapa,Birtamode Municipality,32,0,unfurnished,True,30,,False,1,True,3,29.0
office,55365,4077.99,Bagmati,Bhaktapur,Bhaktapur Municipality,21,0,fully-furnished,False,20,,False,3,True,0,57.82
office,84068,2076.94,Gandaki,Kaski,Pokhara Metropolitan City,1,0,unfurnished,False,0,,False,3,False,38,25.97
home,36228087,2159.24,Lumbini,Rupandehi,Butwal Sub-Metropolitan City,25,1,fully-furnished,False,13,,False,4,False,30,62.65
room,28262,724.95,Bagmati,Chitwan,Bharatpur Metropolitan City,7,1,fully-furnished,False,13,double,False,4,False,23,43.71
room,29177,984.79,Bagmati,Chitwan,Bharatpur Metropolitan City,10,1,unfurnished,False,20,1bhk,True,1,False,26,27.42
room,14751,785.71,Sudurpashchim,Kailali,Dhangadhi Sub-Metropolitan City,7,0,semi-furnished,False,16,double,True,5,False,27,25.25
land,22250121,2677.77,Koshi,Morang,Biratnagar Metropolitan City,21,0,,False,25,,False,0,False,0,56.27
office,27901,3350.34,Koshi,Jhapa,Birtamode Municipality,3,0,unfurnished,False,30,,False,1,True,32,38.46
land,24717161,1814.46,Gandaki,Kaski,Pokhara Metropolitan City,15,0,,False,25,,False,0,False,0,55.21
home,33744476,2144.16,Bagmati,Kathmandu,Kathmandu Metropolitan City,32,1,fully-furnished,False,25,,False,3,False,24,67.41
home,43794547,4065.19,Gandaki,Kaski,Pokhara Metropolitan City,14,2,fully-furnished,False,20,,False,3,False,8,78.35
room,13054,148.24,Bagmati,Chitwan,Bharatpur Metropolitan City,29,1,semi-furnished,False,20,2bhk,True,4,False,6,31.02
land,21075342,4157.62,Sudurpashchim,Kailali,Dhangadhi Sub-Metropolitan City,13,0,,False,25,,False,0,False,0,48.85
office,107175,2074.42,Bagmati,Bhaktapur,Bhaktapur Municipality,6,0,unfurnished,False,30,,False,3,False,37,65.17
room,19787,476.17,Lumbini,Rupandehi,Butwal Sub-Metropolitan City,31,1,unfurnished,False,0,double,False,3,False,15,15.03
office,32580,2242.08,Sudurpashchim,Kailali,Dhangadhi Sub-Metropolitan City,12,0,unfurnished,True,0,,False,3,True,36,11.11
land,17959922,4712.58,Bagmati,Chitwan,Bharatpur Metropolitan City,12,0,,False,10,,False,0,False,0,51.27
land,19149947,1497.35,Sudurpashchim,Kailali,Dhangadhi Sub-Metropolitan City,26,0,,False,25,,False,0,False,0,46.62
land,27699886,1880.67,Bagmati,Chitwan,Bharatpur Metropolitan City,24,0,,False,13,,False,0,False,0,47.0
home,40556766,3062.84,Bagmati,Lalitpur,Lalitpur Metropolitan City,21,2,fully-furnished,False,30,,False,1,False,3,73.91
room,21305,302.19,Gandaki,Kaski,Pokhara Metropolitan City,26,1,unfurnished,True,16,studio,True,3,False,21,37.31
land,41894415,4930.57,Bagmati,Chitwan,Bharatpur Metropolitan City,20,0,,False,30,,False,0,False,0,70.23
office,75919,2382.24,Sudurpashchim,Kailali,Dhangadhi Sub-Metropolitan City,24,0,unfurnished,False,25,,False,3,True,12,52.8
room,19312,572.06,Bagmati,Bhaktapur,Bhaktapur Municipality,4,2,unfurnished,False,16,shared,True,3,False,14,52.14
land,41696298,1606.87,Koshi,Jhapa,Birtamode Municipality,12,0,,False,10,,False,0,False,0,33.37
office,123733,2747.13,Koshi,Morang,Biratnagar Metropolitan City,12,0,unfurnished,False,16,,False,8,True,25,25.15
land,4103689,1570.14,Gandaki,Kaski,Pokhara Metropolitan City,26,0,,False,30,,False,0,False,0,36.49
room,38742,137.69,Sudurpashchim,Kailali,Dhangadhi Sub-Metropolitan City,25,1,unfurnished,False,10,1bhk,True,2,False,30,7.17
office,87576,3160.73,Gandaki,Kaski,Pokhara Metropolitan City,20,0,semi-furnished,False,13,,False,2,True,27,53.88
room,10265,872.6,Gandaki,Kaski,Pokhara Metropolitan City,15,1,fully-furnished,True,0,studio,False,2,False,24,46.4
office,147283,4928.24,Koshi,Jhapa,Birtamode Municipality,12,0,fully-furnished,False,13,,False,6,False,4,44.02
land,28391475,2650.97,Bagmati,Chitwan,Bharatpur Metropolitan City,22,0,,False,10,,False,0,False,0,47.03
room,14821,787.43,Bagmati,Bhaktapur,Bhaktapur Municipality,5,0,unfurnished,False,20,studio,True,1,False,12,36.85
land,29136622,1485.42,Koshi,Jhapa,Birtamode Municipality,4,0,,False,0,,False,0,False,0,41.83
office,77959,3294.57,Bagmati,Chitwan,Bharatpur Metropolitan City,2,0,semi-furnished,False,10,,False,2,False,8,50.06
room,35290,967.96,Bagmati,Chitwan,Bharatpur Metropolitan City,5,2,unfurnished,False,20,1bhk,False,3,False,15,30.11
home,8756641,2608.41,Gandaki,Kaski,Pokhara Metropolitan City,5,2,unfurnished,False,10,,False,2,False,33,50.94
room,8916,768.28,Gandaki,Kaski,Pokhara Metropolitan City,18,2,fully-furnished,True,0,2bhk,False,2,False,19,53.04
room,9673,252.04,Sudurpashchim,Kailali,Dhangadhi Sub-Metropolitan City,2,1,unfurnished,True,16,studio,False,1,False,8,25.06
room,21054,937.08,Sudurpashchim,Kailali,Dhangadhi Sub-Metropolitan City,15,0,semi-furnished,True,13,studio,False,3,False,8,47.88
home,43855347,2029.37,Bagmati,Lalitpur,Lalitpur Metropolitan City,11,2,fully-furnished,True,30,,False,2,False,32,100.0
land,15146543,4080.4,Sudurpashchim,Kailali,Dhangadhi Sub-Metropolitan City,23,0,,False,0,,False,0,False,0,34.77
room,36867,199.6,Sudurpashchim,Kailali,Dhangadhi Sub-Metropolitan City,9,2,unfurnished,True,0,double,False,5,False,13,22.92
room,11738,865.93,Bagmati,Bhaktapur,Bhaktapur Municipality,3,2,unfurnished,True,10,shared,True,2,False,28,34.1
home,16325674,1837.67,Bagmati,Chitwan,Bharatpur Metropolitan City,4,3,fully-furnished,True,16,,False,3,False,38,65.15
home,38945563,3156.85,Koshi,Jhapa,Birtamode Municipality,16,3,semi-furnished,True,30,,False,2,False,30,67.58
room,46275,289.44,Koshi,Jhapa,Birtamode Municipality,17,1,fully-furnished,False,20,single,True,2,False,0,53.17
office,57680,4159.32,Sudurpashchim,Kailali,Dhangadhi Sub-Metropolitan City,17,0,unfurnished,False,25,,False,4,True,37,27.07
room,11750,399.43,Bagmati,Kathmandu,Kathmandu Metropolitan City,2,1,unfurnished,False,0,shared,True,3,False,3,41.09
home,16435045,2759.82,Sudurpashchim,Kailali,Dhangadhi Sub-Metropolitan City,14,1,fully-furnished,True,16,,False,3,False,18,72.42
office,110677,2969.6,Bagmati,Chitwan,Bharatpur Metropolitan City,15,0,fully-furnished,False,0,,False,8,False,0,48.14
home,40424977,2297.49,Bagmati,Kathmandu,Kathmandu Metropolitan City,17,5,unfurnished,False,20,,False,4,False,21,76.26
home,23665425,2033.84,Lumbini,Rupandehi,Butwal Sub-Metropolitan City,31,5,semi-furnished,False,16,,False,1,False,28,58.98
home,8895734,2389.47,Bagmati,Bhaktapur,Bhaktapur Municipality,26,3,semi-furnished,False,0,,False,2,False,0,66.94
land,37679042,1529.73,Sudurpashchim,Kailali,Dhangadhi Sub-Metropolitan City,1,0,,False,20,,False,0,False,0,52.89
home,13909288,4328.81,Gandaki,Kaski,Pokhara Metropolitan City,23,5,unfurnished,False,0,,False,3,False,13,45.34
room,16960,461.94,Gandaki,Kaski,Pokhara Metropolitan City,8,2,unfurnished,False,16,studio,False,2,False,22,41.25
office,142594,4751.6,Koshi,Jhapa,Birtamode Municipality,19,0,fully-furnished,True,25,,False,2,False,12,45.56
office,39591,2461.69,Koshi,Jhapa,Birtamode Municipality,5,0,semi-furnished,True,10,,False,6,True,31,30.3
room,41760,648.83,Koshi,Jhapa,Birtamode Municipality,11,1,unfurnished,True,0,double,False,2,False,19,29.49
home,48853186,975.42,Koshi,Morang,Biratnagar Metropolitan City,26,5,semi-furnished,True,10,,False,4,False,15,67.55
land,44567316,1061.58,Bagmati,Chitwan,Bharatpur Metropolitan City,6,0,,False,30,,False,0,False,0,49.31
room,25847,980.45,Lumbini,Rupandehi,Butwal Sub-Metropolitan City,30,2,fully-furnished,False,16,single,False,5,False,30,55.06
office,99056,2809.84,Bagmati,Kathmandu,Kathmandu Metropolitan City,30,0,semi-furnished,False,30,,False,7,False,36,55.1
office,32332,3165.11,Lumbini,Rupandehi,Butwal Sub-Metropolitan City,15,0,fully-furnished,True,30,,False,5,True,21,52.9
home,43960534,3074.03,Lumbini,Rupandehi,Butwal Sub-Metropolitan City,26,1,fully-furnished,True,13,,False,1,False,31,44.17
office,24154,4484.91,Koshi,Morang,Biratnagar Metropolitan City,18,0,semi-furnished,True,30,,False,2,False,29,45.34
office,86361,2119.87,Bagmati,Lalitpur,Lalitpur Metropolitan City,7,0,semi-furnished,True,10,,False,7,True,19,43.43
land,25267637,1833.87,Bagmati,Lalitpur,Lalitpur Metropolitan City,3,0,,False,16,,False,0,False,0,56.89
office,34467,4685.31,Sudurpashchim,Kailali,Dhangadhi Sub-Metropolitan City,29,0,fully-furnished,False,13,,False,8,True,35,30.56
home,37919851,1498.23,Bagmati,Lalitpur,Lalitpur Metropolitan City,8,5,unfurnished,False,25,,False,2,False,16,53.55
office,58299,3299.43,Bagmati,Lalitpur,Lalitpur Metropolitan City,2,0,fully-furnished,False,25,,False,6,False,12,53.75
home,23662995,3765.86,Lumbini,Rupandehi,Butwal Sub-Metropolitan City,4,2,semi-furnished,False,10,,False,1,False,33,45.5
room,9428,973.85,Koshi,Morang,Biratnagar Metropolitan City,26,2,fully-furnished,False,20,shared,False,5,False,22,52.67
room,11873,102.04,Bagmati,Lalitpur,Lalitpur Metropolitan City,20,1,fully-furnished,False,13,studio,True,2,False,7,28.77
land,5707857,2043.1,Bagmati,Lalitpur,Lalitpur Metropolitan City,28,0,,False,16,,False,0,False,0,68.76
home,15826575,3001.03,Lumbini,Rupandehi,Butwal Sub-Metropolitan City,27,2,unfurnished,False,25,,False,3,False,9,45.07
home,44506341,1886.22,Lumbini,Rupandehi,Butwal Sub-Metropolitan City,18,4,unfurnished,True,30,,False,3,False,7,86.43
home,26589112,2513.03,Lumbini,Rupandehi,Butwal Sub-Metropolitan City,27,3,semi-furnished,False,20,,False,4,False,35,56.38
office,130035,4578.22,Gandaki,Kaski,Pokhara Metropolitan City,5,0,unfurnished,False,10,,False,3,False,37,41.45
office,93170,2460.08,Bagmati,Kathmandu,Kathmandu Metropolitan City,32,0,semi-furnished,True,25,,False,7,True,40,53.37
office,111834,4663.42,Bagmati,Lalitpur,Lalitpur Metropolitan City,19,0,fully-furnished,False,0,,False,3,False,24,51.15
land,9684218,1219.95,Bagmati,Kathmandu,Kathmandu Metropolitan City,19,0,,False,16,,False,0,False,0,53.68
office,82953,1954.98,Koshi,Jhapa,Birtamode Municipality,30,0,fully-furnished,False,0,,False,3,False,36,23.74
land,24863749,2548.89,Lumbini,Rupandehi,Butwal Sub-Metropolitan City,29,0,,False,0,,False,0,False,0,54.78
room,38049,999.62,Koshi,Jhapa,Birtamode Municipality,12,1,unfurnished,True,13,double,True,4,False,29,35.53
office,133326,936.82,Koshi,Jhapa,Birtamode Municipality,26,0,fully-furnished,False,0,,False,3,False,19,40.37
land,18578286,3453.5,Gandaki,Kaski,Pokhara Metropolitan City,26,0,,False,20,,False,0,False,0,66.0
room,25872,996.05,Bagmati,Lalitpur,Lalitpur Metropolitan City,20,2,fully-furnished,False,16,single,False,4,False,25,43.33
home,34248519,3664.62,Lumbini,Rupandehi,Butwal Sub-Metropolitan City,3,5,fully-furnished,False,25,,False,1,False,20,77.14
land,7339717,2389.35,Koshi,Morang,Biratnagar Metropolitan City,12,0,,False,10,,False,0,False,0,40.15
land,12064130,1673.67,Bagmati,Chitwan,Bharatpur Metropolitan City,31,0,,False,10,,False,0,False,0,46.27
office,73208,2363.55,Bagmati,Kathmandu,Kathmandu Metropolitan City,25,0,semi-furnished,False,25,,False,1,False,14,56.49
room,15465,664.49,Bagmati,Bhaktapur,Bhaktapur Municipality,11,2,unfurnished,False,10,shared,True,2,False,30,23.38
office,107232,2491.9,Sudurpashchim,Kailali,Dhangadhi Sub-Metropolitan City,5,0,fully-furnished,False,20,,False,2,True,33,39.48
room,15585,301.92,Bagmati,Kathmandu,Kathmandu Metropolitan City,29,1,semi-furnished,False,20,2bhk,False,3,False,11,58.26
room,28663,467.89,Koshi,Morang,Biratnagar Metropolitan City,9,0,fully-furnished,False,0,2bhk,False,3,False,15,41.87
room,32476,660.61,Bagmati,Kathmandu,Kathmandu Metropolitan City,11,0,unfurnished,False,20,studio,False,3,False,2,50.75
home,44371362,4699.22,Bagmati,Bhaktapur,Bhaktapur Municipality,22,5,unfurnished,False,25,,False,2,False,20,66.33
office,52310,4409.0,Sudurpashchim,Kailali,Dhangadhi Sub-Metropolitan City,10,0,semi-furnished,False,0,,False,1,False,11,27.08
room,39625,429.58,Koshi,Morang,Biratnagar Metropolitan City,5,2,unfurnished,False,0,1bhk,True,4,False,28,38.82
room,19315,296.09,Sudurpashchim,Kailali,Dhangadhi Sub-Metropolitan City,22,2,fully-furnished,False,13,shared,True,1,False,19,35.72
office,142934,826.39,Lumbini,Rupandehi,Butwal Sub-Metropolitan City,11,0,semi-furnished,False,30,,False,2,False,17,55.69
land,49970338,1339.4,Koshi,Jhapa,Birtamode Municipality,21,0,,False,30,,False,0,False,0,66.93
room,17249,236.05,Koshi,Jhapa,Birtamode Municipality,16,1,unfurnished,False,16,single,True,1,False,3,25.43
land,32711007,3206.29,Bagmati,Chitwan,Bharatpur Metropolitan City,11,0,,False,0,,False,0,False,0,54.73
room,44408,796.95,Sudurpashchim,Kailali,Dhangadhi Sub-Metropolitan City,3,1,fully-furnished,False,13,1bhk,True,2,False,28,28.82
land,43364230,3942.53,Koshi,Jhapa,Birtamode Municipality,32,0,,False,10,,False,0,False,0,57.4
land,39362256,2091.61,Bagmati,Kathmandu,Kathmandu Metropolitan City,2,0,,False,30,,False,0,False,0,62.71
room,25548,591.86,Bagmati,Kathmandu,Kathmandu Metropolitan City,3,0,fully-furnished,True,13,2bhk,True,3,False,1,60.79
land,17854958,2158.14,Sudurpashchim,Kailali,Dhangadhi Sub-Metropolitan City,4,0,,False,13,,False,0,False,0,28.77
office,146016,3283.39,Sudurpashchim,Kailali,Dhangadhi Sub-Metropolitan City,3,0,fully-furnished,True,0,,False,2,False,26,32.57
office,145934,4481.63,Bagmati,Chitwan,Bharatpur Metropolitan City,2,0,unfurnished,True,10,,False,5,False,28,24.21
room,17766,555.15,Koshi,Jhapa,Birtamode Municipality,10,1,unfurnished,True,16,double,True,4,False,26,29.99
room,19282,638.94,Bagmati,Chitwan,Bharatpur Metropolitan City,21,2,fully-furnished,True,0,double,True,1,False,23,40.58
office,110026,2261.09,Bagmati,Chitwan,Bharatpur Metropolitan City,24,0,semi-furnished,False,25,,False,2,False,25,55.65
office,57409,1292.08,Koshi,Morang,Biratnagar Metropolitan City,7,0,unfurnished,False,30,,False,1,False,15,48.25
office,72158,3351.45,Sudurpashchim,Kailali,Dhangadhi Sub-Metropolitan City,19,0,semi-furnished,False,0,,False,7,True,36,27.08
home,20173976,4029.23,Koshi,Morang,Biratnagar Metropolitan City,9,1,semi-furnished,True,13,,False,4,False,24,42.53
land,17600888,2476.85,Bagmati,Chitwan,Bharatpur Metropolitan City,12,0,,False,25,,False,0,False,0,47.61
room,43657,326.17,Koshi,Morang,Biratnagar Metropolitan City,32,2,fully-furnished,True,13,1bhk,True,5,False,7,66.56
land,45512744,2286.67,Bagmati,Chitwan,Bharatpur Metropolitan City,15,0,,False,30,,False,0,False,0,52.81
home,28680722,2962.82,Bagmati,Chitwan,Bharatpur Metropolitan City,31,5,unfurnished,True,20,,False,2,False,0,86.8
office,45709,2090.19,Koshi,Jhapa,Birtamode Municipality,24,0,fully-furnished,False,25,,False,7,True,29,44.16
home,41163121,1807.97,Koshi,Jhapa,Birtamode Municipality,9,2,fully-furnished,True,16,,False,3,False,14,66.05
land,43757671,3335.99,Bagmati,Chitwan,Bharatpur Metropolitan City,14,0,,False,25,,False,0,False,0,64.51
room,10144,851.52,Koshi,Morang,Biratnagar Metropolitan City,31,1,fully-furnished,True,0,studio,False,1,False,21,48.01
office,67560,2950.93,Bagmati,Kathmandu,Kathmandu Metropolitan City,9,0,fully-furnished,True,25,,False,7,False,17,58.68
home,23627605,3601.17,Lumbini,Rupandehi,Butwal Sub-Metropolitan City,24,1,unfurnished,False,25,,False,2,False,39,47.03
land,18994281,1501.0,Bagmati,Lalitpur,Lalitpur Metropolitan City,14,0,,False,25,,False,0,False,0,60.53
office,132295,4841.76,Bagmati,Lalitpur,Lalitpur Metropolitan City,28,0,unfurnished,True,16,,False,7,False,16,44.95
office,113379,3830.43,Lumbini,Rupandehi,Butwal Sub-Metropolitan City,9,0,fully-furnished,True,25,,False,1,False,0,71.82
home,36425410,1836.98,Sudurpashchim,Kailali,Dhangadhi Sub-Metropolitan City,17,5,fully-furnished,False,0,,False,1,False,34,52.24
office,118688,3993.49,Lumbini,Rupandehi,Butwal Sub-Metropolitan City,31,0,semi-furnished,True,10,,False,5,True,8,53.97
home,13702126,4752.94,Koshi,Morang,Biratnagar Metropolitan City,15,2,semi-furnished,True,13,,False,4,False,30,65.87
home,29300923,2715.99,Lumbini,Rupandehi,Butwal Sub-Metropolitan City,30,4,unfurnished,False,0,,False,2,False,6,57.24
room,26479,183.91,Sudurpashchim,Kailali,Dhangadhi Sub-Metropolitan City,12,1,semi-furnished,True,10,2bhk,False,2,False,16,28.6
office,86256,2847.49,Gandaki,Kaski,Pokhara Metropolitan City,32,0,semi-furnished,True,30,,False,1,False,29,40.53
home,44866620,3586.22,Koshi,Morang,Biratnagar Metropolitan City,24,3,semi-furnished,False,0,,False,4,False,36,21.7
home,48299580,1813.66,Gandaki,Kaski,Pokhara Metropolitan City,22,1,fully-furnished,False,13,,False,4,False,5,73.24
office,149388,2234.09,Koshi,Jhapa,Birtamode Municipality,19,0,semi-furnished,False,20,,False,2,False,13,44.92
land,24848508,4439.83,Koshi,Jhapa,Birtamode Municipality,15,0,,False,20,,False,0,False,0,43.04
room,12236,733.84,Bagmati,Chitwan,Bharatpur Metropolitan City,9,0,unfurnished,False,16,double,True,3,False,30,36.04
land,36173877,2680.69,Bagmati,Kathmandu,Kathmandu Metropolitan City,18,0,,False,16,,False,0,False,0,56.6
home,38902160,3633.67,Koshi,Jhapa,Birtamode Municipality,26,5,semi-furnished,False,13,,False,4,False,29,65.05
office,124110,4107.43,Bagmati,Lalitpur,Lalitpur Metropolitan City,10,0,fully-furnished,True,0,,False,2,True,1,57.91
room,34725,554.15,Bagmati,Lalitpur,Lalitpur Metropolitan City,12,2,unfurnished,True,16,double,False,1,False,10,41.02
room,46187,196.91,Lumbini,Rupandehi,Butwal Sub-Metropolitan City,22,0,unfurnished,False,16,single,True,5,False,0,43.94
room,39702,563.36,Bagmati,Kathmandu,Kathmandu Metropolitan City,23,1,semi-furnished,True,10,studio,False,5,False,30,40.44
office,36843,3607.72,Koshi,Jhapa,Birtamode Municipality,23,0,unfurnished,False,30,,False,4,True,22,47.54
office,40353,3055.72,Bagmati,Lalitpur,Lalitpur Metropolitan City,8,0,unfurnished,False,0,,False,3,True,16,33.12
home,33992332,1774.46,Gandaki,Kaski,Pokhara Metropolitan City,21,4,semi-furnished,False,25,,False,4,False,31,62.51
home,13729581,4593.44,Lumbini,Rupandehi,Butwal Sub-Metropolitan City,17,4,semi-furnished,False,13,,False,1,False,13,59.21
land,42613622,3748.1,Bagmati,Lalitpur,Lalitpur Metropolitan City,20,0,,False,16,,False,0,False,0,54.25
room,39285,523.28,Bagmati,Lalitpur,Lalitpur Metropolitan City,1,0,unfurnished,True,20,single,False,1,False,30,43.35
office,71516,4983.31,Bagmati,Kathmandu,Kathmandu Metropolitan City,17,0,unfurnished,False,20,,False,8,False,30,35.51
land,14427182,1214.74,Bagmati,Bhaktapur,Bhaktapur Municipality,30,0,,False,13,,False,0,False,0,35.61
room,24055,480.88,Gandaki,Kaski,Pokhara Metropolitan City,25,0,fully-furnished,True,13,double,False,5,False,11,45.03
room,32887,578.82,Bagmati,Bhaktapur,Bhaktapur Municipality,21,2,fully-furnished,False,0,studio,True,1,False,21,48.96
home,24967225,3540.33,Lumbini,Rupandehi,Butwal Sub-Metropolitan City,15,4,semi-furnished,False,25,,False,4,False,4,69.82
office,111444,1523.45,Bagmati,Bhaktapur,Bhaktapur Municipality,6,0,unfurnished,True,25,,False,7,True,6,52.91
home,25006036,2201.73,Koshi,Jhapa,Birtamode Municipality,29,3,fully-furnished,True,20,,False,3,False,4,82.84
office,22163,1323.25,Koshi,Morang,Biratnagar Metropolitan City,26,0,fully-furnished,False,10,,False,7,True,7,41.52
room,11701,449.96,Bagmati,Kathmandu,Kathmandu Metropolitan City,5,2,unfurnished,False,0,shared,True,1,False,6,25.56
home,47345577,3944.22,Koshi,Morang,Biratnagar Metropolitan City,31,2,unfurnished,False,13,,False,2,False,30,44.93
room,38724,496.6,Bagmati,Bhaktapur,Bhaktapur Municipality,26,0,semi-furnished,False,13,1bhk,True,4,False,2,44.4
office,112248,1830.59,Bagmati,Bhaktapur,Bhaktapur Municipality,7,0,unfurnished,True,30,,False,8,True,3,50.16
home,12037654,4058.91,Bagmati,Bhaktapur,Bhaktapur Municipality,14,2,fully-furnished,False,20,,False,2,False,30,59.72
office,52730,1036.04,Bagmati,Chitwan,Bharatpur Metropolitan City,2,0,semi-furnished,False,0,,False,6,False,30,33.16
home,16595179,3010.46,Bagmati,Lalitpur,Lalitpur Metropolitan City,5,3,fully-furnished,False,30,,False,4,False,5,82.07
office,98647,1879.18,Lumbini,Rupandehi,Butwal Sub-Metropolitan City,24,0,fully-furnished,True,10,,False,6,False,8,54.47
room,36650,701.36,Sudurpashchim,Kailali,Dhangadhi Sub-Metropolitan City,32,1,fully-furnished,True,10,1bhk,True,5,False,29,57.06
home,41451377,4792.2,Gandaki,Kaski,Pokhara Metropolitan City,23,4,unfurnished,False,0,,False,3,False,12,49.62
office,40532,2576.79,Koshi,Morang,Biratnagar Metropolitan City,20,0,semi-furnished,False,30,,False,8,False,26,45.29
room,17888,130.45,Bagmati,Chitwan,Bharatpur Metropolitan City,21,1,fully-furnished,True,0,1bhk,False,1,False,16,18.39
land,23837239,2059.2,Sudurpashchim,Kailali,Dhangadhi Sub-Metropolitan City,31,0,,False,30,,False,0,False,0,47.6
land,46655007,3034.63,Koshi,Morang,Biratnagar Metropolitan City,22,0,,False,0,,False,0,False,0,35.8
land,46067116,706.49,Koshi,Morang,Biratnagar Metropolitan City,7,0,,False,20,,False,0,False,0,47.64
office,54078,4077.46,Koshi,Jhapa,Birtamode Municipality,32,0,semi-furnished,False,16,,False,2,True,28,41.27
office,70344,1211.15,Sudurpashchim,Kailali,Dhangadhi Sub-Metropolitan City,25,0,unfurnished,False,16,,False,6,True,14,58.23
room,45622,498.42,Gandaki,Kaski,Pokhara Metropolitan City,29,2,fully-furnished,True,16,1bhk,True,2,False,25,48.86
home,9983808,3387.75,Koshi,Jhapa,Birtamode Municipality,8,3,fully-furnished,True,10,,False,4,False,18,55.79
office,61054,1655.01,Gandaki,Kaski,Pokhara Metropolitan City,16,0,fully-furnished,False,10,,False,2,False,0,58.04
land,30964851,2734.92,Koshi,Morang,Biratnagar Metropolitan City,17,0,,False,0,,False,0,False,0,44.37
office,55347,3097.31,Lumbini,Rupandehi,Butwal Sub-Metropolitan City,11,0,semi-furnished,False,16,,False,4,False,24,43.66
room,14103,645.85,Bagmati,Kathmandu,Kathmandu Metropolitan City,8,2,semi-furnished,False,10,studio,False,3,False,6,62.13
room,41158,825.62,Lumbini,Rupandehi,Butwal Sub-Metropolitan City,29,1,unfurnished,False,16,single,True,1,False,25,17.34
room,47382,337.55,Sudurpashchim,Kailali,Dhangadhi Sub-Metropolitan City,17,2,fully-furnished,False,10,1bhk,False,2,False,10,19.61
room,26197,529.06,Lumbini,Rupandehi,Butwal Sub-Metropolitan City,31,1,semi-furnished,True,0,double,True,5,False,8,35.9
office,138287,2035.2,Sudurpashchim,Kailali,Dhangadhi Sub-Metropolitan City,29,0,fully-furnished,True,20,,False,8,False,23,55.02
home,44906204,3867.98,Lumbini,Rupandehi,Butwal Sub-Metropolitan City,9,1,unfurnished,True,0,,False,3,False,37,26.81
room,15425,415.61,Bagmati,Kathmandu,Kathmandu Metropolitan City,19,2,fully-furnished,False,13,1bhk,False,3,False,1,31.73
land,15408727,1892.17,Koshi,Morang,Biratnagar Metropolitan City,15,0,,False,13,,False,0,False,0,53.42
home,14041650,1233.22,Koshi,Jhapa,Birtamode Municipality,31,2,unfurnished,True,10,,False,1,False,26,48.8
home,18069390,2361.81,Koshi,Morang,Biratnagar Metropolitan City,13,3,unfurnished,False,13,,False,1,False,36,37.4
home,13055628,3866.99,Koshi,Jhapa,Birtamode Municipality,12,5,semi-furnished,True,20,,False,4,False,35,50.59
room,44177,553.82,Lumbini,Rupandehi,Butwal Sub-Metropolitan City,31,1,unfurnished,False,10,studio,False,2,False,1,32.89
office,126555,3030.91,Lumbini,Rupandehi,Butwal Sub-Metropolitan City,15,0,unfurnished,True,30,,False,7,False,26,45.67
office,62716,2665.25,Bagmati,Kathmandu,Kathmandu Metropolitan City,32,0,semi-furnished,True,30,,False,1,False,17,54.51
land,43305677,3728.3,Koshi,Morang,Biratnagar Metropolitan City,29,0,,False,16,,False,0,False,0,53.24
land,32624753,774.04,Bagmati,Bhaktapur,Bhaktapur Municipality,6,0,,False,20,,False,0,False,0,30.4
home,14913077,2500.0,Gandaki,Kaski,Pokhara Metropolitan City,10,4,unfurnished,True,13,,False,3,False,24,52.98
land,48010664,3370.95,Gandaki,Kaski,Pokhara Metropolitan City,22,0,,False,0,,False,0,False,0,34.96
office,80137,869.01,Koshi,Morang,Biratnagar Metropolitan City,32,0,semi-furnished,False,10,,False,8,True,17,36.57
land,36958475,3583.56,Koshi,Morang,Biratnagar Metropolitan City,30,0,,False,25,,False,0,False,0,49.23
room,28671,545.36,Sudurpashchim,Kailali,Dhangadhi Sub-Metropolitan City,1,1,unfurnished,True,13,double,False,3,False,19,40.08
home,46554725,2990.61,Lumbini,Rupandehi,Butwal Sub-Metropolitan City,28,3,fully-furnished,False,25,,False,1,False,22,51.9
home,32877549,2516.73,Bagmati,Lalitpur,Lalitpur Metropolitan City,3,4,fully-furnished,True,30,,False,2,False,34,78.75
room,44227,592.76,Bagmati,Lalitpur,Lalitpur Metropolitan City,25,2,fully-furnished,True,16,1bhk,False,2,False,14,62.63
home,43487238,2012.9,Sudurpashchim,Kailali,Dhangadhi Sub-Metropolitan City,8,2,semi-furnished,True,10,,False,4,False,6,75.89
home,33595338,4457.34,Lumbini,Rupandehi,Butwal Sub-Metropolitan City,1,2,unfurnished,True,30,,False,3,False,33,55.06
land,48866776,3104.85,Gandaki,Kaski,Pokhara Metropolitan City,27,0,,False,20,,False,0,False,0,59.36
office,41218,2289.91,Gandaki,Kaski,Pokhara Metropolitan City,8,0,fully-furnished,False,16,,False,6,False,2,41.22
office,142425,2045.55,Koshi,Jhapa,Birtamode Municipality,31,0,semi-furnished,False,16,,False,4,False,18,20.92
land,45869413,4756.8,Bagmati,Lalitpur,Lalitpur Metropolitan City,21,0,,False,25,,False,0,False,0,65.72
office,21564,1962.82,Lumbini,Rupandehi,Butwal Sub-Metropolitan City,9,0,semi-furnished,True,10,,False,6,True,1,50.79
room,17912,575.74,Sudurpashchim,Kailali,Dhangadhi Sub-Metropolitan City,21,1,semi-furnished,False,20,shared,False,4,False,20,47.55
land,10659900,1357.54,Bagmati,Bhaktapur,Bhaktapur Municipality,2,0,,False,0,,False,0,False,0,32.01
land,34334141,954.85,Bagmati,Chitwan,Bharatpur Metropolitan City,24,0,,False,25,,False,0,False,0,61.13
home,5924578,2505.48,Bagmati,Chitwan,Bharatpur Metropolitan City,8,5,unfurnished,True,16,,False,1,False,5,81.22
room,13854,972.29,Koshi,Morang,Biratnagar Metropolitan City,25,1,unfurnished,False,0,2bhk,False,4,False,21,30.03
land,23930538,878.15,Koshi,Morang,Biratnagar Metropolitan City,3,0,,False,13,,False,0,False,0,51.1
room,44289,954.07,Sudurpashchim,Kailali,Dhangadhi Sub-Metropolitan City,3,1,fully-furnished,False,0,studio,True,4,False,9,42.4
home,28372956,2635.8,Bagmati,Chitwan,Bharatpur Metropolitan City,22,5,fully-furnished,True,30,,False,4,False,13,68.01
home,14402265,2030.1,Sudurpashchim,Kailali,Dhangadhi Sub-Metropolitan City,26,2,semi-furnished,False,13,,False,1,False,31,59.24
home,24917034,2267.81,Bagmati,Kathmandu,Kathmandu Metropolitan City,16,2,semi-furnished,False,25,,False,4,False,25,62.02
land,20438231,3837.41,Gandaki,Kaski,Pokhara Metropolitan City,3,0,,False,13,,False,0,False,0,55.29
land,39919078,3716.35,Gandaki,Kaski,Pokhara Metropolitan City,18,0,,False,30,,False,0,False,0,47.66
office,130384,3270.24,Sudurpashchim,Kailali,Dhangadhi Sub-Metropolitan City,32,0,semi-furnished,True,13,,False,1,False,7,33.71
land,36407892,1606.25,Lumbini,Rupandehi,Butwal Sub-Metropolitan City,29,0,,False,30,,False,0,False,0,73.06
land,38789434,4869.42,Bagmati,Kathmandu,Kathmandu Metropolitan City,26,0,,False,20,,False,0,False,0,54.09
home,47057577,1765.26,Bagmati,Lalitpur,Lalitpur Metropolitan City,2,5,semi-furnished,False,20,,False,1,False,11,86.21
land,28569966,934.99,Sudurpashchim,Kailali,Dhangadhi Sub-Metropolitan City,24,0,,False,13,,False,0,False,0,45.35
room,18057,446.55,Koshi,Morang,Biratnagar Metropolitan City,27,1,semi-furnished,True,0,double,False,2,False,13,16.95
home,38593260,2490.23,Bagmati,Lalitpur,Lalitpur Metropolitan City,29,4,semi-furnished,True,30,,False,2,False,37,80.66
office,67691,2594.93,Koshi,Morang,Biratnagar Metropolitan City,20,0,fully-furnished,True,25,,False,8,True,29,45.84
home,38288406,3985.47,Gandaki,Kaski,Pokhara Metropolitan City,6,1,semi-furnished,True,13,,False,2,False,24,63.4
room,35354,503.02,Bagmati,Lalitpur,Lalitpur Metropolitan City,17,1,fully-furnished,False,13,single,False,2,False,13,50.27
room,40782,713.97,Bagmati,Chitwan,Bharatpur Metropolitan City,23,1,unfurnished,False,20,shared,False,3,False,2,33.81
home,22065146,3142.36,Bagmati,Lalitpur,Lalitpur Metropolitan City,30,5,unfurnished,False,30,,False,4,False,8,76.4
home,44878059,2665.82,Bagmati,Kathmandu,Kathmandu Metropolitan City,13,4,semi-furnished,True,13,,False,2,False,30,85.54
land,48357104,1909.67,Koshi,Jhapa,Birtamode Municipality,32,0,,False,0,,False,0,False,0,44.45
office,137118,4270.83,Bagmati,Chitwan,Bharatpur Metropolitan City,17,0,semi-furnished,True,30,,False,3,False,7,57.64
room,29335,354.17,Gandaki,Kaski,Pokhara Metropolitan City,13,1,semi-furnished,False,0,1bhk,True,2,False,26,41.55
home,22168538,1672.85,Koshi,Jhapa,Birtamode Municipality,6,1,unfurnished,False,13,,False,1,False,0,55.98
room,49184,883.66,Koshi,Morang,Biratnagar Metropolitan City,9,1,fully-furnished,False,13,single,False,4,False,28,44.74
land,38271858,3483.09,Sudurpashchim,Kailali,Dhangadhi Sub-Metropolitan City,18,0,,False,10,,False,0,False,0,33.26
office,39830,2512.82,Bagmati,Kathmandu,Kathmandu Metropolitan City,11,0,semi-furnished,True,10,,False,5,True,11,55.31
office,52536,3746.52,Gandaki,Kaski,Pokhara Metropolitan City,7,0,fully-furnished,False,16,,False,3,False,15,61.51
home,35008184,1326.57,Gandaki,Kaski,Pokhara Metropolitan City,27,4,semi-furnished,False,16,,False,3,False,32,56.26
land,39066207,3977.96,Sudurpashchim,Kailali,Dhangadhi Sub-Metropolitan City,19,0,,False,16,,False,0,False,0,58.01
room,26974,978.07,Lumbini,Rupandehi,Butwal Sub-Metropolitan City,10,1,unfurnished,True,0,double,False,4,False,11,34.55
home,22490873,2517.25,Lumbini,Rupandehi,Butwal Sub-Metropolitan City,26,5,fully-furnished,False,10,,False,4,False,27,55.92
home,10076269,933.34,Lumbini,Rupandehi,Butwal Sub-Metropolitan City,12,4,fully-furnished,True,30,,False,1,False,30,82.31
land,5766952,1746.3,Lumbini,Rupandehi,Butwal Sub-Metropolitan City,22,0,,False,10,,False,0,False,0,44.73
home,48901621,1638.76,Sudurpashchim,Kailali,Dhangadhi Sub-Metropolitan City,13,3,unfurnished,True,20,,False,1,False,6,68.4
office,21485,2840.59,Koshi,Jhapa,Birtamode Municipality,18,0,fully-furnished,True,16,,False,3,True,7,51.9
room,31174,164.77,Gandaki,Kaski,Pokhara Metropolitan City,13,1,unfurnished,True,20,studio,True,3,False,15,36.85
room,45997,874.23,Gandaki,Kaski,Pokhara Metropolitan City,6,0,fully-furnished,False,16,single,False,2,False,7,59.07
room,10482,360.73,Koshi,Jhapa,Birtamode Municipality,4,1,semi-furnished,True,10,shared,False,5,False,20,32.41
home,41927479,1240.01,Bagmati,Bhaktapur,Bhaktapur Municipality,22,2,semi-furnished,True,30,,False,2,False,21,53.68
office,89385,605.78,Bagmati,Kathmandu,Kathmandu Metropolitan City,9,0,semi-furnished,True,0,,False,6,False,39,25.4
land,44280574,1284.58,Lumbini,Rupandehi,Butwal Sub-Metropolitan City,26,0,,False,20,,False,0,False,0,63.23
land,15343701,3463.04,Bagmati,Lalitpur,Lalitpur Metropolitan City,31,0,,False,30,,False,0,False,0,60.31
office,26503,4684.06,Koshi,Jhapa,Birtamode Municipality,27,0,unfurnished,True,16,,False,2,False,35,26.13
land,18168980,880.48,Bagmati,Bhaktapur,Bhaktapur Municipality,19,0,,False,16,,False,0,False,0,41.2
land,21828968,1055.86,Gandaki,Kaski,Pokhara Metropolitan City,30,0,,False,30,,False,0,False,0,53.65
land,43451336,3362.22,Gandaki,Kaski,Pokhara Metropolitan City,13,0,,False,10,,False,0,False,0,32.74
land,47624858,4335.73,Bagmati,Kathmandu,Kathmandu Metropolitan City,22,0,,False,16,,False,0,False,0,54.61
office,102901,2567.17,Bagmati,Bhaktapur,Bhaktapur Municipality,3,0,fully-furnished,False,16,,False,5,False,28,42.08
home,35993974,1770.35,Sudurpashchim,Kailali,Dhangadhi Sub-Metropolitan City,5,2,unfurnished,True,13,,False,2,False,9,46.87
home,16720820,3214.57,Gandaki,Kaski,Pokhara Metropolitan City,9,3,semi-furnished,True,0,,False,3,False,37,51.1
room,32105,793.77,Gandaki,Kaski,Pokhara Metropolitan City,32,1,fully-furnished,True,20,1bhk,False,3,False,11,62.97
office,126691,569.92,Bagmati,Chitwan,Bharatpur Metropolitan City,4,0,unfurnished,True,25,,False,5,False,13,65.16
office,65925,2546.79,Koshi,Jhapa,Birtamode Municipality,16,0,semi-furnished,False,25,,False,1,False,21,29.64
home,5913416,2315.65,Sudurpashchim,Kailali,Dhangadhi Sub-Metropolitan City,32,4,unfurnished,False,0,,False,1,False,12,54.51
office,135187,746.45,Bagmati,Lalitpur,Lalitpur Metropolitan City,10,0,fully-furnished,True,30,,False,6,True,18,73.9
home,30149689,1261.96,Gandaki,Kaski,Pokhara Metropolitan City,16,4,unfurnished,False,13,,False,1,False,7,56.92
land,9082419,2444.53,Bagmati,Kathmandu,Kathmandu Metropolitan City,20,0,,False,20,,False,0,False,0,60.12
home,34177513,1579.49,Gandaki,Kaski,Pokhara Metropolitan City,21,2,fully-furnished,False,0,,False,2,False,4,61.02
room,34123,784.48,Koshi,Jhapa,Birtamode Municipality,9,1,fully-furnished,True,16,single,False,1,False,28,44.56
home,9281988,1242.7,Sudurpashchim,Kailali,Dhangadhi Sub-Metropolitan City,13,4,fully-furnished,False,0,,False,3,False,20,67.58
room,15217,401.0,Lumbini,Rupandehi,Butwal Sub-Metropolitan City,3,1,fully-furnished,True,20,2bhk,True,1,False,26,52.53
office,50507,4050.25,Koshi,Morang,Biratnagar Metropolitan City,29,0,unfurnished,False,10,,False,7,True,23,34.77
land,19014267,4139.03,Koshi,Morang,Biratnagar Metropolitan City,31,0,,False,13,,False,0,False,0,42.21
room,9843,315.83,Bagmati,Bhaktapur,Bhaktapur Municipality,8,1,unfurnished,True,20,studio,False,1,False,1,30.37
office,22844,3789.71,Koshi,Jhapa,Birtamode Municipality,21,0,fully-furnished,False,20,,False,3,True,23,44.64
office,107070,1651.48,Lumbini,Rupandehi,Butwal Sub-Metropolitan City,29,0,semi-furnished,True,13,,False,8,True,31,52.53
home,38285331,1339.72,Koshi,Morang,Biratnagar Metropolitan City,10,5,unfurnished,False,25,,False,3,False,10,55.28
land,38073718,2965.77,Koshi,Jhapa,Birtamode Municipality,21,0,,False,20,,False,0,False,0,40.42
land,40167445,4207.39,Sudurpashchim,Kailali,Dhangadhi Sub-Metropolitan City,26,0,,False,30,,False,0,False,0,54.08
land,24290182,4874.46,Gandaki,Kaski,Pokhara Metropolitan City,31,0,,False,30,,False,0,False,0,51.08
land,20655964,1809.65,Bagmati,Lalitpur,Lalitpur Metropolitan City,5,0,,False,0,,False,0,False,0,39.66
room,28011,994.6,Bagmati,Bhaktapur,Bhaktapur Municipality,20,2,semi-furnished,True,0,2bhk,True,4,False,2,47.35
room,8035,616.03,Lumbini,Rupandehi,Butwal Sub-Metropolitan City,6,2,semi-furnished,False,13,shared,True,5,False,11,32.51
land,11203790,1792.92,Lumbini,Rupandehi,Butwal Sub-Metropolitan City,13,0,,False,25,,False,0,False,0,47.86
office,31709,4449.78,Bagmati,Lalitpur,Lalitpur Metropolitan City,26,0,semi-furnished,True,16,,False,2,True,2,64.25
land,38719216,2643.32,Bagmati,Lalitpur,Lalitpur Metropolitan City,9,0,,False,10,,False,0,False,0,40.49
land,19400778,1398.03,Bagmati,Lalitpur,Lalitpur Metropolitan City,30,0,,False,13,,False,0,False,0,40.24
office,75298,4788.59,Lumbini,Rupandehi,Butwal Sub-Metropolitan City,23,0,semi-furnished,True,0,,False,2,True,20,32.58
home,34372696,3835.75,Bagmati,Chitwan,Bharatpur Metropolitan City,26,5,fully-furnished,False,0,,False,1,False,26,61.65
home,16578152,4001.67,Bagmati,Chitwan,Bharatpur Metropolitan City,18,3,unfurnished,True,30,,False,1,False,16,61.46
room,36606,692.99,Lumbini,Rupandehi,Butwal Sub-Metropolitan City,19,1,semi-furnished,True,10,double,True,4,False,28,38.07
home,33368877,4145.7,Bagmati,Chitwan,Bharatpur Metropolitan City,5,5,semi-furnished,False,0,,False,2,False,33,49.71
land,18976336,3337.54,Koshi,Morang,Biratnagar Metropolitan City,22,0,,False,13,,False,0,False,0,31.61
office,130821,990.25,Koshi,Jhapa,Birtamode Municipality,21,0,semi-furnished,False,16,,False,5,False,12,47.27
land,21141978,3933.87,Gandaki,Kaski,Pokhara Metropolitan City,28,0,,False,20,,False,0,False,0,58.14
land,24714983,845.05,Koshi,Morang,Biratnagar Metropolitan City,28,0,,False,25,,False,0,False,0,51.68
land,17307258,3671.43,Bagmati,Chitwan,Bharatpur Metropolitan City,7,0,,False,16,,False,0,False,0,57.61
home,21247024,3491.22,Bagmati,Lalitpur,Lalitpur Metropolitan City,19,1,unfurnished,True,16,,False,1,False,40,40.84
office,69249,2428.48,Lumbini,Rupandehi,Butwal Sub-Metropolitan City,21,0,fully-furnished,True,20,,False,4,True,17,67.85
room,40011,674.85,Bagmati,Lalitpur,Lalitpur Metropolitan City,18,1,semi-furnished,True,10,shared,True,3,False,20,50.11
home,37065657,3988.04,Lumbini,Rupandehi,Butwal Sub-Metropolitan City,28,1,fully-furnished,False,20,,False,3,False,9,63.62
home,37459702,3596.2,Koshi,Morang,Biratnagar Metropolitan City,5,3,fully-furnished,False,0,,False,2,False,30,50.73
land,44700013,2928.86,Bagmati,Kathmandu,Kathmandu Metropolitan City,8,0,,False,16,,False,0,False,0,56.06
office,116698,3328.04,Sudurpashchim,Kailali,Dhangadhi Sub-Metropolitan City,18,0,unfurnished,False,10,,False,1,False,22,39.67
room,18037,929.53,Bagmati,Kathmandu,Kathmandu Metropolitan City,31,0,unfurnished,False,16,2bhk,True,4,False,12,37.64
land,43691021,4769.2,Sudurpashchim,Kailali,Dhangadhi Sub-Metropolitan City,26,0,,False,20,,False,0,False,0,40.38
room,49644,483.42,Bagmati,Bhaktapur,Bhaktapur Municipality,5,0,fully-furnished,False,13,single,False,2,False,23,51.39
land,16514670,2393.14,Lumbini,Rupandehi,Butwal Sub-Metropolitan City,4,0,,False,0,,False,0,False,0,36.92
home,44095473,2733.47,Bagmati,Lalitpur,Lalitpur Metropolitan City,8,3,unfurnished,True,20,,False,2,False,10,76.08
home,31184166,1578.58,Gandaki,Kaski,Pokhara Metropolitan City,6,4,semi-furnished,True,13,,False,1,False,13,83.43
room,19459,210.96,Sudurpashchim,Kailali,Dhangadhi Sub-Metropolitan City,28,2,unfurnished,True,13,single,True,3,False,25,23.41
office,46417,1186.56,Bagmati,Bhaktapur,Bhaktapur Municipality,32,0,semi-furnished,False,10,,False,8,False,11,47.08
room,24556,110.68,Bagmati,Lalitpur,Lalitpur Metropolitan City,10,1,fully-furnished,False,20,double,False,3,False,3,31.61
office,100798,3202.78,Koshi,Morang,Biratnagar Metropolitan City,5,0,semi-furnished,True,13,,False,1,False,36,44.35
room,8143,957.09,Bagmati,Bhaktapur,Bhaktapur Municipality,15,1,semi-furnished,False,16,1bhk,True,4,False,9,51.32
office,65643,2463.56,Bagmati,Bhaktapur,Bhaktapur Municipality,14,0,semi-furnished,True,10,,False,2,False,4,55.54
home,11957092,1805.28,Bagmati,Bhaktapur,Bhaktapur Municipality,6,1,unfurnished,True,10,,False,2,False,3,53.65
land,28028632,2111.14,Bagmati,Lalitpur,Lalitpur Metropolitan City,31,0,,False,30,,False,0,False,0,49.18
home,43706526,2501.02,Bagmati,Kathmandu,Kathmandu Metropolitan City,17,3,unfurnished,False,25,,False,1,False,10,73.51
home,16417049,1561.71,Gandaki,Kaski,Pokhara Metropolitan City,9,1,unfurnished,False,30,,False,2,False,33,41.37
office,119207,4723.31,Koshi,Morang,Biratnagar Metropolitan City,4,0,unfurnished,False,10,,False,2,True,30,30.02
room,21441,962.91,Bagmati,Kathmandu,Kathmandu Metropolitan City,29,2,unfurnished,True,0,double,True,4,False,26,48.98
home,8629567,2378.29,Sudurpashchim,Kailali,Dhangadhi Sub-Metropolitan City,9,5,fully-furnished,True,16,,False,1,False,23,66.08
home,41470740,4686.71,Bagmati,Lalitpur,Lalitpur Metropolitan City,5,3,semi-furnished,True,20,,False,1,False,12,85.54
room,23159,899.11,Lumbini,Rupandehi,Butwal Sub-Metropolitan City,29,0,fully-furnished,True,10,studio,True,3,False,18,57.91
office,68004,1739.14,Bagmati,Chitwan,Bharatpur Metropolitan City,11,0,semi-furnished,False,0,,False,8,False,0,33.67
room,29096,926.4,Bagmati,Kathmandu,Kathmandu Metropolitan City,15,1,fully-furnished,False,20,2bhk,True,1,False,24,56.76
land,18592203,3128.0,Sudurpashchim,Kailali,Dhangadhi Sub-Metropolitan City,12,0,,False,20,,False,0,False,0,47.53
land,38899370,3835.39,Koshi,Morang,Biratnagar Metropolitan City,9,0,,False,13,,False,0,False,0,33.2
office,87560,4819.19,Lumbini,Rupandehi,Butwal Sub-Metropolitan City,11,0,semi-furnished,False,10,,False,8,True,23,27.5
room,23391,389.01,Koshi,Jhapa,Birtamode Municipality,7,1,unfurnished,True,16,single,False,4,False,13,29.43
land,18631531,1616.61,Lumbini,Rupandehi,Butwal Sub-Metropolitan City,26,0,,False,0,,False,0,False,0,25.27
land,10002968,3696.94,Bagmati,Lalitpur,Lalitpur Metropolitan City,28,0,,False,20,,False,0,False,0,55.42
room,24049,123.01,Koshi,Morang,Biratnagar Metropolitan City,15,2,fully-furnished,True,10,shared,True,2,False,15,31.77
land,17422323,736.21,Lumbini,Rupandehi,Butwal Sub-Metropolitan City,30,0,,False,16,,False,0,False,0,36.33
land,39134916,1119.35,Gandaki,Kaski,Pokhara Metropolitan City,27,0,,False,20,,False,0,False,0,61.45
land,27901996,1933.22,Bagmati,Bhaktapur,Bhaktapur Municipality,1,0,,False,20,,False,0,False,0,62.17
land,9476029,1318.69,Bagmati,Bhaktapur,Bhaktapur Municipality,31,0,,False,16,,False,0,False,0,54.91
room,27567,976.4,Bagmati,Bhaktapur,Bhaktapur Municipality,29,1,semi-furnished,False,20,shared,False,2,False,4,50.39
room,29526,790.99,Koshi,Morang,Biratnagar Metropolitan City,4,1,unfurnished,True,13,2bhk,True,4,False,25,43.98
land,33218872,804.18,Lumbini,Rupandehi,Butwal Sub-Metropolitan City,9,0,,False,10,,False,0,False,0,54.37
room,47671,593.86,Bagmati,Kathmandu,Kathmandu Metropolitan City,31,0,fully-furnished,False,13,single,True,5,False,19,53.51
room,29406,389.65,Koshi,Jhapa,Birtamode Municipality,18,2,unfurnished,True,16,shared,False,2,False,1,35.38
room,49670,933.89,Koshi,Morang,Biratnagar Metropolitan City,4,1,fully-furnished,False,13,studio,False,3,False,0,57.67
land,46351562,3836.18,Bagmati,Bhaktapur,Bhaktapur Municipality,8,0,,False,16,,False,0,False,0,62.32
home,6613075,4683.97,Koshi,Morang,Biratnagar Metropolitan City,3,1,fully-furnished,False,30,,False,1,False,19,56.97
room,39375,448.84,Bagmati,Kathmandu,Kathmandu Metropolitan City,4,0,unfurnished,True,13,shared,False,3,False,9,62.85
room,8888,978.65,Sudurpashchim,Kailali,Dhangadhi Sub-Metropolitan City,1,0,semi-furnished,True,0,shared,False,3,False,27,22.18
room,21831,446.54,Koshi,Morang,Biratnagar Metropolitan City,30,1,unfurnished,False,13,double,False,4,False,0,39.78
home,14029586,2464.52,Bagmati,Chitwan,Bharatpur Metropolitan City,19,3,semi-furnished,False,0,,False,1,False,12,45.39
land,8309645,3290.48,Sudurpashchim,Kailali,Dhangadhi Sub-Metropolitan City,31,0,,False,0,,False,0,False,0,37.83
land,10165026,3570.63,Sudurpashchim,Kailali,Dhangadhi Sub-Metropolitan City,11,0,,False,30,,False,0,False,0,36.92
room,32436,713.14,Koshi,Jhapa,Birtamode Municipality,12,0,unfurnished,True,13,1bhk,False,5,False,0,35.39
home,6445142,2220.43,Bagmati,Chitwan,Bharatpur Metropolitan City,7,4,fully-furnished,False,13,,False,1,False,40,47.94
room,39732,954.46,Koshi,Jhapa,Birtamode Municipality,31,2,fully-furnished,True,0,2bhk,True,2,False,22,44.09
land,6886324,2428.6,Gandaki,Kaski,Pokhara Metropolitan City,30,0,,False,10,,False,0,False,0,58.36
room,41416,189.68,Koshi,Morang,Biratnagar Metropolitan City,25,1,semi-furnished,False,16,1bhk,False,3,False,11,38.64
home,10636983,3669.37,Sudurpashchim,Kailali,Dhangadhi Sub-Metropolitan City,17,5,fully-furnished,True,20,,False,1,False,5,51.84
office,117764,1577.72,Gandaki,Kaski,Pokhara Metropolitan City,9,0,unfurnished,False,30,,False,8,True,37,64.35
room,25442,745.83,Lumbini,Rupandehi,Butwal Sub-Metropolitan City,6,1,unfurnished,False,0,single,False,4,False,10,34.5
room,46013,311.16,Sudurpashchim,Kailali,Dhangadhi Sub-Metropolitan City,26,1,unfurnished,False,20,2bhk,False,5,False,0,30.22
home,47855699,2468.65,Lumbini,Rupandehi,Butwal Sub-Metropolitan City,31,4,semi-furnished,False,30,,False,4,False,13,74.27
land,12933160,1767.4,Lumbini,Rupandehi,Butwal Sub-Metropolitan City,21,0,,False,13,,False,0,False,0,51.39
land,11509180,1227.26,Bagmati,Lalitpur,Lalitpur Metropolitan City,30,0,,False,30,,False,0,False,0,57.55
office,125739,2375.24,Sudurpashchim,Kailali,Dhangadhi Sub-Metropolitan City,20,0,semi-furnished,False,16,,False,7,True,39,36.3
land,13984502,4544.75,Bagmati,Lalitpur,Lalitpur Metropolitan City,13,0,,False,16,,False,0,False,0,46.89
home,48529712,3222.84,Bagmati,Chitwan,Bharatpur Metropolitan City,22,5,fully-furnished,True,16,,False,4,False,37,63.31
land,33031193,2507.98,Lumbini,Rupandehi,Butwal Sub-Metropolitan City,23,0,,False,13,,False,0,False,0,43.96
land,32264244,4336.58,Bagmati,Lalitpur,Lalitpur Metropolitan City,24,0,,False,25,,False,0,False,0,45.88
office,59716,518.12,Gandaki,Kaski,Pokhara Metropolitan City,32,0,semi-furnished,False,16,,False,8,True,17,45.22
room,38675,861.28,Bagmati,Kathmandu,Kathmandu Metropolitan City,29,0,fully-furnished,False,0,2bhk,True,3,False,11,54.62
room,48691,132.2,Bagmati,Chitwan,Bharatpur Metropolitan City,19,1,semi-furnished,False,10,shared,False,2,False,15,28.32
room,30074,421.24,Bagmati,Chitwan,Bharatpur Metropolitan City,18,2,semi-furnished,False,10,double,False,3,False,5,50.29
room,30378,999.72,Bagmati,Kathmandu,Kathmandu Metropolitan City,2,1,fully-furnished,False,10,studio,False,2,False,16,54.79
office,108113,2987.39,Bagmati,Bhaktapur,Bhaktapur Municipality,25,0,unfurnished,False,0,,False,5,True,27,26.8
land,31431952,2461.92,Koshi,Jhapa,Birtamode Municipality,16,0,,False,30,,False,0,False,0,62.92
land,32204358,4044.83,Sudurpashchim,Kailali,Dhangadhi Sub-Metropolitan City,12,0,,False,25,,False,0,False,0,38.32
room,47325,677.28,Bagmati,Chitwan,Bharatpur Metropolitan City,12,1,fully-furnished,False,0,single,False,5,False,26,26.79
land,35091390,2226.01,Koshi,Jhapa,Birtamode Municipality,28,0,,False,16,,False,0,False,0,39.86
room,14958,350.37,Lumbini,Rupandehi,Butwal Sub-Metropolitan City,9,2,semi-furnished,True,20,single,False,2,False,30,49.73
room,38850,869.08,Koshi,Jhapa,Birtamode Municipality,2,1,semi-furnished,True,13,single,True,4,False,19,51.65
room,42744,651.74,Bagmati,Lalitpur,Lalitpur Metropolitan City,28,0,semi-furnished,True,10,single,False,1,False,0,55.27
land,23661067,1627.76,Sudurpashchim,Kailali,Dhangadhi Sub-Metropolitan City,13,0,,False,30,,False,0,False,0,64.8
home,37234076,4777.16,Bagmati,Kathmandu,Kathmandu Metropolitan City,14,3,fully-furnished,True,30,,False,4,False,36,67.74
room,8247,187.9,Bagmati,Bhaktapur,Bhaktapur Municipality,19,0,unfurnished,False,20,2bhk,False,5,False,19,27.27
land,23168044,3161.16,Bagmati,Lalitpur,Lalitpur Metropolitan City,12,0,,False,16,,False,0,False,0,53.15
land,10179225,993.14,Bagmati,Chitwan,Bharatpur Metropolitan City,16,0,,False,20,,False,0,False,0,60.14
office,139910,1536.89,Bagmati,Bhaktapur,Bhaktapur Municipality,7,0,semi-furnished,False,0,,False,2,True,1,48.43
home,45449033,4969.67,Gandaki,Kaski,Pokhara Metropolitan City,4,4,semi-furnished,False,25,,False,3,False,9,69.27
room,21618,601.86,Gandaki,Kaski,Pokhara Metropolitan City,13,2,semi-furnished,False,10,1bhk,False,4,False,7,52.15
office,92075,1740.51,Lumbini,Rupandehi,Butwal Sub-Metropolitan City,16,0,unfurnished,False,0,,False,4,True,11,45.2
office,30396,3513.79,Lumbini,Rupandehi,Butwal Sub-Metropolitan City,9,0,semi-furnished,True,30,,False,2,False,10,49.96
land,13599204,2215.75,Koshi,Morang,Biratnagar Metropolitan City,22,0,,False,16,,False,0,False,0,49.04
home,48931725,4420.04,Lumbini,Rupandehi,Butwal Sub-Metropolitan City,18,3,unfurnished,True,25,,False,4,False,9,56.59
office,51534,3069.16,Koshi,Jhapa,Birtamode Municipality,32,0,unfurnished,False,30,,False,2,True,33,19.5
office,82931,2680.2,Koshi,Jhapa,Birtamode Municipality,11,0,semi-furnished,False,30,,False,7,True,3,55.59
land,14099546,2331.42,Bagmati,Chitwan,Bharatpur Metropolitan City,29,0,,False,20,,False,0,False,0,57.79
office,118218,1158.41,Koshi,Jhapa,Birtamode Municipality,21,0,semi-furnished,True,25,,False,6,False,14,50.97
land,4354774,778.47,Bagmati,Lalitpur,Lalitpur Metropolitan City,10,0,,False,13,,False,0,False,0,34.59
land,41035883,4164.4,Bagmati,Lalitpur,Lalitpur Metropolitan City,30,0,,False,0,,False,0,False,0,41.45
room,24285,808.04,Bagmati,Bhaktapur,Bhaktapur Municipality,16,2,fully-furnished,True,16,shared,False,5,False,29,30.52
room,31435,299.82,Bagmati,Lalitpur,Lalitpur Metropolitan City,26,1,fully-furnished,True,20,double,False,2,False,28,59.44
land,24696268,4493.72,Bagmati,Lalitpur,Lalitpur Metropolitan City,2,0,,False,20,,False,0,False,0,45.64
room,22761,498.63,Bagmati,Chitwan,Bharatpur Metropolitan City,26,0,fully-furnished,False,0,2bhk,True,1,False,21,45.02
room,37557,183.05,Lumbini,Rupandehi,Butwal Sub-Metropolitan City,13,1,semi-furnished,True,16,double,True,2,False,30,41.49
office,50939,2429.78,Bagmati,Lalitpur,Lalitpur Metropolitan City,14,0,unfurnished,False,30,,False,1,True,0,53.36
room,13029,472.36,Bagmati,Lalitpur,Lalitpur Metropolitan City,11,1,fully-furnished,False,0,single,False,1,False,6,32.79
office,110762,1568.64,Sudurpashchim,Kailali,Dhangadhi Sub-Metropolitan City,22,0,unfurnished,False,16,,False,1,True,20,40.73
room,10714,407.25,Bagmati,Lalitpur,Lalitpur Metropolitan City,16,1,semi-furnished,True,0,1bhk,True,1,False,30,25.88
room,28698,174.61,Bagmati,Chitwan,Bharatpur Metropolitan City,4,1,fully-furnished,True,20,shared,False,1,False,26,36.49
office,44974,3122.0,Bagmati,Bhaktapur,Bhaktapur Municipality,26,0,unfurnished,False,30,,False,8,False,38,34.54
office,53642,4282.53,Koshi,Jhapa,Birtamode Municipality,4,0,unfurnished,False,16,,False,3,False,30,15.05
land,23777930,1427.31,Koshi,Morang,Biratnagar Metropolitan City,18,0,,False,16,,False,0,False,0,31.37
land,20679959,3239.85,Bagmati,Chitwan,Bharatpur Metropolitan City,25,0,,False,25,,False,0,False,0,56.51
office,119625,3967.69,Sudurpashchim,Kailali,Dhangadhi Sub-Metropolitan City,8,0,semi-furnished,False,30,,False,5,True,33,38.93
office,35179,814.04,Bagmati,Bhaktapur,Bhaktapur Municipality,32,0,semi-furnished,True,16,,False,1,False,35,37.33
land,25167321,3586.01,Bagmati,Kathmandu,Kathmandu Metropolitan City,32,0,,False,13,,False,0,False,0,60.07
land,39802632,2426.42,Lumbini,Rupandehi,Butwal Sub-Metropolitan City,11,0,,False,16,,False,0,False,0,62.17
land,22440906,1864.58,Koshi,Morang,Biratnagar Metropolitan City,17,0,,False,0,,False,0,False,0,39.25
room,25077,661.72,Bagmati,Chitwan,Bharatpur Metropolitan City,9,1,unfurnished,False,16,2bhk,True,5,False,17,35.52
room,16117,158.32,Bagmati,Kathmandu,Kathmandu Metropolitan City,3,1,semi-furnished,False,10,studio,False,5,False,30,29.62
land,7212318,1314.81,Lumbini,Rupandehi,Butwal Sub-Metropolitan City,19,0,,False,16,,False,0,False,0,39.23
land,3374330,1344.43,Sudurpashchim,Kailali,Dhangadhi Sub-Metropolitan City,19,0,,False,16,,False,0,False,0,47.53
land,5958917,3509.54,Koshi,Jhapa,Birtamode Municipality,29,0,,False,16,,False,0,False,0,49.52
land,27155652,1645.84,Sudurpashchim,Kailali,Dhangadhi Sub-Metropolitan City,17,0,,False,20,,False,0,False,0,56.04
home,48658147,3303.07,Lumbini,Rupandehi,Butwal Sub-Metropolitan City,15,4,semi-furnished,False,25,,False,1,False,3,55.71
room,13474,878.99,Koshi,Morang,Biratnagar Metropolitan City,8,1,fully-furnished,True,16,studio,True,1,False,22,42.22
room,43185,739.32,Lumbini,Rupandehi,Butwal Sub-Metropolitan City,8,0,fully-furnished,False,16,1bhk,False,2,False,16,39.27
room,14727,510.9,Bagmati,Chitwan,Bharatpur Metropolitan City,24,2,semi-furnished,False,0,studio,False,4,False,4,38.76
home,20606602,3123.58,Bagmati,Lalitpur,Lalitpur Metropolitan City,12,3,unfurnished,True,13,,False,2,False,0,72.36
land,14858516,1381.29,Bagmati,Bhaktapur,Bhaktapur Municipality,24,0,,False,25,,False,0,False,0,71.59
office,145008,1222.51,Koshi,Morang,Biratnagar Metropolitan City,15,0,semi-furnished,False,30,,False,1,True,10,52.94
room,38495,827.32,Bagmati,Kathmandu,Kathmandu Metropolitan City,18,2,unfurnished,True,0,double,True,3,False,24,37.82
home,32846253,3034.89,Koshi,Jhapa,Birtamode Municipality,4,1,unfurnished,True,30,,False,1,False,9,70.53
office,131398,4023.0,Koshi,Morang,Biratnagar Metropolitan City,3,0,semi-furnished,True,25,,False,1,False,15,52.15
land,25619109,4576.57,Lumbini,Rupandehi,Butwal Sub-Metropolitan City,15,0,,False,20,,False,0,False,0,62.36
land,32401167,1229.97,Koshi,Morang,Biratnagar Metropolitan City,21,0,,False,16,,False,0,False,0,53.67
office,95044,1012.87,Bagmati,Lalitpur,Lalitpur Metropolitan City,27,0,semi-furnished,False,20,,False,7,True,24,38.86
home,30213917,1822.57,Bagmati,Kathmandu,Kathmandu Metropolitan City,24,5,semi-furnished,True,10,,False,1,False,39,52.65
home,29131463,4466.99,Bagmati,Bhaktapur,Bhaktapur Municipality,21,1,unfurnished,True,16,,False,3,False,1,48.61
office,138752,4165.08,Lumbini,Rupandehi,Butwal Sub-Metropolitan City,14,0,unfurnished,False,0,,False,4,False,7,40.06
land,24650207,2579.18,Bagmati,Kathmandu,Kathmandu Metropolitan City,1,0,,False,20,,False,0,False,0,69.61
room,44933,866.49,Bagmati,Chitwan,Bharatpur Metropolitan City,16,1,fully-furnished,True,13,studio,True,2,False,22,67.18
office,99851,3631.93,Koshi,Morang,Biratnagar Metropolitan City,1,0,unfurnished,False,0,,False,7,False,36,27.66
office,20696,3231.95,Gandaki,Kaski,Pokhara Metropolitan City,24,0,semi-furnished,False,16,,False,1,False,35,49.48
land,11488482,2720.53,Gandaki,Kaski,Pokhara Metropolitan City,17,0,,False,16,,False,0,False,0,48.22
land,31551656,4349.68,Sudurpashchim,Kailali,Dhangadhi Sub-Metropolitan City,11,0,,False,13,,False,0,False,0,33.19
land,6205460,718.85,Koshi,Morang,Biratnagar Metropolitan City,13,0,,False,13,,False,0,False,0,54.0
land,25038769,4636.89,Bagmati,Kathmandu,Kathmandu Metropolitan City,21,0,,False,13,,False,0,False,0,56.54
home,17076215,3076.14,Lumbini,Rupandehi,Butwal Sub-Metropolitan City,1,4,semi-furnished,True,16,,False,2,False,32,61.5
room,30575,499.97,Bagmati,Bhaktapur,Bhaktapur Municipality,1,1,fully-furnished,True,0,shared,True,5,False,11,48.95
room,15672,908.53,Bagmati,Lalitpur,Lalitpur Metropolitan City,24,1,semi-furnished,True,13,studio,True,1,False,25,49.86
office,67375,363.26,Lumbini,Rupandehi,Butwal Sub-Metropolitan City,23,0,fully-furnished,True,30,,False,2,False,5,72.25
land,22427566,3919.23,Sudurpashchim,Kailali,Dhangadhi Sub-Metropolitan City,23,0,,False,0,,False,0,False,0,47.63
land,45409466,2818.24,Bagmati,Bhaktapur,Bhaktapur Municipality,1,0,,False,0,,False,0,False,0,48.76
room,46042,398.1,Bagmati,Chitwan,Bharatpur Metropolitan City,5,1,fully-furnished,True,16,studio,True,4,False,17,57.36
office,129755,2701.36,Bagmati,Chitwan,Bharatpur Metropolitan City,15,0,unfurnished,True,0,,False,3,False,11,41.21
land,27626775,4908.67,Gandaki,Kaski,Pokhara Metropolitan City,25,0,,False,16,,False,0,False,0,47.79
office,39491,2363.01,Gandaki,Kaski,Pokhara Metropolitan City,3,0,semi-furnished,True,10,,False,8,True,39,46.37
land,38916815,3474.28,Bagmati,Chitwan,Bharatpur Metropolitan City,9,0,,False,30,,False,0,False,0,45.47
home,24271289,2435.36,Bagmati,Lalitpur,Lalitpur Metropolitan City,28,2,semi-furnished,False,10,,False,4,False,22,66.7
land,24147163,4574.85,Gandaki,Kaski,Pokhara Metropolitan City,20,0,,False,25,,False,0,False,0,46.67
room,15690,596.73,Bagmati,Chitwan,Bharatpur Metropolitan City,27,1,fully-furnished,False,0,shared,False,2,False,25,36.31
office,122374,4423.82,Bagmati,Lalitpur,Lalitpur Metropolitan City,31,0,fully-furnished,True,25,,False,1,True,12,56.78
room,21775,829.4,Bagmati,Kathmandu,Kathmandu Metropolitan City,10,1,fully-furnished,True,0,2bhk,False,1,False,24,49.06
room,18063,649.52,Bagmati,Bhaktapur,Bhaktapur Municipality,2,2,fully-furnished,False,0,single,False,2,False,24,38.85
office,59742,2315.08,Sudurpashchim,Kailali,Dhangadhi Sub-Metropolitan City,25,0,semi-furnished,True,30,,False,8,True,24,32.83
home,38973156,2120.81,Bagmati,Kathmandu,Kathmandu Metropolitan City,30,5,semi-furnished,False,10,,False,4,False,32,67.55
room,39819,973.88,Bagmati,Kathmandu,Kathmandu Metropolitan City,14,1,unfurnished,True,20,1bhk,True,2,False,6,53.27
office,124483,738.83,Bagmati,Kathmandu,Kathmandu Metropolitan City,2,0,unfurnished,True,13,,False,8,False,3,57.26
room,33963,571.27,Lumbini,Rupandehi,Butwal Sub-Metropolitan City,7,1,fully-furnished,True,20,1bhk,False,2,False,12,54.17
home,41536948,4493.31,Lumbini,Rupandehi,Butwal Sub-Metropolitan City,5,5,semi-furnished,True,0,,False,4,False,25,58.17
land,6150742,2791.28,Sudurpashchim,Kailali,Dhangadhi Sub-Metropolitan City,11,0,,False,13,,False,0,False,0,34.85
room,25449,589.87,Bagmati,Bhaktapur,Bhaktapur Municipality,11,2,semi-furnished,True,16,1bhk,True,4,False,19,45.19
home,46013337,1223.62,Bagmati,Bhaktapur,Bhaktapur Municipality,19,5,semi-furnished,False,0,,False,2,False,7,59.11
land,3294244,1836.94,Bagmati,Kathmandu,Kathmandu Metropolitan City,14,0,,False,20,,False,0,False,0,65.34
room,42780,331.67,Sudurpashchim,Kailali,Dhangadhi Sub-Metropolitan City,17,2,unfurnished,True,13,1bhk,True,2,False,8,53.28
room,38006,926.14,Koshi,Jhapa,Birtamode Municipality,25,1,semi-furnished,True,10,single,True,1,False,21,32.99
land,30851655,3723.9,Sudurpashchim,Kailali,Dhangadhi Sub-Metropolitan City,28,0,,False,13,,False,0,False,0,53.37
room,27902,671.87,Bagmati,Kathmandu,Kathmandu Metropolitan City,31,1,unfurnished,True,20,studio,True,2,False,14,34.03
home,21187376,3765.36,Sudurpashchim,Kailali,Dhangadhi Sub-Metropolitan City,22,4,fully-furnished,True,16,,False,4,False,1,62.09
land,24477059,4082.03,Bagmati,Chitwan,Bharatpur Metropolitan City,22,0,,False,16,,False,0,False,0,40.34
land,32501652,3416.48,Sudurpashchim,Kailali,Dhangadhi Sub-Metropolitan City,16,0,,False,10,,False,0,False,0,30.89
room,15827,975.77,Bagmati,Lalitpur,Lalitpur Metropolitan City,11,2,unfurnished,False,16,double,False,4,False,19,29.91
room,15288,276.75,Bagmati,Chitwan,Bharatpur Metropolitan City,16,2,unfurnished,True,16,double,True,3,False,20,40.21
office,89189,933.85,Lumbini,Rupandehi,Butwal Sub-Metropolitan City,28,0,semi-furnished,True,16,,False,5,False,16,45.64
land,22750306,2601.54,Bagmati,Kathmandu,Kathmandu Metropolitan City,22,0,,False,16,,False,0,False,0,60.12
home,37600074,3319.57,Koshi,Jhapa,Birtamode Municipality,8,5,unfurnished,False,30,,False,4,False,21,68.59
room,27706,697.59,Bagmati,Bhaktapur,Bhaktapur Municipality,22,1,semi-furnished,False,20,studio,False,4,False,5,53.88
land,31187301,1396.67,Bagmati,Bhaktapur,Bhaktapur Municipality,30,0,,False,16,,False,0,False,0,59.87
land,9636606,3564.69,Bagmati,Chitwan,Bharatpur Metropolitan City,28,0,,False,13,,False,0,False,0,45.98
land,32413346,2922.09,Bagmati,Chitwan,Bharatpur Metropolitan City,15,0,,False,25,,False,0,False,0,44.99
office,100759,4948.4,Gandaki,Kaski,Pokhara Metropolitan City,14,0,fully-furnished,True,30,,False,7,True,9,73.61
room,35608,684.27,Koshi,Morang,Biratnagar Metropolitan City,28,1,unfurnished,False,16,single,True,2,False,11,36.76
room,44348,341.82,Koshi,Jhapa,Birtamode Municipality,32,0,unfurnished,False,10,studio,True,3,False,26,17.02
office,102168,2560.89,Bagmati,Bhaktapur,Bhaktapur Municipality,10,0,semi-furnished,True,25,,False,7,True,3,58.6
home,24150761,2532.88,Bagmati,Lalitpur,Lalitpur Metropolitan City,28,4,unfurnished,True,20,,False,4,False,4,64.9
land,43083573,727.33,Bagmati,Chitwan,Bharatpur Metropolitan City,6,0,,False,0,,False,0,False,0,38.05
office,97709,4222.3,Koshi,Jhapa,Birtamode Municipality,23,0,semi-furnished,False,13,,False,5,True,2,49.04
land,21036574,4505.87,Bagmati,Kathmandu,Kathmandu Metropolitan City,31,0,,False,30,,False,0,False,0,65.7
home,48675526,3854.15,Koshi,Jhapa,Birtamode Municipality,32,2,fully-furnished,False,10,,False,2,False,21,46.72
office,121414,565.54,Sudurpashchim,Kailali,Dhangadhi Sub-Metropolitan City,13,0,fully-furnished,True,0,,False,7,False,23,28.66
land,6967337,3922.78,Koshi,Jhapa,Birtamode Municipality,3,0,,False,25,,False,0,False,0,58.74
office,126661,4363.29,Sudurpashchim,Kailali,Dhangadhi Sub-Metropolitan City,5,0,semi-furnished,True,10,,False,5,True,40,38.57
room,34682,955.43,Bagmati,Bhaktapur,Bhaktapur Municipality,3,1,fully-furnished,True,16,studio,False,2,False,9,75.18
office,76499,958.7,Bagmati,Chitwan,Bharatpur Metropolitan City,22,0,unfurnished,False,0,,False,6,True,18,41.39
office,73903,673.8,Lumbini,Rupandehi,Butwal Sub-Metropolitan City,17,0,fully-furnished,True,20,,False,6,False,12,63.8
office,103796,1988.01,Sudurpashchim,Kailali,Dhangadhi Sub-Metropolitan City,22,0,unfurnished,False,13,,False,3,True,16,26.49
room,42695,247.29,Bagmati,Lalitpur,Lalitpur Metropolitan City,21,1,fully-furnished,True,0,studio,False,2,False,0,52.82
home,23740198,2723.54,Gandaki,Kaski,Pokhara Metropolitan City,32,3,unfurnished,False,10,,False,2,False,9,58.26
room,40695,572.77,Bagmati,Chitwan,Bharatpur Metropolitan City,30,1,unfurnished,True,13,studio,False,2,False,8,36.8
room,41419,235.31,Koshi,Jhapa,Birtamode Municipality,31,1,unfurnished,False,0,1bhk,True,4,False,14,22.57
land,32681750,3264.68,Bagmati,Lalitpur,Lalitpur Metropolitan City,3,0,,False,20,,False,0,False,0,65.01
room,18816,652.25,Bagmati,Chitwan,Bharatpur Metropolitan City,12,1,fully-furnished,False,13,double,True,2,False,16,52.04
office,145882,2677.83,Bagmati,Bhaktapur,Bhaktapur Municipality,23,0,unfurnished,False,30,,False,1,True,18,44.07
land,27409343,2172.27,Sudurpashchim,Kailali,Dhangadhi Sub-Metropolitan City,1,0,,False,16,,False,0,False,0,53.87
room,30986,305.74,Bagmati,Lalitpur,Lalitpur Metropolitan City,17,2,semi-furnished,True,10,double,False,2,False,29,33.06
room,38631,745.05,Bagmati,Chitwan,Bharatpur Metropolitan City,4,0,unfurnished,True,16,2bhk,True,1,False,30,38.8
room,37478,314.78,Gandaki,Kaski,Pokhara Metropolitan City,19,1,semi-furnished,True,16,double,True,2,False,16,43.88
land,15246572,4114.84,Bagmati,Bhaktapur,Bhaktapur Municipality,7,0,,False,16,,False,0,False,0,48.54
home,39283609,4882.92,Bagmati,Chitwan,Bharatpur Metropolitan City,7,1,semi-furnished,False,13,,False,4,False,35,53.92
home,35583499,3469.72,Sudurpashchim,Kailali,Dhangadhi Sub-Metropolitan City,30,1,semi-furnished,True,13,,False,1,False,28,38.98
room,16529,674.61,Bagmati,Kathmandu,Kathmandu Metropolitan City,2,2,unfurnished,True,10,studio,False,2,False,29,58.22
home,35400583,2595.13,Bagmati,Chitwan,Bharatpur Metropolitan City,9,2,fully-furnished,False,20,,False,1,False,16,48.87
land,46002611,2907.72,Lumbini,Rupandehi,Butwal Sub-Metropolitan City,31,0,,False,10,,False,0,False,0,42.85
office,41375,3418.73,Lumbini,Rupandehi,Butwal Sub-Metropolitan City,32,0,unfurnished,True,20,,False,7,True,24,43.78
room,15053,349.4,Bagmati,Lalitpur,Lalitpur Metropolitan City,24,1,unfurnished,False,16,2bhk,True,5,False,5,48.04
home,28615771,1222.56,Koshi,Jhapa,Birtamode Municipality,2,1,semi-furnished,False,10,,False,4,False,18,49.53
office,63449,1997.25,Lumbini,Rupandehi,Butwal Sub-Metropolitan City,7,0,unfurnished,True,10,,False,4,True,28,39.35
land,36225854,3456.93,Gandaki,Kaski,Pokhara Metropolitan City,14,0,,False,13,,False,0,False,0,55.46
land,34191619,3922.59,Koshi,Jhapa,Birtamode Municipality,28,0,,False,16,,False,0,False,0,44.21
land,4368625,1184.01,Koshi,Morang,Biratnagar Metropolitan City,10,0,,False,30,,False,0,False,0,68.88
land,31464266,2844.46,Bagmati,Kathmandu,Kathmandu Metropolitan City,11,0,,False,13,,False,0,False,0,62.41
office,66010,3911.71,Koshi,Morang,Biratnagar Metropolitan City,4,0,fully-furnished,True,13,,False,4,True,26,55.52
land,17479795,2122.89,Gandaki,Kaski,Pokhara Metropolitan City,1,0,,False,16,,False,0,False,0,46.03
home,36384404,3866.78,Koshi,Jhapa,Birtamode Municipality,11,5,unfurnished,True,25,,False,4,False,18,62.31
home,39602435,2459.93,Koshi,Jhapa,Birtamode Municipality,12,5,semi-furnished,False,10,,False,1,False,4,60.35
home,18851665,3990.54,Koshi,Morang,Biratnagar Metropolitan City,17,5,semi-furnished,True,30,,False,1,False,28,58.85
office,60695,3744.64,Koshi,Morang,Biratnagar Metropolitan City,13,0,unfurnished,False,13,,False,5,True,37,35.03
room,45662,972.17,Koshi,Jhapa,Birtamode Municipality,21,2,fully-furnished,False,10,1bhk,False,1,False,30,34.72
office,29759,4723.89,Bagmati,Bhaktapur,Bhaktapur Municipality,29,0,semi-furnished,False,30,,False,4,False,33,51.94
land,48225085,952.81,Koshi,Morang,Biratnagar Metropolitan City,29,0,,False,0,,False,0,False,0,32.69
home,12958231,1172.43,Sudurpashchim,Kailali,Dhangadhi Sub-Metropolitan City,23,1,fully-furnished,True,25,,False,4,False,28,77.23
land,10074222,2227.05,Bagmati,Bhaktapur,Bhaktapur Municipality,31,0,,False,13,,False,0,False,0,42.71
room,13057,486.67,Bagmati,Chitwan,Bharatpur Metropolitan City,27,2,semi-furnished,False,16,single,True,3,False,1,53.33
home,10447658,4978.19,Bagmati,Chitwan,Bharatpur Metropolitan City,18,1,fully-furnished,False,25,,False,3,False,21,68.47
office,74952,2468.76,Lumbini,Rupandehi,Butwal Sub-Metropolitan City,20,0,unfurnished,False,13,,False,8,True,8,35.76
office,27688,692.87,Lumbini,Rupandehi,Butwal Sub-Metropolitan City,20,0,semi-furnished,True,16,,False,6,True,9,56.56
home,24928935,3370.22,Gandaki,Kaski,Pokhara Metropolitan City,4,4,unfurnished,True,0,,False,3,False,31,40.09
office,144619,4237.17,Bagmati,Kathmandu,Kathmandu Metropolitan City,7,0,semi-furnished,True,30,,False,8,True,0,79.95
home,45024463,1492.64,Koshi,Morang,Biratnagar Metropolitan City,19,1,semi-furnished,True,25,,False,4,False,9,67.9
land,6769324,1179.16,Gandaki,Kaski,Pokhara Metropolitan City,25,0,,False,16,,False,0,False,0,48.79
land,29662862,2411.74,Bagmati,Lalitpur,Lalitpur Metropolitan City,28,0,,False,20,,False,0,False,0,55.07
home,35845913,4358.93,Bagmati,Kathmandu,Kathmandu Metropolitan City,28,1,semi-furnished,True,13,,False,1,False,7,71.68
office,108438,3161.27,Lumbini,Rupandehi,Butwal Sub-Metropolitan City,29,0,fully-furnished,True,20,,False,5,False,28,45.13
office,55539,2882.67,Bagmati,Kathmandu,Kathmandu Metropolitan City,4,0,unfurnished,False,30,,False,2,True,9,52.88
home,37889247,2955.09,Sudurpashchim,Kailali,Dhangadhi Sub-Metropolitan City,2,5,unfurnished,False,25,,False,4,False,28,55.68
home,35552606,4066.27,Sudurpashchim,Kailali,Dhangadhi Sub-Metropolitan City,17,3,unfurnished,False,20,,False,4,False,34,37.75
home,38703509,4943.35,Koshi,Jhapa,Birtamode Municipality,29,2,unfurnished,True,0,,False,1,False,36,52.2
land,25343879,1806.58,Lumbini,Rupandehi,Butwal Sub-Metropolitan City,21,0,,False,20,,False,0,False,0,49.47
land,16045909,4193.37,Koshi,Morang,Biratnagar Metropolitan City,8,0,,False,30,,False,0,False,0,62.44
office,115266,4332.11,Gandaki,Kaski,Pokhara Metropolitan City,29,0,unfurnished,True,0,,False,6,False,28,31.79
land,13695853,776.38,Sudurpashchim,Kailali,Dhangadhi Sub-Metropolitan City,18,0,,False,20,,False,0,False,0,40.01
room,47919,377.73,Bagmati,Bhaktapur,Bhaktapur Municipality,26,0,unfurnished,True,16,single,False,3,False,1,44.85
home,30078595,3574.78,Bagmati,Chitwan,Bharatpur Metropolitan City,14,5,semi-furnished,True,16,,False,1,False,14,72.8
land,8003695,1156.69,Bagmati,Lalitpur,Lalitpur Metropolitan City,24,0,,False,25,,False,0,False,0,58.43
office,138319,423.77,Gandaki,Kaski,Pokhara Metropolitan City,2,0,semi-furnished,True,13,,False,7,False,18,52.78
land,39663653,3634.12,Bagmati,Chitwan,Bharatpur Metropolitan City,23,0,,False,0,,False,0,False,0,49.71
land,13449775,3349.78,Koshi,Morang,Biratnagar Metropolitan City,15,0,,False,16,,False,0,False,0,56.18
land,49015453,3375.67,Sudurpashchim,Kailali,Dhangadhi Sub-Metropolitan City,5,0,,False,10,,False,0,False,0,39.14
land,31585157,3381.61,Koshi,Jhapa,Birtamode Municipality,2,0,,False,25,,False,0,False,0,42.25
office,129129,4494.93,Bagmati,Kathmandu,Kathmandu Metropolitan City,5,0,semi-furnished,False,30,,False,2,False,40,46.25
office,119515,783.28,Koshi,Jhapa,Birtamode Municipality,7,0,semi-furnished,True,30,,False,5,True,0,63.52
office,23905,2918.46,Koshi,Jhapa,Birtamode Municipality,4,0,semi-furnished,False,20,,False,3,False,0,54.14
office,97254,3644.94,Bagmati,Chitwan,Bharatpur Metropolitan City,32,0,unfurnished,False,25,,False,8,True,18,22.71
land,8604452,952.5,Bagmati,Kathmandu,Kathmandu Metropolitan City,15,0,,False,13,,False,0,False,0,54.81
office,97264,2402.42,Bagmati,Lalitpur,Lalitpur Metropolitan City,6,0,unfurnished,False,10,,False,3,False,39,37.76
office,145789,1540.65,Bagmati,Chitwan,Bharatpur Metropolitan City,27,0,fully-furnished,False,20,,False,6,True,11,53.57
land,12145967,1055.83,Koshi,Morang,Biratnagar Metropolitan City,3,0,,False,30,,False,0,False,0,69.11
home,46792946,1901.9,Koshi,Jhapa,Birtamode Municipality,14,2,fully-furnished,False,30,,False,4,False,30,69.01
room,18841,865.3,Bagmati,Kathmandu,Kathmandu Metropolitan City,20,2,unfurnished,True,10,1bhk,False,3,False,8,61.34
room,19916,584.39,Gandaki,Kaski,Pokhara Metropolitan City,17,0,fully-furnished,True,0,single,False,3,False,15,40.58
room,32291,704.98,Koshi,Jhapa,Birtamode Municipality,7,0,fully-furnished,False,13,double,True,2,False,15,52.21
land,19254658,3322.11,Koshi,Morang,Biratnagar Metropolitan City,14,0,,False,0,,False,0,False,0,54.0
room,17807,834.23,Lumbini,Rupandehi,Butwal Sub-Metropolitan City,11,1,fully-furnished,False,10,shared,True,1,False,23,55.62
room,36341,812.44,Gandaki,Kaski,Pokhara Metropolitan City,31,1,semi-furnished,True,20,single,False,2,False,28,39.09
room,24975,111.08,Gandaki,Kaski,Pokhara Metropolitan City,2,1,semi-furnished,True,13,1bhk,True,5,False,28,23.92
land,39309514,4389.05,Bagmati,Chitwan,Bharatpur Metropolitan City,31,0,,False,10,,False,0,False,0,42.52
office,65521,2016.98,Sudurpashchim,Kailali,Dhangadhi Sub-Metropolitan City,12,0,unfurnished,False,25,,False,3,True,28,45.25
office,67343,3261.17,Bagmati,Kathmandu,Kathmandu Metropolitan City,11,0,unfurnished,False,25,,False,4,False,1,63.56
land,11924062,2213.86,Sudurpashchim,Kailali,Dhangadhi Sub-Metropolitan City,24,0,,False,30,,False,0,False,0,46.71
office,142824,3851.94,Bagmati,Bhaktapur,Bhaktapur Municipality,10,0,unfurnished,True,16,,False,8,False,1,47.54
land,12105253,1551.26,Bagmati,Lalitpur,Lalitpur Metropolitan City,24,0,,False,25,,False,0,False,0,42.86
land,9405769,4292.84,Lumbini,Rupandehi,Butwal Sub-Metropolitan City,14,0,,False,30,,False,0,False,0,68.65
office,119237,4646.9,Bagmati,Chitwan,Bharatpur Metropolitan City,31,0,semi-furnished,False,10,,False,8,True,15,33.68
office,132948,2767.56,Lumbini,Rupandehi,Butwal Sub-Metropolitan City,1,0,unfurnished,False,10,,False,3,True,11,43.51
home,27152299,4164.42,Bagmati,Bhaktapur,Bhaktapur Municipality,25,4,unfurnished,False,30,,False,2,False,31,59.42
room,18389,398.96,Koshi,Jhapa,Birtamode Municipality,19,1,semi-furnished,True,10,double,True,5,False,30,41.89
room,25617,848.01,Gandaki,Kaski,Pokhara Metropolitan City,27,1,unfurnished,False,0,double,True,4,False,2,17.49
office,76691,4604.39,Sudurpashchim,Kailali,Dhangadhi Sub-Metropolitan City,3,0,unfurnished,True,20,,False,5,False,4,42.43
office,39918,2737.89,Bagmati,Kathmandu,Kathmandu Metropolitan City,13,0,unfurnished,True,0,,False,7,True,37,32.01
office,44319,1738.81,Sudurpashchim,Kailali,Dhangadhi Sub-Metropolitan City,1,0,semi-furnished,False,25,,False,8,True,3,45.8
office,67224,3279.69,Gandaki,Kaski,Pokhara Metropolitan City,13,0,semi-furnished,False,25,,False,7,True,20,65.25
office,48083,644.6,Bagmati,Kathmandu,Kathmandu Metropolitan City,20,0,semi-furnished,True,20,,False,1,False,1,52.74
land,3243305,4502.9,Sudurpashchim,Kailali,Dhangadhi Sub-Metropolitan City,6,0,,False,16,,False,0,False,0,48.81
room,21391,922.68,Bagmati,Lalitpur,Lalitpur Metropolitan City,12,2,fully-furnished,True,16,1bhk,True,5,False,20,61.14
room,25825,803.85,Koshi,Morang,Biratnagar Metropolitan City,17,1,semi-furnished,True,0,double,True,4,False,27,46.38
office,93278,1298.35,Lumbini,Rupandehi,Butwal Sub-Metropolitan City,27,0,fully-furnished,True,25,,False,2,True,19,55.56
room,46749,141.99,Gandaki,Kaski,Pokhara Metropolitan City,16,2,unfurnished,False,13,studio,False,2,False,3,26.84
land,38273049,982.54,Sudurpashchim,Kailali,Dhangadhi Sub-Metropolitan City,3,0,,False,30,,False,0,False,0,65.21
room,13996,249.52,Lumbini,Rupandehi,Butwal Sub-Metropolitan City,30,1,fully-furnished,True,10,studio,False,5,False,22,38.77
room,11752,106.63,Lumbini,Rupandehi,Butwal Sub-Metropolitan City,25,1,unfurnished,True,0,double,True,4,False,16,0.46
office,112176,1749.57,Bagmati,Lalitpur,Lalitpur Metropolitan City,2,0,fully-furnished,True,16,,False,6,True,5,59.14
room,22329,121.76,Sudurpashchim,Kailali,Dhangadhi Sub-Metropolitan City,11,0,semi-furnished,True,16,shared,True,4,False,5,32.25
land,26093802,741.64,Koshi,Jhapa,Birtamode Municipality,7,0,,False,10,,False,0,False,0,51.66
land,7660317,4886.36,Bagmati,Lalitpur,Lalitpur Metropolitan City,2,0,,False,16,,False,0,False,0,45.26
room,49761,302.95,Bagmati,Bhaktapur,Bhaktapur Municipality,5,1,fully-furnished,True,20,2bhk,True,1,False,6,30.29
land,40962490,828.57,Lumbini,Rupandehi,Butwal Sub-Metropolitan City,12,0,,False,25,,False,0,False,0,61.56
land,21605846,721.01,Sudurpashchim,Kailali,Dhangadhi Sub-Metropolitan City,20,0,,False,16,,False,0,False,0,35.94
land,5406170,4208.63,Koshi,Jhapa,Birtamode Municipality,16,0,,False,16,,False,0,False,0,26.14
home,47464382,1458.22,Lumbini,Rupandehi,Butwal Sub-Metropolitan City,32,3,semi-furnished,True,25,,False,1,False,27,41.3
room,21553,316.88,Gandaki,Kaski,Pokhara Metropolitan City,15,1,fully-furnished,True,16,2bhk,True,4,False,4,63.65
land,41667579,2042.93,Koshi,Morang,Biratnagar Metropolitan City,3,0,,False,13,,False,0,False,0,50.35
land,27373005,1750.29,Koshi,Jhapa,Birtamode Municipality,32,0,,False,25,,False,0,False,0,51.53
room,16229,286.25,Bagmati,Lalitpur,Lalitpur Metropolitan City,7,0,unfurnished,False,16,double,True,5,False,26,43.41
room,14118,529.98,Bagmati,Bhaktapur,Bhaktapur Municipality,1,1,semi-furnished,False,16,shared,True,2,False,18,49.68
home,39727364,1746.21,Bagmati,Kathmandu,Kathmandu Metropolitan City,25,3,semi-furnished,False,10,,False,2,False,38,73.02
room,9813,732.31,Bagmati,Lalitpur,Lalitpur Metropolitan City,2,1,fully-furnished,False,10,2bhk,False,4,False,11,37.22
land,19184524,2551.26,Bagmati,Kathmandu,Kathmandu Metropolitan City,20,0,,False,25,,False,0,False,0,61.59
room,9165,426.45,Bagmati,Lalitpur,Lalitpur Metropolitan City,26,1,unfurnished,False,13,shared,False,4,False,27,18.4
home,12083397,1210.26,Bagmati,Chitwan,Bharatpur Metropolitan City,4,5,fully-furnished,True,10,,False,2,False,0,75.7
office,88459,794.25,Bagmati,Lalitpur,Lalitpur Metropolitan City,23,0,unfurnished,True,16,,False,1,True,31,43.0
land,11052011,4866.85,Koshi,Morang,Biratnagar Metropolitan City,30,0,,False,25,,False,0,False,0,56.78
office,66441,2523.85,Bagmati,Bhaktapur,Bhaktapur Municipality,30,0,fully-furnished,False,16,,False,2,False,10,54.6
room,36264,760.03,Bagmati,Bhaktapur,Bhaktapur Municipality,13,1,semi-furnished,False,10,single,True,1,False,8,52.32
office,128580,4481.9,Sudurpashchim,Kailali,Dhangadhi Sub-Metropolitan City,6,0,fully-furnished,False,30,,False,6,True,18,57.46
office,58203,715.42,Lumbini,Rupandehi,Butwal Sub-Metropolitan City,19,0,fully-furnished,False,0,,False,8,False,21,53.39
land,27709679,2262.31,Gandaki,Kaski,Pokhara Metropolitan City,19,0,,False,13,,False,0,False,0,50.31
land,44420399,1324.13,Bagmati,Kathmandu,Kathmandu Metropolitan City,4,0,,False,0,,False,0,False,0,40.97
room,28652,523.42,Koshi,Jhapa,Birtamode Municipality,20,2,semi-furnished,True,16,2bhk,True,5,False,8,49.56
office,122671,478.7,Gandaki,Kaski,Pokhara Metropolitan City,6,0,unfurnished,True,20,,False,3,False,20,39.1
land,47628342,3751.99,Bagmati,Kathmandu,Kathmandu Metropolitan City,17,0,,False,13,,False,0,False,0,67.33
land,31074488,4294.97,Lumbini,Rupandehi,Butwal Sub-Metropolitan City,10,0,,False,0,,False,0,False,0,38.07
room,36042,542.79,Lumbini,Rupandehi,Butwal Sub-Metropolitan City,8,0,fully-furnished,True,13,double,False,3,False,29,37.89
land,9261681,1794.8,Gandaki,Kaski,Pokhara Metropolitan City,13,0,,False,16,,False,0,False,0,50.02
home,43654547,3093.16,Koshi,Jhapa,Birtamode Municipality,12,3,semi-furnished,True,16,,False,3,False,17,66.57
land,33140674,1763.49,Bagmati,Kathmandu,Kathmandu Metropolitan City,25,0,,False,20,,False,0,False,0,59.0
room,44287,599.02,Bagmati,Kathmandu,Kathmandu Metropolitan City,18,0,semi-furnished,True,20,double,True,5,False,23,45.64
land,39452152,3971.61,Koshi,Jhapa,Birtamode Municipality,2,0,,False,10,,False,0,False,0,57.59
room,16953,957.0,Koshi,Jhapa,Birtamode Municipality,28,0,semi-furnished,False,16,shared,False,4,False,12,31.22
office,63370,2097.35,Bagmati,Chitwan,Bharatpur Metropolitan City,23,0,fully-furnished,False,13,,False,1,True,19,48.99
home,6047815,2767.73,Gandaki,Kaski,Pokhara Metropolitan City,23,5,unfurnished,True,20,,False,4,False,7,76.6
home,12185240,3440.3,Bagmati,Kathmandu,Kathmandu Metropolitan City,23,3,fully-furnished,True,13,,False,3,False,9,60.57
home,41339746,4743.09,Bagmati,Kathmandu,Kathmandu Metropolitan City,12,4,semi-furnished,True,20,,False,1,False,36,69.77
land,16767903,1498.41,Sudurpashchim,Kailali,Dhangadhi Sub-Metropolitan City,23,0,,False,30,,False,0,False,0,45.91
room,36381,113.6,Bagmati,Kathmandu,Kathmandu Metropolitan City,13,2,fully-furnished,True,20,double,True,2,False,17,52.93
room,36230,194.14,Sudurpashchim,Kailali,Dhangadhi Sub-Metropolitan City,2,2,semi-furnished,False,20,double,True,5,False,27,21.64
land,35856980,754.62,Bagmati,Lalitpur,Lalitpur Metropolitan City,22,0,,False,0,,False,0,False,0,52.17
land,22678827,4906.56,Lumbini,Rupandehi,Butwal Sub-Metropolitan City,23,0,,False,30,,False,0,False,0,66.1
room,36606,122.05,Bagmati,Chitwan,Bharatpur Metropolitan City,18,0,semi-furnished,True,20,studio,False,4,False,6,40.03
room,49532,204.8,Sudurpashchim,Kailali,Dhangadhi Sub-Metropolitan City,16,1,unfurnished,False,16,studio,False,5,False,10,27.45
home,32443313,1556.24,Lumbini,Rupandehi,Butwal Sub-Metropolitan City,25,2,fully-furnished,False,10,,False,2,False,16,60.18
office,132947,1196.08,Gandaki,Kaski,Pokhara Metropolitan City,3,0,unfurnished,True,20,,False,1,False,26,41.36
room,25403,931.53,Koshi,Jhapa,Birtamode Municipality,7,0,unfurnished,True,13,double,True,4,False,12,51.76
home,39025197,4787.16,Sudurpashchim,Kailali,Dhangadhi Sub-Metropolitan City,10,4,semi-furnished,True,25,,False,4,False,2,64.84
land,3498876,2724.4,Koshi,Morang,Biratnagar Metropolitan City,7,0,,False,10,,False,0,False,0,34.88
home,21127267,2596.59,Bagmati,Chitwan,Bharatpur Metropolitan City,16,4,semi-furnished,True,16,,False,2,False,34,66.04
land,38267831,4870.95,Bagmati,Kathmandu,Kathmandu Metropolitan City,14,0,,False,13,,False,0,False,0,46.11
room,39558,269.6,Gandaki,Kaski,Pokhara Metropolitan City,5,0,semi-furnished,True,16,single,True,1,False,23,31.11
office,42357,4648.45,Bagmati,Chitwan,Bharatpur Metropolitan City,25,0,fully-furnished,False,10,,False,5,False,34,24.1
home,23828767,2110.55,Lumbini,Rupandehi,Butwal Sub-Metropolitan City,23,3,semi-furnished,False,30,,False,3,False,28,62.12
land,37350059,4047.29,Gandaki,Kaski,Pokhara Metropolitan City,7,0,,False,20,,False,0,False,0,54.5
home,36770591,2490.18,Koshi,Morang,Biratnagar Metropolitan City,26,1,fully-furnished,False,10,,False,2,False,2,66.63
room,14818,526.53,Bagmati,Lalitpur,Lalitpur Metropolitan City,24,2,semi-furnished,False,0,1bhk,True,3,False,28,45.4
land,29987610,1909.6,Bagmati,Lalitpur,Lalitpur Metropolitan City,9,0,,False,30,,False,0,False,0,68.6
home,18772446,1075.53,Bagmati,Bhaktapur,Bhaktapur Municipality,28,3,unfurnished,False,0,,False,4,False,13,49.23
home,18096076,1900.01,Koshi,Jhapa,Birtamode Municipality,6,1,unfurnished,True,10,,False,4,False,8,50.23
home,5453335,2083.22,Bagmati,Bhaktapur,Bhaktapur Municipality,1,2,fully-furnished,True,13,,False,1,False,5,74.11
room,46052,471.18,Koshi,Jhapa,Birtamode Municipality,32,1,unfurnished,False,10,1bhk,False,5,False,25,36.76
home,36880984,4688.53,Bagmati,Lalitpur,Lalitpur Metropolitan City,15,2,unfurnished,True,25,,False,4,False,35,60.43
land,16927960,2185.03,Bagmati,Lalitpur,Lalitpur Metropolitan City,24,0,,False,25,,False,0,False,0,56.17
room,19462,130.76,Bagmati,Bhaktapur,Bhaktapur Municipality,16,0,fully-furnished,False,16,single,False,1,False,20,19.19
home,36780131,1105.21,Gandaki,Kaski,Pokhara Metropolitan City,20,5,semi-furnished,False,0,,False,2,False,32,43.32
room,35108,524.87,Lumbini,Rupandehi,Butwal Sub-Metropolitan City,1,1,unfurnished,True,0,shared,True,2,False,18,39.16
office,42758,2824.03,Bagmati,Lalitpur,Lalitpur Metropolitan City,31,0,unfurnished,True,16,,False,4,False,40,45.49
land,15337051,4851.83,Gandaki,Kaski,Pokhara Metropolitan City,10,0,,False,30,,False,0,False,0,64.27
land,26378847,2530.5,Lumbini,Rupandehi,Butwal Sub-Metropolitan City,18,0,,False,10,,False,0,False,0,46.91
home,14975379,3278.25,Koshi,Morang,Biratnagar Metropolitan City,27,2,fully-furnished,True,16,,False,2,False,40,70.32
office,31206,4341.12,Bagmati,Chitwan,Bharatpur Metropolitan City,7,0,semi-furnished,False,30,,False,3,True,3,53.94
office,95497,603.23,Koshi,Jhapa,Birtamode Municipality,2,0,semi-furnished,False,16,,False,1,True,17,49.98
home,34361688,1872.36,Bagmati,Lalitpur,Lalitpur Metropolitan City,1,1,fully-furnished,True,20,,False,2,False,26,68.66
room,29608,376.81,Bagmati,Bhaktapur,Bhaktapur Municipality,29,2,fully-furnished,True,16,1bhk,False,1,False,15,44.53
home,32328582,2728.61,Gandaki,Kaski,Pokhara Metropolitan City,29,1,unfurnished,False,30,,False,2,False,39,62.9
land,41185684,2452.85,Koshi,Morang,Biratnagar Metropolitan City,16,0,,False,30,,False,0,False,0,61.76
office,58243,3931.24,Bagmati,Kathmandu,Kathmandu Metropolitan City,24,0,fully-furnished,False,20,,False,5,True,26,58.23
home,29932928,2797.63,Koshi,Jhapa,Birtamode Municipality,16,4,fully-furnished,False,13,,False,2,False,21,61.92
office,136548,3658.03,Lumbini,Rupandehi,Butwal Sub-Metropolitan City,31,0,unfurnished,False,20,,False,3,False,21,40.8
home,39430840,1109.58,Sudurpashchim,Kailali,Dhangadhi Sub-Metropolitan City,27,2,semi-furnished,False,13,,False,2,False,12,76.73
land,20916655,1261.27,Koshi,Jhapa,Birtamode Municipality,19,0,,False,13,,False,0,False,0,57.24
home,31168287,4296.94,Bagmati,Kathmandu,Kathmandu Metropolitan City,23,4,unfurnished,True,10,,False,1,False,30,63.14
home,44440840,4115.83,Sudurpashchim,Kailali,Dhangadhi Sub-Metropolitan City,22,5,unfurnished,True,16,,False,1,False,0,65.17
office,41213,1279.12,Gandaki,Kaski,Pokhara Metropolitan City,27,0,unfurnished,False,0,,False,4,True,19,45.41
office,40547,723.13,Gandaki,Kaski,Pokhara Metropolitan City,17,0,semi-furnished,True,20,,False,7,False,20,51.61
land,9823178,4039.81,Bagmati,Lalitpur,Lalitpur Metropolitan City,27,0,,False,20,,False,0,False,0,54.84
land,36718065,4346.24,Lumbini,Rupandehi,Butwal Sub-Metropolitan City,32,0,,False,10,,False,0,False,0,43.6
land,23400454,1249.99,Gandaki,Kaski,Pokhara Metropolitan City,16,0,,False,0,,False,0,False,0,45.54
office,43804,3063.85,Bagmati,Bhaktapur,Bhaktapur Municipality,24,0,semi-furnished,True,0,,False,7,False,28,4.09
room,42172,527.3,Koshi,Morang,Biratnagar Metropolitan City,21,2,fully-furnished,True,20,single,True,4,False,21,55.91
room,30110,153.39,Bagmati,Kathmandu,Kathmandu Metropolitan City,26,1,semi-furnished,True,20,2bhk,False,1,False,1,41.45
land,28469703,3909.38,Koshi,Jhapa,Birtamode Municipality,2,0,,False,30,,False,0,False,0,67.66
office,45385,3401.96,Bagmati,Lalitpur,Lalitpur Metropolitan City,5,0,fully-furnished,False,16,,False,7,True,10,54.45
room,38344,438.94,Bagmati,Chitwan,Bharatpur Metropolitan City,24,0,unfurnished,True,13,double,True,4,False,27,23.62
room,31720,399.16,Lumbini,Rupandehi,Butwal Sub-Metropolitan City,30,1,semi-furnished,True,16,1bhk,True,3,False,24,42.79
office,50863,2051.79,Bagmati,Bhaktapur,Bhaktapur Municipality,2,0,unfurnished,True,30,,False,5,False,37,37.19
office,122418,2869.65,Koshi,Jhapa,Birtamode Municipality,4,0,unfurnished,True,20,,False,8,False,33,37.17
land,45911072,1164.31,Sudurpashchim,Kailali,Dhangadhi Sub-Metropolitan City,19,0,,False,0,,False,0,False,0,42.16
office,89001,4707.08,Gandaki,Kaski,Pokhara Metropolitan City,15,0,semi-furnished,False,13,,False,2,True,24,53.1
home,16053881,3372.35,Bagmati,Lalitpur,Lalitpur Metropolitan City,29,2,unfurnished,True,0,,False,3,False,18,43.48
land,16240411,1064.5,Gandaki,Kaski,Pokhara Metropolitan City,11,0,,False,13,,False,0,False,0,53.45
room,47096,645.99,Koshi,Morang,Biratnagar Metropolitan City,29,0,fully-furnished,False,10,shared,False,4,False,25,26.7
office,27523,4711.12,Sudurpashchim,Kailali,Dhangadhi Sub-Metropolitan City,9,0,semi-furnished,True,16,,False,6,False,33,38.21
office,68534,3342.55,Gandaki,Kaski,Pokhara Metropolitan City,5,0,fully-furnished,True,13,,False,2,True,25,58.11
office,83781,4785.65,Lumbini,Rupandehi,Butwal Sub-Metropolitan City,31,0,unfurnished,False,30,,False,4,True,8,56.56
office,30428,1325.17,Bagmati,Chitwan,Bharatpur Metropolitan City,31,0,unfurnished,False,16,,False,6,False,28,33.3
home,25517784,4317.44,Bagmati,Lalitpur,Lalitpur Metropolitan City,2,3,semi-furnished,True,10,,False,3,False,19,65.43
home,34989063,4329.91,Gandaki,Kaski,Pokhara Metropolitan City,25,4,unfurnished,False,0,,False,2,False,24,62.43
office,88276,3902.7,Koshi,Jhapa,Birtamode Municipality,18,0,semi-furnished,False,20,,False,1,False,33,33.42
home,24932543,4944.99,Koshi,Jhapa,Birtamode Municipality,6,1,unfurnished,True,13,,False,1,False,39,41.54
land,20475956,4096.8,Bagmati,Chitwan,Bharatpur Metropolitan City,19,0,,False,16,,False,0,False,0,39.02
home,14241377,1023.84,Bagmati,Chitwan,Bharatpur Metropolitan City,30,3,semi-furnished,False,13,,False,2,False,30,47.38
office,63784,586.29,Sudurpashchim,Kailali,Dhangadhi Sub-Metropolitan City,5,0,semi-furnished,False,30,,False,3,False,17,47.36
office,134305,4906.67,Bagmati,Kathmandu,Kathmandu Metropolitan City,21,0,unfurnished,True,20,,False,2,False,24,57.12
home,42503871,3093.78,Bagmati,Kathmandu,Kathmandu Metropolitan City,29,1,fully-furnished,False,16,,False,1,False,1,71.47
room,8027,532.28,Sudurpashchim,Kailali,Dhangadhi Sub-Metropolitan City,32,2,semi-furnished,True,0,double,True,5,False,20,29.22
room,37612,971.57,Bagmati,Bhaktapur,Bhaktapur Municipality,26,2,unfurnished,False,16,double,True,4,False,24,40.5
land,30272097,1479.57,Lumbini,Rupandehi,Butwal Sub-Metropolitan City,26,0,,False,25,,False,0,False,0,52.94
office,50465,2197.65,Lumbini,Rupandehi,Butwal Sub-Metropolitan City,5,0,fully-furnished,False,10,,False,2,True,0,60.19
home,46270083,1345.27,Gandaki,Kaski,Pokhara Metropolitan City,27,5,semi-furnished,False,0,,False,3,False,25,45.33
room,37655,610.32,Koshi,Jhapa,Birtamode Municipality,18,0,semi-furnished,True,16,shared,False,2,False,26,47.65
room,15139,192.87,Bagmati,Chitwan,Bharatpur Metropolitan City,19,2,semi-furnished,True,0,1bhk,True,1,False,22,19.77
home,15973645,4655.13,Bagmati,Bhaktapur,Bhaktapur Municipality,17,5,fully-furnished,True,30,,False,2,False,1,93.68
home,24383412,2149.65,Koshi,Morang,Biratnagar Metropolitan City,25,3,semi-furnished,False,20,,False,4,False,38,45.51
land,17661837,3284.77,Bagmati,Kathmandu,Kathmandu Metropolitan City,6,0,,False,10,,False,0,False,0,58.1
room,8955,825.53,Bagmati,Lalitpur,Lalitpur Metropolitan City,9,1,fully-furnished,False,16,shared,False,2,False,14,57.79
office,42879,3362.77,Koshi,Jhapa,Birtamode Municipality,6,0,semi-furnished,False,30,,False,4,True,14,53.97
room,48340,944.78,Gandaki,Kaski,Pokhara Metropolitan City,28,1,fully-furnished,True,0,1bhk,False,3,False,25,35.87
office,31006,4826.83,Koshi,Morang,Biratnagar Metropolitan City,26,0,semi-furnished,True,20,,False,6,True,26,44.3
land,38878735,1619.36,Bagmati,Chitwan,Bharatpur Metropolitan City,1,0,,False,13,,False,0,False,0,39.94
office,103681,3441.32,Bagmati,Lalitpur,Lalitpur Metropolitan City,16,0,semi-furnished,False,30,,False,3,True,16,57.57
room,12164,353.3,Koshi,Jhapa,Birtamode Municipality,24,1,unfurnished,True,10,1bhk,False,4,False,14,37.75
office,26789,1722.76,Bagmati,Bhaktapur,Bhaktapur Municipality,17,0,fully-furnished,True,25,,False,2,False,13,67.4
home,47991469,4481.25,Koshi,Morang,Biratnagar Metropolitan City,22,3,fully-furnished,False,25,,False,4,False,8,71.87
office,149727,2633.58,Sudurpashchim,Kailali,Dhangadhi Sub-Metropolitan City,1,0,unfurnished,True,30,,False,4,False,29,34.92
land,20268125,3877.58,Koshi,Morang,Biratnagar Metropolitan City,16,0,,False,30,,False,0,False,0,61.41
office,85927,3206.66,Bagmati,Kathmandu,Kathmandu Metropolitan City,18,0,unfurnished,False,0,,False,6,True,16,37.09
room,35372,791.96,Bagmati,Kathmandu,Kathmandu Metropolitan City,21,1,fully-furnished,True,0,studio,True,4,False,3,37.38
room,36811,296.67,Bagmati,Lalitpur,Lalitpur Metropolitan City,30,1,semi-furnished,True,0,double,True,3,False,17,44.53
office,120115,1371.13,Bagmati,Chitwan,Bharatpur Metropolitan City,20,0,unfurnished,False,13,,False,3,True,20,41.63
land,14066864,3213.17,Bagmati,Chitwan,Bharatpur Metropolitan City,4,0,,False,30,,False,0,False,0,67.44
land,6209896,4716.58,Gandaki,Kaski,Pokhara Metropolitan City,23,0,,False,16,,False,0,False,0,40.77
office,131669,370.93,Sudurpashchim,Kailali,Dhangadhi Sub-Metropolitan City,16,0,semi-furnished,True,20,,False,1,True,15,15.96
home,15674236,3933.24,Bagmati,Chitwan,Bharatpur Metropolitan City,12,4,fully-furnished,True,13,,False,3,False,23,67.4
office,59522,4474.13,Koshi,Morang,Biratnagar Metropolitan City,10,0,unfurnished,False,13,,False,7,False,28,30.14
home,45423853,3296.05,Sudurpashchim,Kailali,Dhangadhi Sub-Metropolitan City,15,5,semi-furnished,True,0,,False,1,False,37,33.13
land,39704871,3975.99,Koshi,Morang,Biratnagar Metropolitan City,23,0,,False,16,,False,0,False,0,40.01
home,42974614,3651.18,Sudurpashchim,Kailali,Dhangadhi Sub-Metropolitan City,1,3,semi-furnished,True,25,,False,2,False,38,82.05
home,9777195,3664.9,Lumbini,Rupandehi,Butwal Sub-Metropolitan City,1,5,unfurnished,False,30,,False,3,False,40,58.23
room,49617,780.28,Sudurpashchim,Kailali,Dhangadhi Sub-Metropolitan City,26,0,semi-furnished,False,13,studio,True,3,False,21,43.88
office,139563,4511.0,Koshi,Jhapa,Birtamode Municipality,1,0,fully-furnished,False,0,,False,8,False,33,21.3
room,44186,815.2,Lumbini,Rupandehi,Butwal Sub-Metropolitan City,4,0,unfurnished,True,0,studio,False,2,False,1,20.16
office,148564,4467.34,Bagmati,Chitwan,Bharatpur Metropolitan City,4,0,semi-furnished,True,20,,False,1,False,16,45.44
room,20461,996.05,Sudurpashchim,Kailali,Dhangadhi Sub-Metropolitan City,31,1,fully-furnished,True,13,2bhk,False,3,False,0,51.49
home,10416125,3211.46,Lumbini,Rupandehi,Butwal Sub-Metropolitan City,7,5,unfurnished,True,0,,False,1,False,11,50.19
home,17066388,2850.85,Bagmati,Kathmandu,Kathmandu Metropolitan City,26,5,unfurnished,True,25,,False,4,False,39,67.12
home,47857170,1146.73,Bagmati,Chitwan,Bharatpur Metropolitan City,28,4,semi-furnished,False,13,,False,4,False,4,69.97
office,78060,1928.87,Bagmati,Kathmandu,Kathmandu Metropolitan City,15,0,semi-furnished,False,13,,False,3,True,34,47.13
land,3346664,749.18,Gandaki,Kaski,Pokhara Metropolitan City,13,0,,False,0,,False,0,False,0,31.97
land,25181487,1467.44,Koshi,Jhapa,Birtamode Municipality,15,0,,False,10,,False,0,False,0,49.65
land,28715096,1969.39,Bagmati,Kathmandu,Kathmandu Metropolitan City,32,0,,False,16,,False,0,False,0,40.7
home,6624095,3109.33,Bagmati,Chitwan,Bharatpur Metropolitan City,3,3,fully-furnished,True,0,,False,4,False,31,35.04
home,25179458,4375.47,Bagmati,Bhaktapur,Bhaktapur Municipality,9,4,unfurnished,False,13,,False,4,False,7,66.6
office,28035,4016.42,Bagmati,Kathmandu,Kathmandu Metropolitan City,4,0,semi-furnished,False,25,,False,4,False,29,53.82
home,41465879,1873.67,Sudurpashchim,Kailali,Dhangadhi Sub-Metropolitan City,5,1,fully-furnished,True,16,,False,2,False,38,55.49
room,42934,658.59,Bagmati,Kathmandu,Kathmandu Metropolitan City,31,0,unfurnished,True,0,studio,True,3,False,24,24.97
room,36086,673.95,Koshi,Jhapa,Birtamode Municipality,30,1,unfurnished,False,16,shared,False,5,False,0,34.72
home,26488259,3439.41,Gandaki,Kaski,Pokhara Metropolitan City,26,5,unfurnished,False,30,,False,4,False,38,62.94
land,35419131,3891.82,Bagmati,Lalitpur,Lalitpur Metropolitan City,14,0,,False,20,,False,0,False,0,42.14
office,121045,1062.5,Bagmati,Chitwan,Bharatpur Metropolitan City,21,0,fully-furnished,True,13,,False,6,True,12,47.7
home,41545448,1907.7,Bagmati,Chitwan,Bharatpur Metropolitan City,2,2,fully-furnished,False,30,,False,1,False,0,84.97
home,36447999,4802.44,Bagmati,Kathmandu,Kathmandu Metropolitan City,26,3,semi-furnished,False,16,,False,3,False,12,79.17
room,21816,953.63,Koshi,Jhapa,Birtamode Municipality,6,1,semi-furnished,True,0,studio,True,2,False,1,40.1
room,19487,180.76,Gandaki,Kaski,Pokhara Metropolitan City,11,2,fully-furnished,True,0,1bhk,True,3,False,17,44.16
office,121157,804.38,Bagmati,Kathmandu,Kathmandu Metropolitan City,6,0,semi-furnished,True,13,,False,5,True,3,43.77
room,16314,930.33,Koshi,Jhapa,Birtamode Municipality,30,0,fully-furnished,True,16,single,False,5,False,3,55.86
land,31783640,4996.73,Bagmati,Kathmandu,Kathmandu Metropolitan City,30,0,,False,10,,False,0,False,0,44.02
home,33066297,2202.07,Koshi,Morang,Biratnagar Metropolitan City,6,4,fully-furnished,False,0,,False,1,False,0,68.2
land,38297891,2996.77,Lumbini,Rupandehi,Butwal Sub-Metropolitan City,26,0,,False,25,,False,0,False,0,54.04
room,28128,992.89,Koshi,Jhapa,Birtamode Municipality,27,0,semi-furnished,False,10,shared,False,4,False,17,45.9
home,17464262,2025.64,Koshi,Morang,Biratnagar Metropolitan City,30,3,fully-furnished,False,16,,False,4,False,24,54.85
office,48980,4112.84,Sudurpashchim,Kailali,Dhangadhi Sub-Metropolitan City,31,0,unfurnished,False,0,,False,7,False,2,32.72
home,7022148,3557.67,Gandaki,Kaski,Pokhara Metropolitan City,16,1,semi-furnished,True,20,,False,3,False,3,66.49
land,9549549,3469.77,Lumbini,Rupandehi,Butwal Sub-Metropolitan City,23,0,,False,20,,False,0,False,0,49.98
home,48654322,1739.11,Koshi,Jhapa,Birtamode Municipality,10,3,semi-furnished,False,10,,False,3,False,37,48.96
land,46113541,2254.01,Koshi,Jhapa,Birtamode Municipality,6,0,,False,20,,False,0,False,0,43.29
home,38898342,4178.28,Koshi,Morang,Biratnagar Metropolitan City,15,3,fully-furnished,False,10,,False,1,False,27,55.25
land,30422692,3794.45,Bagmati,Bhaktapur,Bhaktapur Municipality,21,0,,False,16,,False,0,False,0,50.97
home,43633759,4875.6,Bagmati,Kathmandu,Kathmandu Metropolitan City,2,5,fully-furnished,False,0,,False,2,False,16,67.05
room,29085,466.67,Gandaki,Kaski,Pokhara Metropolitan City,14,2,unfurnished,True,20,studio,False,5,False,20,44.67
room,25077,230.48,Gandaki,Kaski,Pokhara Metropolitan City,32,0,unfurnished,False,16,studio,True,1,False,25,36.01
office,100902,1434.64,Sudurpashchim,Kailali,Dhangadhi Sub-Metropolitan City,19,0,semi-furnished,False,16,,False,5,True,38,45.81
home,25255807,3018.72,Gandaki,Kaski,Pokhara Metropolitan City,26,5,semi-furnished,True,20,,False,2,False,37,58.25
land,40591080,3589.68,Koshi,Morang,Biratnagar Metropolitan City,27,0,,False,25,,False,0,False,0,61.62
room,18116,338.33,Bagmati,Kathmandu,Kathmandu Metropolitan City,23,2,fully-furnished,False,16,double,True,1,False,27,38.21
room,44726,217.57,Bagmati,Bhaktapur,Bhaktapur Municipality,7,2,semi-furnished,False,10,shared,True,3,False,25,39.85
office,149408,1527.8,Bagmati,Lalitpur,Lalitpur Metropolitan City,17,0,semi-furnished,False,13,,False,3,True,19,57.0
office,35050,4718.38,Koshi,Jhapa,Birtamode Municipality,22,0,semi-furnished,True,0,,False,8,False,4,16.1
land,47093904,2297.74,Lumbini,Rupandehi,Butwal Sub-Metropolitan City,16,0,,False,10,,False,0,False,0,49.65
room,37771,334.5,Sudurpashchim,Kailali,Dhangadhi Sub-Metropolitan City,21,0,unfurnished,False,0,2bhk,True,3,False,25,14.67
room,10853,738.3,Lumbini,Rupandehi,Butwal Sub-Metropolitan City,22,2,semi-furnished,False,13,1bhk,False,5,False,9,37.13
home,35610843,1299.56,Bagmati,Lalitpur,Lalitpur Metropolitan City,16,4,fully-furnished,False,20,,False,2,False,12,89.32
room,16358,673.49,Koshi,Morang,Biratnagar Metropolitan City,12,1,semi-furnished,True,13,1bhk,True,4,False,27,35.4
home,25751162,4189.09,Bagmati,Kathmandu,Kathmandu Metropolitan City,24,1,semi-furnished,False,25,,False,3,False,19,58.29
land,46267078,1124.44,Koshi,Jhapa,Birtamode Municipality,17,0,,False,30,,False,0,False,0,57.39
land,34036242,1959.48,Bagmati,Lalitpur,Lalitpur Metropolitan City,7,0,,False,30,,False,0,False,0,70.04
land,36986932,4261.75,Gandaki,Kaski,Pokhara Metropolitan City,11,0,,False,30,,False,0,False,0,59.45
room,8537,353.56,Gandaki,Kaski,Pokhara Metropolitan City,17,0,fully-furnished,False,16,single,True,4,False,15,56.14
room,30157,682.46,Bagmati,Lalitpur,Lalitpur Metropolitan City,25,1,unfurnished,True,20,single,False,3,False,8,55.94
room,8130,920.93,Lumbini,Rupandehi,Butwal Sub-Metropolitan City,1,1,fully-furnished,True,10,1bhk,True,4,False,8,34.2
office,58720,2912.49,Bagmati,Lalitpur,Lalitpur Metropolitan City,21,0,fully-furnished,True,25,,False,4,False,26,53.69
room,49940,839.28,Bagmati,Chitwan,Bharatpur Metropolitan City,9,1,unfurnished,False,10,1bhk,True,2,False,7,37.56
office,149851,2272.97,Sudurpashchim,Kailali,Dhangadhi Sub-Metropolitan City,21,0,semi-furnished,True,0,,False,1,False,37,33.22
land,40024715,4410.93,Sudurpashchim,Kailali,Dhangadhi Sub-Metropolitan City,8,0,,False,20,,False,0,False,0,24.34
land,25292207,700.22,Bagmati,Kathmandu,Kathmandu Metropolitan City,16,0,,False,10,,False,0,False,0,75.47
home,37149329,4434.12,Lumbini,Rupandehi,Butwal Sub-Metropolitan City,26,2,unfurnished,True,0,,False,2,False,0,58.82
land,39399398,4935.7,Lumbini,Rupandehi,Butwal Sub-Metropolitan City,4,0,,False,0,,False,0,False,0,41.47
home,44615534,1661.29,Koshi,Jhapa,Birtamode Municipality,11,4,semi-furnished,False,10,,False,1,False,23,64.5
land,49762815,4360.25,Bagmati,Chitwan,Bharatpur Metropolitan City,23,0,,False,0,,False,0,False,0,60.71
land,48564557,711.22,Sudurpashchim,Kailali,Dhangadhi Sub-Metropolitan City,29,0,,False,10,,False,0,False,0,50.69
home,44886314,4293.65,Lumbini,Rupandehi,Butwal Sub-Metropolitan City,11,3,fully-furnished,False,10,,False,3,False,34,65.26
room,33588,733.14,Gandaki,Kaski,Pokhara Metropolitan City,11,1,unfurnished,False,13,1bhk,False,3,False,19,40.96
land,18414973,4016.37,Bagmati,Lalitpur,Lalitpur Metropolitan City,10,0,,False,10,,False,0,False,0,48.37
room,17732,509.99,Koshi,Morang,Biratnagar Metropolitan City,23,1,semi-furnished,False,10,2bhk,True,4,False,2,40.74
room,44378,964.02,Bagmati,Kathmandu,Kathmandu Metropolitan City,21,2,semi-furnished,True,0,2bhk,True,5,False,13,42.01
room,47958,982.64,Bagmati,Lalitpur,Lalitpur Metropolitan City,4,1,fully-furnished,False,16,1bhk,False,2,False,20,46.64
home,39092868,3302.35,Bagmati,Kathmandu,Kathmandu Metropolitan City,30,5,unfurnished,True,13,,False,3,False,16,55.81
land,44337436,3118.42,Sudurpashchim,Kailali,Dhangadhi Sub-Metropolitan City,5,0,,False,0,,False,0,False,0,37.26
home,39633883,2216.19,Lumbini,Rupandehi,Butwal Sub-Metropolitan City,18,3,unfurnished,False,13,,False,3,False,2,47.85
home,39679186,1572.17,Bagmati,Kathmandu,Kathmandu Metropolitan City,27,4,semi-furnished,True,16,,False,2,False,1,81.91
land,4386675,2664.37,Bagmati,Kathmandu,Kathmandu Metropolitan City,23,0,,False,0,,False,0,False,0,45.36
room,29089,967.98,Lumbini,Rupandehi,Butwal Sub-Metropolitan City,14,2,semi-furnished,True,20,double,False,3,False,26,50.01
office,91727,3600.35,Koshi,Morang,Biratnagar Metropolitan City,2,0,semi-furnished,False,30,,False,1,True,6,51.67
land,28513462,4055.71,Koshi,Morang,Biratnagar Metropolitan City,9,0,,False,30,,False,0,False,0,82.85
room,26706,364.06,Bagmati,Bhaktapur,Bhaktapur Municipality,12,2,unfurnished,True,0,double,False,1,False,18,41.42
office,60404,4549.49,Bagmati,Kathmandu,Kathmandu Metropolitan City,29,0,unfurnished,False,30,,False,7,True,39,34.73
office,129790,4518.44,Koshi,Morang,Biratnagar Metropolitan City,32,0,semi-furnished,False,16,,False,5,False,24,40.23
land,11860461,2133.19,Gandaki,Kaski,Pokhara Metropolitan City,14,0,,False,25,,False,0,False,0,53.86
land,48252952,4392.21,Sudurpashchim,Kailali,Dhangadhi Sub-Metropolitan City,7,0,,False,0,,False,0,False,0,27.71
office,80319,1555.06,Bagmati,Kathmandu,Kathmandu Metropolitan City,16,0,semi-furnished,True,20,,False,1,False,8,47.62
home,26208517,1617.97,Bagmati,Kathmandu,Kathmandu Metropolitan City,11,5,semi-furnished,False,16,,False,2,False,13,76.91
home,35153647,2388.21,Koshi,Jhapa,Birtamode Municipality,31,3,unfurnished,False,13,,False,2,False,21,44.16
office,134924,4721.42,Sudurpashchim,Kailali,Dhangadhi Sub-Metropolitan City,21,0,unfurnished,False,0,,False,7,False,17,29.86
office,60616,3391.86,Sudurpashchim,Kailali,Dhangadhi Sub-Metropolitan City,11,0,unfurnished,False,0,,False,4,True,3,43.05
home,32193145,2279.87,Bagmati,Kathmandu,Kathmandu Metropolitan City,22,3,semi-furnished,True,10,,False,3,False,28,75.68
room,49643,626.47,Sudurpashchim,Kailali,Dhangadhi Sub-Metropolitan City,9,1,semi-furnished,False,0,shared,True,3,False,11,27.72
room,20833,290.81,Bagmati,Kathmandu,Kathmandu Metropolitan City,25,2,fully-furnished,False,20,shared,True,1,False,16,57.23
office,104533,1229.77,Bagmati,Lalitpur,Lalitpur Metropolitan City,8,0,semi-furnished,False,25,,False,6,False,36,53.16
home,11925127,3214.44,Bagmati,Chitwan,Bharatpur Metropolitan City,12,2,fully-furnished,True,13,,False,1,False,39,51.71
office,20761,680.61,Lumbini,Rupandehi,Butwal Sub-Metropolitan City,6,0,fully-furnished,False,16,,False,8,False,12,38.29
land,3169481,3045.67,Koshi,Jhapa,Birtamode Municipality,17,0,,False,30,,False,0,False,0,66.2
room,24927,494.64,Sudurpashchim,Kailali,Dhangadhi Sub-Metropolitan City,10,1,unfurnished,False,20,shared,False,3,False,19,35.13
room,41867,451.39,Gandaki,Kaski,Pokhara Metropolitan City,31,1,unfurnished,False,0,studio,True,5,False,21,36.02
office,115312,1743.5,Lumbini,Rupandehi,Butwal Sub-Metropolitan City,25,0,semi-furnished,True,20,,False,5,True,5,50.97
room,37296,753.07,Koshi,Jhapa,Birtamode Municipality,11,0,unfurnished,True,13,double,True,2,False,13,27.73
room,40118,727.22,Bagmati,Kathmandu,Kathmandu Metropolitan City,21,1,fully-furnished,True,20,shared,False,5,False,11,55.86
office,69064,2994.16,Sudurpashchim,Kailali,Dhangadhi Sub-Metropolitan City,28,0,unfurnished,True,25,,False,3,False,33,37.71
home,21225014,2883.19,Bagmati,Lalitpur,Lalitpur Metropolitan City,3,4,fully-furnished,True,30,,False,2,False,22,71.22
land,20559798,3867.28,Bagmati,Chitwan,Bharatpur Metropolitan City,11,0,,False,13,,False,0,False,0,47.02
home,39650452,4205.81,Bagmati,Bhaktapur,Bhaktapur Municipality,12,1,unfurnished,True,13,,False,3,False,20,38.06
land,15021832,3993.18,Lumbini,Rupandehi,Butwal Sub-Metropolitan City,7,0,,False,30,,False,0,False,0,47.09
room,26546,399.65,Lumbini,Rupandehi,Butwal Sub-Metropolitan City,14,1,unfurnished,False,10,double,False,1,False,4,41.18
land,5234526,1802.67,Gandaki,Kaski,Pokhara Metropolitan City,30,0,,False,10,,False,0,False,0,55.33
land,3193174,4837.85,Sudurpashchim,Kailali,Dhangadhi Sub-Metropolitan City,3,0,,False,30,,False,0,False,0,45.93
office,55886,4202.95,Lumbini,Rupandehi,Butwal Sub-Metropolitan City,15,0,fully-furnished,True,13,,False,7,True,11,41.6
home,31714655,3843.16,Koshi,Jhapa,Birtamode Municipality,16,3,fully-furnished,False,25,,False,2,False,37,51.56
office,63355,4114.19,Sudurpashchim,Kailali,Dhangadhi Sub-Metropolitan City,3,0,fully-furnished,True,13,,False,2,False,40,35.25
room,20975,527.36,Gandaki,Kaski,Pokhara Metropolitan City,7,2,unfurnished,False,0,shared,False,5,False,11,38.87
office,118456,3277.45,Bagmati,Bhaktapur,Bhaktapur Municipality,4,0,fully-furnished,True,13,,False,5,False,9,62.69
room,31605,902.42,Bagmati,Bhaktapur,Bhaktapur Municipality,3,1,fully-furnished,False,0,single,True,5,False,0,47.12
room,47604,690.42,Bagmati,Kathmandu,Kathmandu Metropolitan City,24,1,semi-furnished,False,10,double,False,1,False,16,34.77
land,47602454,2500.97,Lumbini,Rupandehi,Butwal Sub-Metropolitan City,24,0,,False,10,,False,0,False,0,50.94
room,34335,955.02,Gandaki,Kaski,Pokhara Metropolitan City,24,1,unfurnished,False,20,1bhk,True,5,False,24,37.22
room,36754,651.27,Bagmati,Bhaktapur,Bhaktapur Municipality,14,1,unfurnished,False,20,1bhk,True,1,False,27,36.19
room,21664,740.3,Koshi,Morang,Biratnagar Metropolitan City,32,1,unfurnished,True,16,1bhk,True,4,False,20,52.76
land,19902614,743.18,Koshi,Jhapa,Birtamode Municipality,19,0,,False,16,,False,0,False,0,54.64
land,24114859,2656.42,Koshi,Morang,Biratnagar Metropolitan City,7,0,,False,0,,False,0,False,0,42.14
office,62367,1930.95,Koshi,Morang,Biratnagar Metropolitan City,26,0,unfurnished,True,25,,False,7,False,34,27.64
office,42182,1069.88,Koshi,Jhapa,Birtamode Municipality,9,0,semi-furnished,True,0,,False,5,True,1,45.8
office,95255,3543.94,Bagmati,Kathmandu,Kathmandu Metropolitan City,16,0,fully-furnished,True,30,,False,7,False,6,76.45
office,30293,1897.44,Gandaki,Kaski,Pokhara Metropolitan City,16,0,unfurnished,True,30,,False,5,True,3,58.16
office,38928,927.81,Bagmati,Bhaktapur,Bhaktapur Municipality,7,0,fully-furnished,True,20,,False,7,True,17,67.26
home,24994854,4705.55,Bagmati,Kathmandu,Kathmandu Metropolitan City,19,2,fully-furnished,False,25,,False,2,False,10,86.52
home,13824880,1424.39,Bagmati,Chitwan,Bharatpur Metropolitan City,2,1,fully-furnished,True,0,,False,2,False,8,73.93
home,20823936,1911.98,Lumbini,Rupandehi,Butwal Sub-Metropolitan City,11,3,fully-furnished,False,20,,False,1,False,14,71.41
home,30543808,3337.5,Koshi,Morang,Biratnagar Metropolitan City,11,1,unfurnished,False,16,,False,2,False,37,49.93
room,32631,761.73,Bagmati,Chitwan,Bharatpur Metropolitan City,27,1,fully-furnished,False,16,1bhk,False,2,False,12,61.94
room,8017,596.64,Bagmati,Lalitpur,Lalitpur Metropolitan City,1,2,fully-furnished,True,16,double,True,4,False,1,68.61
office,114544,4576.52,Bagmati,Bhaktapur,Bhaktapur Municipality,13,0,semi-furnished,False,16,,False,3,False,4,46.43
home,14769717,1585.48,Lumbini,Rupandehi,Butwal Sub-Metropolitan City,28,3,semi-furnished,False,25,,False,4,False,29,58.89
home,38718867,1615.83,Gandaki,Kaski,Pokhara Metropolitan City,20,2,fully-furnished,False,16,,False,2,False,38,64.87
home,40572971,4964.76,Bagmati,Bhaktapur,Bhaktapur Municipality,12,2,fully-furnished,True,10,,False,3,False,11,54.38
home,6875555,3325.83,Bagmati,Bhaktapur,Bhaktapur Municipality,22,4,fully-furnished,False,25,,False,1,False,37,64.5
land,23085303,4994.29,Bagmati,Chitwan,Bharatpur Metropolitan City,7,0,,False,0,,False,0,False,0,48.45
room,20158,932.0,Bagmati,Bhaktapur,Bhaktapur Municipality,22,1,semi-furnished,False,16,studio,True,5,False,21,25.86
home,32849048,945.34,Gandaki,Kaski,Pokhara Metropolitan City,23,2,unfurnished,True,10,,False,4,False,17,70.99
room,44229,873.16,Bagmati,Lalitpur,Lalitpur Metropolitan City,13,1,fully-furnished,False,20,2bhk,False,5,False,2,71.22
room,45965,786.2,Bagmati,Kathmandu,Kathmandu Metropolitan City,16,1,semi-furnished,False,13,1bhk,False,1,False,16,43.07
room,19921,216.2,Bagmati,Bhaktapur,Bhaktapur Municipality,31,1,fully-furnished,True,16,single,False,1,False,17,45.33
room,37909,454.43,Koshi,Jhapa,Birtamode Municipality,20,1,semi-furnished,False,10,2bhk,True,3,False,17,36.62
room,10709,882.5,Gandaki,Kaski,Pokhara Metropolitan City,25,2,unfurnished,True,10,studio,True,2,False,10,58.67
room,14770,903.08,Bagmati,Bhaktapur,Bhaktapur Municipality,17,0,unfurnished,True,13,shared,False,2,False,20,46.37
land,30390957,2518.13,Bagmati,Chitwan,Bharatpur Metropolitan City,10,0,,False,16,,False,0,False,0,38.55
land,24010150,4783.56,Koshi,Jhapa,Birtamode Municipality,17,0,,False,20,,False,0,False,0,52.31
room,21132,131.86,Koshi,Jhapa,Birtamode Municipality,31,2,semi-furnished,True,13,shared,True,2,False,0,34.34
room,22740,865.31,Koshi,Jhapa,Birtamode Municipality,18,1,semi-furnished,True,13,double,False,1,False,22,38.2
office,136605,1922.58,Gandaki,Kaski,Pokhara Metropolitan City,5,0,unfurnished,False,10,,False,2,True,38,32.82
room,9976,580.15,Bagmati,Lalitpur,Lalitpur Metropolitan City,27,1,fully-furnished,True,10,double,False,2,False,23,62.02
room,43980,353.55,Koshi,Jhapa,Birtamode Municipality,29,2,fully-furnished,False,16,2bhk,False,3,False,9,54.92
office,148799,473.96,Bagmati,Bhaktapur,Bhaktapur Municipality,15,0,unfurnished,True,16,,False,2,True,4,45.0
land,22461138,1965.6,Bagmati,Kathmandu,Kathmandu Metropolitan City,9,0,,False,20,,False,0,False,0,48.17
room,27484,645.4,Bagmati,Kathmandu,Kathmandu Metropolitan City,26,1,fully-furnished,True,20,studio,False,5,False,20,52.89
land,7669217,1801.56,Bagmati,Kathmandu,Kathmandu Metropolitan City,18,0,,False,30,,False,0,False,0,68.46
land,15907887,1429.06,Bagmati,Kathmandu,Kathmandu Metropolitan City,29,0,,False,25,,False,0,False,0,64.9
room,26561,999.27,Bagmati,Lalitpur,Lalitpur Metropolitan City,12,1,fully-furnished,False,13,single,False,1,False,4,66.8
land,21421193,872.43,Bagmati,Lalitpur,Lalitpur Metropolitan City,30,0,,False,25,,False,0,False,0,67.5
land,27861713,4143.07,Gandaki,Kaski,Pokhara Metropolitan City,2,0,,False,30,,False,0,False,0,69.02
home,40043831,2330.62,Bagmati,Kathmandu,Kathmandu Metropolitan City,6,5,semi-furnished,False,0,,False,4,False,26,62.15
office,66887,4843.33,Bagmati,Kathmandu,Kathmandu Metropolitan City,29,0,unfurnished,True,13,,False,2,False,33,28.3
room,9377,398.92,Gandaki,Kaski,Pokhara Metropolitan City,5,1,fully-furnished,False,10,studio,False,1,False,21,37.88
land,39230938,4047.28,Bagmati,Bhaktapur,Bhaktapur Municipality,22,0,,False,16,,False,0,False,0,60.76
land,8319899,1225.31,Bagmati,Lalitpur,Lalitpur Metropolitan City,22,0,,False,25,,False,0,False,0,59.71
home,22183533,4353.49,Koshi,Jhapa,Birtamode Municipality,31,2,semi-furnished,True,13,,False,1,False,2,63.96
land,3699108,4842.99,Koshi,Jhapa,Birtamode Municipality,27,0,,False,25,,False,0,False,0,44.82
office,65581,4751.12,Bagmati,Chitwan,Bharatpur Metropolitan City,12,0,fully-furnished,True,30,,False,1,False,12,48.98
land,32441435,1326.19,Lumbini,Rupandehi,Butwal Sub-Metropolitan City,12,0,,False,10,,False,0,False,0,48.22
land,14864799,2079.79,Koshi,Morang,Biratnagar Metropolitan City,20,0,,False,13,,False,0,False,0,50.88
office,76166,3776.54,Bagmati,Kathmandu,Kathmandu Metropolitan City,3,0,unfurnished,True,13,,False,4,True,26,40.42
land,42078828,4667.85,Bagmati,Kathmandu,Kathmandu Metropolitan City,1,0,,False,25,,False,0,False,0,58.21
land,21044908,4758.85,Gandaki,Kaski,Pokhara Metropolitan City,7,0,,False,30,,False,0,False,0,51.43
land,44898247,1408.39,Bagmati,Kathmandu,Kathmandu Metropolitan City,8,0,,False,16,,False,0,False,0,68.25
home,35028824,2968.66,Bagmati,Lalitpur,Lalitpur Metropolitan City,12,3,unfurnished,True,13,,False,3,False,39,53.6
room,27520,672.33,Bagmati,Bhaktapur,Bhaktapur Municipality,17,1,fully-furnished,True,16,studio,False,2,False,15,65.53
office,137209,4247.28,Gandaki,Kaski,Pokhara Metropolitan City,26,0,semi-furnished,True,0,,False,1,False,4,58.42
home,23192522,1423.34,Bagmati,Bhaktapur,Bhaktapur Municipality,30,2,fully-furnished,False,16,,False,4,False,31,61.66
home,39064376,2713.17,Sudurpashchim,Kailali,Dhangadhi Sub-Metropolitan City,25,1,fully-furnished,False,0,,False,2,False,16,40.35
home,19695625,1149.63,Bagmati,Kathmandu,Kathmandu Metropolitan City,23,2,unfurnished,True,13,,False,4,False,36,38.71
land,32009318,3588.88,Bagmati,Bhaktapur,Bhaktapur Municipality,12,0,,False,16,,False,0,False,0,38.92
office,78486,375.91,Bagmati,Lalitpur,Lalitpur Metropolitan City,11,0,fully-furnished,False,25,,False,2,True,24,43.11
land,31405166,4789.75,Koshi,Jhapa,Birtamode Municipality,27,0,,False,30,,False,0,False,0,65.0
land,3110430,3085.11,Bagmati,Lalitpur,Lalitpur Metropolitan City,2,0,,False,25,,False,0,False,0,58.21
land,48070941,3530.64,Gandaki,Kaski,Pokhara Metropolitan City,12,0,,False,16,,False,0,False,0,57.14
office,22705,3859.83,Koshi,Jhapa,Birtamode Municipality,14,0,unfurnished,False,10,,False,4,True,37,8.22
land,30139004,2381.49,Koshi,Morang,Biratnagar Metropolitan City,26,0,,False,25,,False,0,False,0,44.73
office,64612,4022.61,Lumbini,Rupandehi,Butwal Sub-Metropolitan City,1,0,semi-furnished,True,20,,False,1,True,21,56.03
land,44992264,885.12,Bagmati,Kathmandu,Kathmandu Metropolitan City,14,0,,False,20,,False,0,False,0,62.55
room,46701,722.66,Bagmati,Bhaktapur,Bhaktapur Municipality,4,0,semi-furnished,False,16,shared,False,1,False,18,40.07
land,31036749,1823.37,Bagmati,Chitwan,Bharatpur Metropolitan City,9,0,,False,0,,False,0,False,0,47.63
land,15083521,755.26,Koshi,Jhapa,Birtamode Municipality,24,0,,False,20,,False,0,False,0,63.69
office,35420,733.4,Bagmati,Kathmandu,Kathmandu Metropolitan City,26,0,unfurnished,True,25,,False,5,True,26,49.91
room,14139,313.31,Lumbini,Rupandehi,Butwal Sub-Metropolitan City,1,2,semi-furnished,False,20,2bhk,True,1,False,24,40.01
office,23052,1864.35,Lumbini,Rupandehi,Butwal Sub-Metropolitan City,29,0,unfurnished,True,13,,False,4,False,21,40.86
land,26784442,4219.66,Gandaki,Kaski,Pokhara Metropolitan City,22,0,,False,25,,False,0,False,0,78.5
home,41130084,1020.24,Bagmati,Bhaktapur,Bhaktapur Municipality,21,2,unfurnished,False,0,,False,2,False,37,24.47
home,42259878,2881.95,Bagmati,Kathmandu,Kathmandu Metropolitan City,28,4,semi-furnished,False,16,,False,4,False,23,72.61
room,24274,899.75,Gandaki,Kaski,Pokhara Metropolitan City,5,1,unfurnished,False,13,double,True,4,False,0,49.97
land,39620670,943.9,Sudurpashchim,Kailali,Dhangadhi Sub-Metropolitan City,11,0,,False,0,,False,0,False,0,44.13
home,5143068,3067.05,Bagmati,Kathmandu,Kathmandu Metropolitan City,32,1,fully-furnished,True,25,,False,2,False,0,75.78
home,11498617,1879.75,Sudurpashchim,Kailali,Dhangadhi Sub-Metropolitan City,16,4,fully-furnished,True,20,,False,4,False,22,66.54
room,34121,897.96,Lumbini,Rupandehi,Butwal Sub-Metropolitan City,8,0,unfurnished,True,16,studio,False,3,False,8,50.39
room,26935,805.67,Bagmati,Kathmandu,Kathmandu Metropolitan City,15,2,unfurnished,True,16,2bhk,True,2,False,22,78.09
office,33717,921.5,Bagmati,Bhaktapur,Bhaktapur Municipality,29,0,fully-furnished,False,13,,False,1,True,24,55.6
home,32666923,4375.99,Bagmati,Kathmandu,Kathmandu Metropolitan City,20,3,unfurnished,False,20,,False,2,False,5,60.01
